transaction_id,timestamp,amount_inr,payment_method,bank,failure_reason,day_of_month,customer_past_failures,customer_tenure_days,retry_delay_days_used,optimal_retry_delay_days,recovered
txn_000000,2026-05-12 15:46:46,1093.04,Credit Card,HDFC,otp_failure,12,1,467,1.2,0.0,True
txn_000001,2026-07-30 23:30:11,274.45,UPI,Axis,otp_failure,30,0,344,0.5,0.0,False
txn_000002,2025-06-23 08:56:59,418.46,Debit Card,ICICI,expired_card,23,1,561,1.0,,False
txn_000003,2026-06-10 14:35:33,417.49,Wallet,ICICI,insufficient_funds,10,1,687,1.0,3.99,False
txn_000004,2026-04-04 15:34:41,949.14,Netbanking,HDFC,network_error,4,2,601,3.3,0.0,False
txn_000005,2025-01-24 03:27:37,496.86,Credit Card,Axis,otp_failure,24,1,509,0.4,0.0,False
txn_000006,2025-06-30 17:06:48,441.84,Wallet,HDFC,fraud_block,30,1,772,7.0,,False
txn_000007,2026-03-12 22:21:58,827.69,Debit Card,IDFC,invalid_cvv,12,0,727,6.5,1.44,False
txn_000008,2025-06-21 05:18:39,1067.63,Netbanking,Kotak,bank_timeout,21,3,157,0.2,0.43,False
txn_000009,2025-01-06 01:08:44,1190.49,Debit Card,IDFC,otp_failure,6,1,231,4.9,0.49,False
txn_000010,2025-09-22 06:43:45,562.16,UPI,SBI,insufficient_funds,22,1,805,2.0,4.58,False
txn_000011,2025-06-17 05:44:21,618.93,UPI,ICICI,insufficient_funds,17,3,871,2.5,4.5,True
txn_000012,2025-03-14 00:54:28,572.19,Netbanking,ICICI,insufficient_funds,14,2,734,1.9,3.52,True
txn_000013,2025-10-06 19:51:38,161.0,UPI,Kotak,invalid_cvv,6,3,574,4.1,1.1,False
txn_000014,2025-02-03 17:58:29,391.6,Netbanking,ICICI,network_error,3,3,225,2.1,0.46,True
txn_000015,2025-10-22 00:23:32,278.58,Credit Card,Kotak,bank_timeout,22,2,664,0.8,0.0,False
txn_000016,2026-05-04 06:41:42,4386.06,Wallet,Yes Bank,expired_card,4,2,386,0.3,,False
txn_000017,2026-03-25 10:37:26,792.01,Debit Card,ICICI,invalid_cvv,25,0,2,0.1,1.24,False
txn_000018,2025-02-05 14:13:42,513.36,Debit Card,Kotak,insufficient_funds,5,0,684,1.6,3.62,True
txn_000019,2025-03-03 23:25:48,787.34,Debit Card,ICICI,expired_card,3,0,294,2.0,,False
txn_000020,2025-10-23 06:03:59,1196.14,UPI,PNB,insufficient_funds,23,1,326,3.9,5.1,False
txn_000021,2026-05-09 18:01:00,222.13,UPI,SBI,otp_failure,9,1,711,2.3,0.0,True
txn_000022,2025-10-15 12:40:24,1237.13,UPI,Axis,insufficient_funds,15,1,151,2.4,3.92,False
txn_000023,2026-06-05 12:58:14,355.81,UPI,ICICI,invalid_cvv,5,1,897,4.6,0.74,True
txn_000024,2026-04-19 03:01:29,862.54,Debit Card,Axis,expired_card,19,1,131,1.0,,False
txn_000025,2025-05-07 22:02:35,1453.64,Netbanking,IDFC,network_error,7,4,112,2.2,1.13,True
txn_000026,2025-07-29 16:11:31,1068.31,Wallet,Axis,otp_failure,29,0,161,1.4,0.0,True
txn_000027,2026-06-16 18:08:04,218.66,UPI,HDFC,otp_failure,16,1,688,0.9,0.0,True
txn_000028,2025-06-27 21:45:55,294.18,Credit Card,Yes Bank,invalid_cvv,27,2,226,2.1,1.43,False
txn_000029,2025-11-08 14:15:13,986.67,UPI,ICICI,insufficient_funds,8,1,192,0.4,3.89,False
txn_000030,2025-06-13 21:00:18,1358.32,Wallet,Yes Bank,insufficient_funds,13,5,161,0.4,4.36,False
txn_000031,2025-06-15 03:38:45,729.59,Netbanking,IDFC,otp_failure,15,1,288,0.9,0.0,False
txn_000032,2026-05-15 07:37:38,238.16,Netbanking,SBI,expired_card,15,1,246,0.7,,False
txn_000033,2025-07-25 17:43:27,1113.25,Debit Card,Axis,network_error,25,2,685,0.1,0.46,True
txn_000034,2026-03-13 00:39:37,381.48,Wallet,Kotak,network_error,13,0,354,1.7,0.14,True
txn_000035,2026-03-31 01:28:21,639.29,Netbanking,IDFC,bank_timeout,31,0,314,0.6,0.0,False
txn_000036,2025-10-09 04:06:10,90.78,Debit Card,SBI,network_error,9,0,620,0.2,0.41,True
txn_000037,2026-01-31 18:15:30,696.15,Netbanking,ICICI,bank_timeout,31,3,670,1.0,0.0,True
txn_000038,2025-02-06 14:18:46,3271.43,Credit Card,SBI,insufficient_funds,6,0,830,2.4,3.78,False
txn_000039,2026-05-03 08:26:31,200.28,Debit Card,IDFC,insufficient_funds,3,0,638,0.4,3.83,True
txn_000040,2026-04-09 05:52:12,799.4,Credit Card,IDFC,bank_timeout,9,1,861,0.6,0.39,True
txn_000041,2025-10-24 09:53:56,2361.17,Wallet,PNB,insufficient_funds,24,0,69,0.7,3.65,True
txn_000042,2026-02-15 23:24:22,384.04,UPI,HDFC,bank_timeout,15,1,758,0.1,0.65,True
txn_000043,2026-06-13 09:24:06,2810.94,Credit Card,Kotak,bank_timeout,13,2,792,5.8,0.0,False
txn_000044,2026-05-13 20:23:38,938.3,UPI,ICICI,network_error,13,2,691,2.0,0.66,True
txn_000045,2025-08-16 23:14:20,1098.2,Netbanking,SBI,insufficient_funds,16,0,12,0.0,4.53,True
txn_000046,2025-12-19 10:01:22,880.94,Credit Card,Kotak,insufficient_funds,19,1,602,0.6,3.69,True
txn_000047,2026-01-24 19:36:05,4681.06,Debit Card,ICICI,expired_card,24,1,729,0.7,,False
txn_000048,2026-05-01 16:26:25,639.01,UPI,Axis,insufficient_funds,1,3,96,5.3,3.89,True
txn_000049,2025-04-29 17:07:49,1995.75,UPI,SBI,fraud_block,29,1,273,1.4,,False
txn_000050,2026-02-23 22:45:13,141.88,Wallet,HDFC,insufficient_funds,23,0,445,0.2,3.58,False
txn_000051,2026-04-11 05:08:10,919.81,UPI,PNB,invalid_cvv,11,2,99,1.6,0.93,False
txn_000052,2025-01-16 03:04:22,472.2,Credit Card,Yes Bank,invalid_cvv,16,2,163,0.9,1.12,False
txn_000053,2025-08-27 20:28:43,1228.86,Debit Card,HDFC,insufficient_funds,27,0,653,1.0,4.68,True
txn_000054,2025-07-07 02:10:18,136.78,Wallet,ICICI,bank_timeout,7,2,327,2.8,0.14,False
txn_000055,2025-03-08 12:41:45,324.26,Netbanking,ICICI,fraud_block,8,1,858,1.1,,False
txn_000056,2026-02-18 18:21:45,537.3,Debit Card,SBI,insufficient_funds,18,1,660,0.3,4.64,True
txn_000057,2026-05-28 10:38:48,1437.79,Netbanking,SBI,bank_timeout,28,2,824,1.1,0.0,True
txn_000058,2025-07-25 21:00:49,1210.87,Wallet,IDFC,insufficient_funds,25,2,659,1.5,4.73,False
txn_000059,2025-06-14 12:12:16,1735.88,Wallet,Axis,bank_timeout,14,3,12,0.1,0.0,False
txn_000060,2026-07-08 18:19:55,525.92,UPI,IDFC,expired_card,8,0,676,0.9,,False
txn_000061,2026-06-06 17:09:08,311.33,UPI,PNB,invalid_cvv,6,3,724,0.6,1.08,False
txn_000062,2026-02-07 00:18:46,588.28,Netbanking,ICICI,bank_timeout,7,1,798,0.1,0.42,False
txn_000063,2025-07-12 13:17:44,617.94,Debit Card,ICICI,network_error,12,1,853,1.0,0.06,True
txn_000064,2025-09-20 14:22:18,861.49,Credit Card,Axis,insufficient_funds,20,0,511,0.1,4.62,True
txn_000065,2026-04-03 01:19:07,862.12,Debit Card,HDFC,invalid_cvv,3,5,78,0.6,1.15,False
txn_000066,2025-02-25 03:24:25,278.08,Credit Card,Axis,network_error,25,1,95,2.2,0.0,True
txn_000067,2025-02-22 08:25:59,3137.41,Credit Card,Yes Bank,bank_timeout,22,2,734,1.8,0.16,True
txn_000068,2025-02-25 00:52:36,48.97,Wallet,Axis,fraud_block,25,3,738,1.8,,False
txn_000069,2025-08-05 07:11:32,345.47,Netbanking,Axis,expired_card,5,2,166,4.8,,False
txn_000070,2026-02-23 20:02:56,828.88,Debit Card,PNB,otp_failure,23,3,852,7.8,0.0,True
txn_000071,2025-07-08 17:47:48,84.15,Netbanking,IDFC,otp_failure,8,0,883,1.2,0.01,True
txn_000072,2025-05-28 21:29:53,113.96,Credit Card,ICICI,otp_failure,28,0,696,4.1,0.8,True
txn_000073,2026-05-27 20:19:43,1061.86,Netbanking,Yes Bank,otp_failure,27,0,789,0.7,0.06,True
txn_000074,2025-11-26 00:04:40,597.63,Netbanking,PNB,insufficient_funds,26,1,813,0.2,3.48,True
txn_000075,2026-07-21 06:57:32,4742.18,Credit Card,ICICI,bank_timeout,21,0,48,0.6,0.0,True
txn_000076,2025-02-17 01:54:07,1229.26,Netbanking,Yes Bank,insufficient_funds,17,0,639,0.5,4.38,False
txn_000077,2025-03-26 20:55:20,806.01,Debit Card,Axis,otp_failure,26,0,699,2.5,0.85,True
txn_000078,2025-05-28 17:45:03,684.45,Wallet,PNB,bank_timeout,28,0,506,1.0,0.58,True
txn_000079,2025-04-19 21:11:14,892.18,Netbanking,SBI,insufficient_funds,19,2,126,4.4,3.76,True
txn_000080,2025-08-05 08:27:28,3594.43,Netbanking,Axis,fraud_block,5,1,111,1.6,,False
txn_000081,2025-02-28 13:16:34,1606.22,Netbanking,ICICI,bank_timeout,28,1,613,2.1,0.0,True
txn_000082,2025-02-09 07:02:05,1704.94,Wallet,HDFC,invalid_cvv,9,1,662,0.9,1.59,True
txn_000083,2025-03-14 10:32:38,638.23,Debit Card,SBI,insufficient_funds,14,1,137,1.5,4.14,True
txn_000084,2025-11-12 16:06:25,632.55,Netbanking,PNB,insufficient_funds,12,3,881,2.6,4.28,False
txn_000085,2025-06-16 00:32:18,1528.16,Netbanking,HDFC,bank_timeout,16,2,410,1.1,0.0,True
txn_000086,2025-05-08 21:03:30,697.91,Netbanking,HDFC,insufficient_funds,8,1,805,5.4,4.44,False
txn_000087,2025-10-31 05:59:20,123.36,UPI,PNB,expired_card,31,1,650,0.8,,False
txn_000088,2025-08-10 13:25:51,364.32,Netbanking,PNB,otp_failure,10,2,419,5.3,0.43,True
txn_000089,2025-05-01 05:37:19,964.05,Debit Card,Kotak,invalid_cvv,1,0,547,2.6,0.7,False
txn_000090,2025-06-19 02:14:19,1132.2,Credit Card,HDFC,fraud_block,19,1,851,1.5,,False
txn_000091,2025-09-01 14:01:02,1334.55,Credit Card,HDFC,expired_card,1,2,295,4.6,,False
txn_000092,2026-03-30 17:51:34,1350.09,Netbanking,SBI,bank_timeout,30,1,503,0.1,1.2,True
txn_000093,2025-02-14 04:18:43,847.27,Wallet,ICICI,bank_timeout,14,1,554,3.2,0.0,True
txn_000094,2025-05-25 08:01:42,1252.36,Credit Card,ICICI,network_error,25,1,97,3.0,1.34,True
txn_000095,2026-06-09 10:52:27,467.72,Debit Card,IDFC,otp_failure,9,2,159,1.2,0.0,True
txn_000096,2025-04-04 02:50:54,702.86,Wallet,Axis,bank_timeout,4,1,685,2.0,1.35,True
txn_000097,2026-03-26 15:50:00,1005.7,Wallet,HDFC,insufficient_funds,26,1,842,0.5,4.94,True
txn_000098,2026-04-27 02:06:29,124.03,Credit Card,IDFC,otp_failure,27,1,210,0.0,0.0,False
txn_000099,2026-05-26 14:19:26,3952.74,Wallet,Yes Bank,invalid_cvv,26,1,604,0.1,1.3,True
txn_000100,2025-07-22 13:01:29,478.53,Debit Card,Yes Bank,insufficient_funds,22,0,825,0.7,3.76,True
txn_000101,2025-07-05 09:25:43,1138.84,UPI,IDFC,expired_card,5,1,313,0.8,,True
txn_000102,2025-04-12 15:44:52,170.94,UPI,PNB,expired_card,12,2,210,5.0,,False
txn_000103,2025-09-03 13:58:12,426.89,Credit Card,HDFC,network_error,3,0,25,1.1,0.24,True
txn_000104,2025-12-22 23:03:40,527.98,Wallet,ICICI,bank_timeout,22,1,469,7.4,0.45,True
txn_000105,2025-02-26 21:40:43,6481.14,Wallet,Axis,network_error,26,1,327,0.1,0.0,True
txn_000106,2026-01-28 22:22:27,304.13,UPI,SBI,network_error,28,0,285,0.9,0.54,True
txn_000107,2025-09-29 01:59:46,900.64,Credit Card,Axis,expired_card,29,2,113,1.6,,False
txn_000108,2025-10-15 00:29:03,2135.6,UPI,SBI,insufficient_funds,15,0,55,0.9,4.42,False
txn_000109,2025-12-07 08:21:08,176.52,Wallet,Kotak,bank_timeout,7,0,476,4.0,0.71,False
txn_000110,2026-04-21 02:29:59,75.62,Wallet,HDFC,insufficient_funds,21,0,767,0.2,3.74,True
txn_000111,2026-06-03 17:52:20,1085.04,Wallet,Kotak,otp_failure,3,0,418,9.0,0.67,False
txn_000112,2026-05-31 06:27:43,1012.65,Credit Card,SBI,invalid_cvv,31,1,735,0.2,1.68,True
txn_000113,2025-07-25 10:00:07,1436.43,Credit Card,ICICI,network_error,25,0,548,2.4,0.31,True
txn_000114,2026-07-31 15:39:00,1405.26,Wallet,SBI,expired_card,31,1,119,2.0,,False
txn_000115,2025-07-31 12:56:19,2313.91,UPI,Axis,bank_timeout,31,0,500,3.0,0.0,False
txn_000116,2026-07-12 09:15:38,785.57,UPI,Axis,invalid_cvv,12,1,882,0.6,0.51,True
txn_000117,2026-06-18 23:52:31,5740.14,UPI,PNB,insufficient_funds,18,0,235,0.3,4.34,True
txn_000118,2025-07-15 01:14:21,895.43,Credit Card,ICICI,otp_failure,15,3,34,2.1,0.36,False
txn_000119,2026-05-08 15:55:08,416.07,Netbanking,Kotak,insufficient_funds,8,0,825,2.6,4.26,True
txn_000120,2025-02-04 05:50:12,1355.09,Credit Card,Yes Bank,bank_timeout,4,2,702,0.1,0.0,True
txn_000121,2025-04-12 14:39:18,1116.17,UPI,SBI,insufficient_funds,12,1,149,1.1,3.64,False
txn_000122,2026-07-30 17:32:44,837.56,Netbanking,IDFC,otp_failure,30,3,312,0.1,0.27,True
txn_000123,2026-03-12 16:03:42,1221.17,Credit Card,ICICI,insufficient_funds,12,1,482,1.3,3.24,False
txn_000124,2025-02-28 10:38:49,187.16,Debit Card,HDFC,bank_timeout,28,2,803,3.2,0.0,False
txn_000125,2025-10-14 18:41:05,224.13,Wallet,SBI,bank_timeout,14,1,817,6.0,0.56,True
txn_000126,2025-11-30 19:48:18,177.8,Debit Card,HDFC,bank_timeout,30,4,710,4.7,0.0,False
txn_000127,2025-08-28 10:21:07,2578.2,UPI,HDFC,insufficient_funds,28,1,16,0.4,4.51,False
txn_000128,2025-10-05 22:02:51,1507.92,Debit Card,Axis,insufficient_funds,5,1,688,1.1,4.07,True
txn_000129,2026-06-03 00:32:23,1282.91,Credit Card,Yes Bank,insufficient_funds,3,1,615,1.8,4.4,True
txn_000130,2026-03-11 20:59:06,430.74,Netbanking,SBI,insufficient_funds,11,1,183,1.7,3.85,True
txn_000131,2025-07-03 21:06:13,792.68,Debit Card,SBI,otp_failure,3,2,108,0.0,0.74,True
txn_000132,2025-11-17 05:43:29,722.19,Credit Card,SBI,invalid_cvv,17,2,477,1.3,1.53,True
txn_000133,2026-07-27 02:33:24,133.57,UPI,IDFC,expired_card,27,0,359,2.6,,False
txn_000134,2026-06-05 07:58:26,1173.63,Debit Card,Kotak,insufficient_funds,5,1,324,1.8,4.23,False
txn_000135,2025-05-04 15:39:46,518.15,Credit Card,IDFC,insufficient_funds,4,0,889,0.5,3.92,True
txn_000136,2025-01-31 01:52:44,291.32,Netbanking,Axis,network_error,31,2,153,0.1,0.77,True
txn_000137,2025-06-05 00:18:25,477.43,Netbanking,Yes Bank,insufficient_funds,5,1,107,0.5,4.28,True
txn_000138,2025-08-26 01:10:12,356.78,Debit Card,Axis,expired_card,26,0,47,1.5,,False
txn_000139,2025-01-19 09:08:13,1250.68,Debit Card,IDFC,insufficient_funds,19,1,145,3.4,5.23,True
txn_000140,2025-09-12 23:14:46,328.58,UPI,ICICI,bank_timeout,12,2,617,0.6,0.0,True
txn_000141,2025-08-05 19:16:01,363.35,UPI,IDFC,network_error,5,0,463,1.6,0.18,True
txn_000142,2026-06-12 19:08:08,557.27,Wallet,Yes Bank,expired_card,12,0,176,0.2,,False
txn_000143,2025-01-22 10:30:40,299.38,Credit Card,Kotak,insufficient_funds,22,1,593,4.3,4.45,True
txn_000144,2025-05-19 16:44:43,689.45,Wallet,Kotak,bank_timeout,19,3,216,2.1,0.51,False
txn_000145,2025-01-30 17:09:57,1104.64,Credit Card,IDFC,otp_failure,30,3,747,1.3,0.0,False
txn_000146,2025-09-26 12:04:29,1260.03,UPI,IDFC,network_error,26,0,258,1.4,0.3,False
txn_000147,2026-04-16 20:33:07,696.76,Wallet,ICICI,otp_failure,16,0,700,3.4,0.0,True
txn_000148,2025-10-27 04:33:47,340.21,Wallet,Axis,insufficient_funds,27,2,335,0.2,4.09,False
txn_000149,2025-07-17 20:22:18,1000.76,Credit Card,IDFC,insufficient_funds,17,0,17,2.5,3.65,False
txn_000150,2025-01-02 07:31:39,638.06,Wallet,Axis,insufficient_funds,2,3,763,2.8,3.93,True
txn_000151,2025-10-10 21:34:49,86.9,Netbanking,ICICI,fraud_block,10,2,285,0.2,,False
txn_000152,2026-05-31 22:17:16,727.02,UPI,Yes Bank,network_error,31,0,800,2.3,0.78,True
txn_000153,2026-05-31 06:26:19,184.88,Credit Card,Kotak,invalid_cvv,31,0,604,4.8,1.44,False
txn_000154,2026-01-29 21:26:55,471.69,UPI,IDFC,expired_card,29,1,162,0.1,,False
txn_000155,2025-09-11 08:29:24,3131.32,Netbanking,Kotak,otp_failure,11,2,584,0.5,0.86,True
txn_000156,2026-03-07 14:59:51,55.63,Debit Card,Axis,insufficient_funds,7,1,536,1.9,3.96,False
txn_000157,2025-11-23 13:41:15,2807.69,Netbanking,SBI,insufficient_funds,23,0,236,1.6,3.71,True
txn_000158,2026-04-24 02:01:46,418.05,Wallet,Kotak,otp_failure,24,1,584,1.2,0.0,True
txn_000159,2025-11-12 09:47:23,58.92,Wallet,HDFC,otp_failure,12,0,301,6.1,0.18,False
txn_000160,2025-08-25 00:38:22,1063.28,UPI,Axis,otp_failure,25,0,588,0.3,1.25,False
txn_000161,2025-11-30 21:41:45,650.28,Wallet,Yes Bank,otp_failure,30,1,865,0.2,0.0,True
txn_000162,2025-12-28 04:00:29,610.25,Netbanking,PNB,insufficient_funds,28,1,871,2.4,4.18,True
txn_000163,2026-06-09 18:36:16,759.59,Debit Card,PNB,insufficient_funds,9,3,553,4.1,4.45,False
txn_000164,2026-07-26 15:18:56,1255.35,Debit Card,ICICI,expired_card,26,1,84,1.8,,False
txn_000165,2025-08-09 10:09:43,601.35,Wallet,Yes Bank,insufficient_funds,9,0,14,0.1,4.75,True
txn_000166,2025-03-14 12:51:48,346.74,Debit Card,Kotak,network_error,14,0,567,2.7,0.0,True
txn_000167,2025-06-24 11:36:19,552.22,Debit Card,SBI,insufficient_funds,24,0,723,11.2,4.52,True
txn_000168,2025-01-19 23:19:20,690.91,Credit Card,Axis,insufficient_funds,19,1,207,1.2,4.06,True
txn_000169,2026-01-05 01:11:00,991.5,Wallet,ICICI,otp_failure,5,1,364,1.4,0.37,False
txn_000170,2025-12-20 17:34:21,1723.81,Netbanking,Axis,bank_timeout,20,0,866,4.1,1.57,True
txn_000171,2026-07-12 22:56:18,559.68,Netbanking,PNB,insufficient_funds,12,2,237,3.6,4.44,False
txn_000172,2025-11-07 10:04:09,1407.12,Debit Card,SBI,bank_timeout,7,2,2,3.9,0.0,True
txn_000173,2026-05-25 13:48:27,127.68,Credit Card,ICICI,network_error,25,1,84,0.4,0.17,True
txn_000174,2025-11-27 05:17:58,967.08,Debit Card,SBI,insufficient_funds,27,1,424,1.0,3.96,False
txn_000175,2026-06-25 12:44:08,308.91,Wallet,PNB,network_error,25,1,605,3.5,0.0,True
txn_000176,2025-02-09 00:08:18,140.25,Wallet,Axis,otp_failure,9,1,284,2.7,0.0,True
txn_000177,2025-04-05 06:17:17,482.2,Netbanking,SBI,network_error,5,3,882,0.3,1.24,False
txn_000178,2025-12-27 21:34:39,192.99,Wallet,Yes Bank,insufficient_funds,27,0,161,0.1,4.31,False
txn_000179,2025-12-10 18:09:59,764.59,Wallet,IDFC,network_error,10,1,178,1.5,0.43,True
txn_000180,2026-03-02 13:04:24,319.68,Netbanking,SBI,insufficient_funds,2,1,358,0.4,4.25,False
txn_000181,2026-01-04 16:34:22,1587.74,Netbanking,Kotak,invalid_cvv,4,2,648,2.9,1.25,False
txn_000182,2025-07-12 00:52:57,811.02,UPI,PNB,network_error,12,4,220,1.9,0.07,True
txn_000183,2026-05-02 19:26:15,1483.96,Debit Card,Kotak,invalid_cvv,2,1,159,4.2,0.8,False
txn_000184,2025-12-08 15:49:10,123.37,Credit Card,Kotak,otp_failure,8,3,331,0.7,0.0,True
txn_000185,2025-07-02 03:16:37,174.07,UPI,Yes Bank,otp_failure,2,2,605,0.5,0.63,True
txn_000186,2025-09-06 07:49:05,182.52,Wallet,ICICI,insufficient_funds,6,2,777,4.0,3.7,True
txn_000187,2025-04-18 11:28:46,54.63,Debit Card,Axis,insufficient_funds,18,1,304,1.5,5.15,False
txn_000188,2025-10-25 12:17:43,2655.19,Debit Card,Axis,network_error,25,2,407,4.5,0.48,True
txn_000189,2025-02-19 21:18:45,203.02,Netbanking,IDFC,insufficient_funds,19,1,334,0.6,4.77,False
txn_000190,2025-09-15 00:04:34,247.5,Wallet,PNB,network_error,15,1,420,1.0,0.0,True
txn_000191,2025-11-19 22:35:36,230.76,Credit Card,Axis,network_error,19,1,312,0.4,0.23,True
txn_000192,2025-11-23 08:02:34,576.03,Netbanking,HDFC,insufficient_funds,23,2,559,1.8,4.4,False
txn_000193,2026-03-24 03:38:45,698.45,Netbanking,PNB,insufficient_funds,24,0,10,0.9,4.02,True
txn_000194,2025-01-05 13:54:39,793.55,UPI,Kotak,bank_timeout,5,0,580,3.5,0.23,True
txn_000195,2025-10-30 21:52:40,4103.41,Netbanking,Axis,insufficient_funds,30,1,242,0.5,3.59,True
txn_000196,2026-01-15 05:15:25,613.84,Debit Card,Kotak,bank_timeout,15,0,805,1.9,0.65,True
txn_000197,2025-12-05 12:34:17,143.03,Netbanking,HDFC,expired_card,5,1,770,1.8,,False
txn_000198,2025-10-30 00:49:25,869.35,UPI,IDFC,otp_failure,30,1,753,0.8,0.24,True
txn_000199,2026-07-17 11:43:09,2217.35,Debit Card,PNB,expired_card,17,2,741,0.4,,False
txn_000200,2025-04-10 03:09:16,221.23,Wallet,HDFC,expired_card,10,0,561,2.2,,False
txn_000201,2025-11-03 01:04:11,326.59,Wallet,HDFC,insufficient_funds,3,1,712,1.5,3.41,True
txn_000202,2025-03-07 04:53:38,193.74,Netbanking,SBI,otp_failure,7,3,798,1.7,0.71,True
txn_000203,2025-12-25 14:40:58,1331.96,Debit Card,HDFC,insufficient_funds,25,1,55,0.9,4.55,False
txn_000204,2025-07-22 01:39:54,1223.09,Netbanking,Yes Bank,invalid_cvv,22,0,348,0.0,1.43,False
txn_000205,2025-06-14 09:38:01,1428.09,Netbanking,Yes Bank,insufficient_funds,14,1,406,2.8,4.07,True
txn_000206,2025-09-20 03:27:58,571.08,Netbanking,Kotak,fraud_block,20,1,481,0.8,,False
txn_000207,2025-11-24 10:32:16,143.1,UPI,ICICI,insufficient_funds,24,2,666,1.5,3.4,False
txn_000208,2026-01-01 07:09:17,661.12,Credit Card,HDFC,invalid_cvv,1,1,239,1.6,1.42,False
txn_000209,2025-09-29 19:44:01,2910.69,Debit Card,ICICI,bank_timeout,29,1,7,0.2,0.64,True
txn_000210,2026-05-22 05:35:14,202.77,Credit Card,HDFC,otp_failure,22,2,537,1.3,0.0,True
txn_000211,2025-07-12 01:41:41,1656.35,Debit Card,HDFC,insufficient_funds,12,2,483,0.3,3.2,True
txn_000212,2026-04-28 14:32:10,361.58,Debit Card,Axis,insufficient_funds,28,0,580,3.0,3.91,True
txn_000213,2025-04-09 00:55:46,847.14,Netbanking,ICICI,invalid_cvv,9,1,447,0.5,0.52,False
txn_000214,2026-03-15 01:09:17,3074.05,Debit Card,PNB,insufficient_funds,15,0,467,0.5,4.61,True
txn_000215,2026-06-28 06:58:19,3427.16,UPI,Yes Bank,otp_failure,28,0,83,0.2,0.0,True
txn_000216,2025-05-11 07:48:58,327.3,Wallet,ICICI,insufficient_funds,11,2,552,1.9,4.43,False
txn_000217,2025-05-08 04:48:57,1719.1,UPI,ICICI,bank_timeout,8,1,628,2.1,0.0,True
txn_000218,2026-03-26 11:27:55,972.98,Credit Card,Kotak,bank_timeout,26,0,598,0.6,0.0,False
txn_000219,2026-03-24 05:37:44,527.07,Netbanking,IDFC,fraud_block,24,2,65,3.6,,False
txn_000220,2026-07-10 08:50:24,233.58,Debit Card,ICICI,otp_failure,10,0,173,0.9,0.46,True
txn_000221,2026-04-05 21:30:14,179.82,Debit Card,ICICI,bank_timeout,5,0,629,0.3,0.68,True
txn_000222,2026-06-26 12:37:10,280.65,UPI,ICICI,bank_timeout,26,1,422,6.3,0.33,True
txn_000223,2026-03-16 13:44:50,785.76,Credit Card,Yes Bank,network_error,16,0,97,0.1,0.16,False
txn_000224,2026-02-18 19:05:28,1671.29,Netbanking,Yes Bank,otp_failure,18,3,855,0.3,0.09,False
txn_000225,2025-02-23 13:26:48,3722.42,Wallet,Yes Bank,otp_failure,23,0,505,2.2,0.0,False
txn_000226,2025-01-10 19:51:11,730.83,Netbanking,PNB,insufficient_funds,10,1,366,7.1,3.46,False
txn_000227,2025-03-23 23:23:13,112.32,Netbanking,Yes Bank,bank_timeout,23,1,138,0.2,0.4,True
txn_000228,2026-05-09 16:09:54,2467.99,Netbanking,SBI,expired_card,9,0,561,0.6,,False
txn_000229,2025-12-05 06:04:07,1740.97,Debit Card,Kotak,expired_card,5,0,859,1.8,,False
txn_000230,2026-04-24 09:26:18,630.9,Wallet,PNB,bank_timeout,24,3,783,1.8,0.0,True
txn_000231,2025-12-28 01:52:30,305.21,Netbanking,Kotak,bank_timeout,28,1,414,2.3,0.0,False
txn_000232,2025-09-08 08:11:34,663.41,Debit Card,ICICI,invalid_cvv,8,1,39,5.0,1.42,False
txn_000233,2025-08-05 15:35:57,294.82,Netbanking,Axis,bank_timeout,5,4,598,0.6,0.96,False
txn_000234,2025-12-27 22:47:37,898.02,Wallet,IDFC,insufficient_funds,27,1,562,1.4,4.25,True
txn_000235,2025-09-19 06:53:15,1371.44,Credit Card,PNB,bank_timeout,19,1,703,0.3,0.18,True
txn_000236,2025-09-10 10:42:11,282.5,Debit Card,PNB,network_error,10,1,186,0.6,0.1,True
txn_000237,2025-06-14 18:12:02,284.14,UPI,Kotak,network_error,14,0,10,3.4,0.97,True
txn_000238,2025-09-22 08:22:33,1711.62,UPI,Kotak,expired_card,22,1,234,0.1,,False
txn_000239,2026-03-08 16:41:44,303.42,Credit Card,Axis,invalid_cvv,8,1,755,1.3,1.32,False
txn_000240,2025-03-08 11:56:28,227.86,Debit Card,IDFC,expired_card,8,2,154,1.1,,False
txn_000241,2026-01-15 11:45:04,669.05,Wallet,Axis,otp_failure,15,0,38,0.4,0.0,True
txn_000242,2026-06-21 09:53:28,126.31,Netbanking,PNB,network_error,21,2,698,1.6,1.02,True
txn_000243,2025-12-15 02:34:44,1730.98,Credit Card,ICICI,network_error,15,0,60,2.0,0.43,True
txn_000244,2025-08-17 12:56:55,293.7,Debit Card,IDFC,otp_failure,17,1,868,1.2,0.0,True
txn_000245,2026-06-22 07:50:50,274.23,Debit Card,Kotak,bank_timeout,22,0,628,3.2,0.49,True
txn_000246,2026-05-31 17:06:42,1607.15,Wallet,Yes Bank,expired_card,31,0,198,3.1,,False
txn_000247,2026-01-03 14:12:53,530.34,Wallet,Yes Bank,network_error,3,1,400,1.7,0.0,True
txn_000248,2025-11-27 11:57:57,1363.75,Wallet,Yes Bank,bank_timeout,27,3,547,4.1,0.94,True
txn_000249,2025-10-01 06:13:24,459.97,Netbanking,Kotak,network_error,1,1,582,0.1,0.4,True
txn_000250,2025-08-27 03:52:00,505.61,UPI,Axis,invalid_cvv,27,1,408,0.7,0.5,True
txn_000251,2025-04-04 17:11:19,276.45,Debit Card,Yes Bank,network_error,4,0,848,1.1,0.0,True
txn_000252,2025-04-03 20:39:42,411.5,Wallet,SBI,insufficient_funds,3,1,850,0.3,4.36,False
txn_000253,2025-05-29 18:34:57,58.9,Debit Card,PNB,expired_card,29,1,760,0.3,,False
txn_000254,2025-08-03 18:19:35,1610.09,Wallet,Kotak,network_error,3,2,142,8.0,0.6,True
txn_000255,2025-03-20 01:56:32,189.75,Debit Card,Kotak,insufficient_funds,20,1,857,6.8,3.7,False
txn_000256,2025-06-26 16:35:36,3392.5,UPI,SBI,insufficient_funds,26,3,28,0.1,4.19,False
txn_000257,2025-08-23 18:40:34,4070.43,Credit Card,SBI,insufficient_funds,23,1,853,2.2,3.9,True
txn_000258,2025-08-02 01:32:01,577.27,Credit Card,HDFC,network_error,2,2,294,1.2,0.0,False
txn_000259,2026-03-06 19:21:31,299.11,UPI,SBI,insufficient_funds,6,1,214,0.3,3.51,True
txn_000260,2026-05-11 10:45:07,1053.1,Netbanking,ICICI,insufficient_funds,11,3,66,1.2,4.04,True
txn_000261,2025-01-10 12:38:37,1605.65,Wallet,Kotak,bank_timeout,10,0,436,1.0,0.04,True
txn_000262,2025-12-31 14:11:35,276.67,Netbanking,PNB,insufficient_funds,31,0,8,3.1,4.94,True
txn_000263,2025-09-22 15:13:08,1958.72,Debit Card,HDFC,fraud_block,22,2,554,1.6,,False
txn_000264,2025-07-16 02:32:17,972.7,Netbanking,ICICI,expired_card,16,1,486,0.5,,True
txn_000265,2025-02-20 18:05:23,217.32,Netbanking,PNB,insufficient_funds,20,2,260,6.9,3.57,False
txn_000266,2025-02-27 12:59:30,2084.71,Wallet,HDFC,invalid_cvv,27,1,670,0.4,0.91,False
txn_000267,2025-04-28 20:23:47,1782.42,Debit Card,Kotak,insufficient_funds,28,0,537,0.1,3.75,True
txn_000268,2025-03-08 03:53:13,1162.92,Debit Card,ICICI,expired_card,8,2,486,2.5,,False
txn_000269,2026-03-10 11:14:07,490.95,Netbanking,Axis,network_error,10,1,226,4.2,0.0,False
txn_000270,2026-02-10 21:27:29,131.11,Netbanking,PNB,insufficient_funds,10,0,417,0.3,4.08,True
txn_000271,2025-12-10 20:55:03,342.85,UPI,IDFC,otp_failure,10,2,837,3.7,0.0,False
txn_000272,2025-08-26 04:42:01,407.85,Wallet,HDFC,expired_card,26,0,47,3.9,,False
txn_000273,2026-04-19 12:20:37,895.44,Credit Card,Axis,insufficient_funds,19,1,191,4.0,3.7,True
txn_000274,2026-05-01 20:26:43,197.85,Debit Card,Kotak,insufficient_funds,1,2,460,3.3,4.43,True
txn_000275,2026-05-28 23:16:22,940.28,Credit Card,SBI,insufficient_funds,28,0,354,1.2,4.07,True
txn_000276,2025-07-06 07:24:39,1999.39,Debit Card,ICICI,expired_card,6,1,596,1.1,,True
txn_000277,2025-05-02 13:58:46,980.68,Credit Card,IDFC,invalid_cvv,2,4,73,3.5,0.65,False
txn_000278,2025-12-16 21:59:51,1286.11,Wallet,PNB,insufficient_funds,16,2,286,1.7,3.81,True
txn_000279,2025-08-15 05:28:00,1525.32,Credit Card,Axis,insufficient_funds,15,0,334,0.1,3.72,False
txn_000280,2025-08-12 18:39:51,1720.39,UPI,PNB,network_error,12,0,695,3.6,1.06,True
txn_000281,2025-02-25 06:53:12,380.65,Debit Card,Kotak,insufficient_funds,25,2,304,1.8,3.15,False
txn_000282,2026-05-01 11:55:32,867.1,Wallet,Axis,network_error,1,2,431,4.8,0.52,True
txn_000283,2025-11-27 05:09:53,216.93,Credit Card,Axis,expired_card,27,0,406,2.0,,False
txn_000284,2026-05-19 00:47:10,595.89,Debit Card,Kotak,bank_timeout,19,1,455,0.5,0.0,True
txn_000285,2025-04-21 11:28:35,262.2,Credit Card,HDFC,bank_timeout,21,1,262,0.0,0.15,False
txn_000286,2025-05-09 21:01:29,415.9,UPI,Kotak,network_error,9,0,362,0.8,0.0,False
txn_000287,2025-12-08 02:24:49,612.1,Credit Card,PNB,otp_failure,8,0,824,1.5,0.2,True
txn_000288,2026-06-19 21:53:17,887.79,UPI,IDFC,expired_card,19,1,704,0.7,,False
txn_000289,2025-07-31 11:02:12,566.72,Wallet,PNB,insufficient_funds,31,1,819,1.7,4.34,False
txn_000290,2025-12-07 00:25:00,623.86,Credit Card,HDFC,invalid_cvv,7,0,168,1.1,0.7,False
txn_000291,2025-12-02 13:35:52,868.81,UPI,Kotak,otp_failure,2,1,103,2.6,0.3,False
txn_000292,2025-01-21 02:09:23,1496.23,Credit Card,Axis,insufficient_funds,21,1,324,1.2,4.27,True
txn_000293,2026-06-08 17:49:57,273.65,Wallet,HDFC,bank_timeout,8,1,378,2.8,0.0,True
txn_000294,2026-06-07 04:14:13,3952.4,UPI,HDFC,otp_failure,7,2,563,1.9,0.0,False
txn_000295,2025-05-17 01:47:30,974.12,Netbanking,PNB,insufficient_funds,17,1,350,0.0,4.32,True
txn_000296,2025-08-05 01:12:51,121.86,Debit Card,IDFC,bank_timeout,5,1,213,0.5,0.0,False
txn_000297,2026-05-09 01:14:41,2529.57,Netbanking,ICICI,insufficient_funds,9,2,429,0.7,3.93,True
txn_000298,2026-01-01 01:37:43,509.91,UPI,IDFC,fraud_block,1,3,360,0.0,,False
txn_000299,2025-09-16 21:19:07,2788.96,UPI,ICICI,expired_card,16,0,380,0.9,,False
txn_000300,2025-05-05 21:59:33,516.33,UPI,IDFC,insufficient_funds,5,2,669,1.0,3.39,True
txn_000301,2026-06-23 19:00:52,1029.08,Netbanking,Kotak,insufficient_funds,23,3,486,2.3,4.66,False
txn_000302,2026-05-30 15:27:08,635.26,Netbanking,HDFC,insufficient_funds,30,2,155,5.2,3.43,True
txn_000303,2025-12-20 06:34:10,113.6,Credit Card,Yes Bank,expired_card,20,0,245,4.6,,False
txn_000304,2025-07-16 01:03:20,155.87,UPI,ICICI,insufficient_funds,16,1,87,10.5,3.57,True
txn_000305,2025-11-10 22:22:08,731.43,Wallet,HDFC,otp_failure,10,0,109,3.0,0.04,False
txn_000306,2026-05-26 19:40:41,989.54,Wallet,PNB,bank_timeout,26,0,821,1.2,0.0,False
txn_000307,2025-11-17 23:29:35,277.71,Credit Card,Axis,insufficient_funds,17,0,383,6.8,3.01,True
txn_000308,2026-02-07 16:24:38,1405.17,UPI,PNB,bank_timeout,7,0,483,3.4,0.42,True
txn_000309,2026-05-01 18:27:50,345.82,Netbanking,HDFC,otp_failure,1,0,214,1.9,0.0,True
txn_000310,2025-06-08 02:36:02,185.71,UPI,SBI,insufficient_funds,8,1,659,1.8,3.16,True
txn_000311,2025-08-12 17:15:08,2084.24,Netbanking,PNB,bank_timeout,12,0,758,0.3,0.0,True
txn_000312,2025-04-05 07:32:46,1592.67,Credit Card,Axis,network_error,5,1,147,0.2,0.17,True
txn_000313,2026-07-06 07:18:39,3434.16,Debit Card,Kotak,expired_card,6,1,216,1.9,,False
txn_000314,2026-03-04 20:23:00,532.81,Credit Card,IDFC,otp_failure,4,2,687,1.7,0.39,False
txn_000315,2025-03-14 09:32:43,2134.11,Debit Card,ICICI,network_error,14,0,806,0.1,0.1,True
txn_000316,2025-12-25 10:00:43,1612.37,Credit Card,SBI,invalid_cvv,25,0,835,0.3,1.39,False
txn_000317,2026-01-23 02:23:33,251.73,UPI,Kotak,network_error,23,0,696,3.2,0.0,True
txn_000318,2025-11-19 17:18:04,2228.91,Netbanking,PNB,insufficient_funds,19,0,648,2.1,3.28,False
txn_000319,2025-07-09 07:28:24,1193.33,Netbanking,SBI,otp_failure,9,0,265,0.7,0.27,False
txn_000320,2025-10-25 22:33:41,1064.57,Debit Card,SBI,otp_failure,25,2,83,0.7,0.0,True
txn_000321,2025-02-24 05:21:15,665.94,UPI,IDFC,fraud_block,24,1,450,2.2,,False
txn_000322,2025-09-21 23:44:01,293.8,Wallet,Kotak,insufficient_funds,21,2,632,4.7,3.87,True
txn_000323,2025-01-02 23:49:11,89.67,UPI,Kotak,insufficient_funds,2,3,313,0.4,4.34,False
txn_000324,2026-04-01 21:18:43,998.33,Wallet,PNB,bank_timeout,1,2,882,2.5,0.34,True
txn_000325,2025-04-26 10:01:09,1102.65,Netbanking,PNB,bank_timeout,26,1,471,1.0,0.38,True
txn_000326,2025-09-26 01:34:35,1498.53,UPI,IDFC,insufficient_funds,26,1,241,0.1,4.48,False
txn_000327,2025-12-20 16:14:19,236.78,UPI,Axis,insufficient_funds,20,1,325,0.2,4.09,False
txn_000328,2026-06-26 18:18:47,232.07,Debit Card,IDFC,network_error,26,3,198,6.7,0.33,True
txn_000329,2025-07-01 09:55:10,371.39,Netbanking,HDFC,bank_timeout,1,1,632,0.3,0.38,True
txn_000330,2025-09-05 03:14:11,464.04,Netbanking,IDFC,insufficient_funds,5,0,523,2.4,3.69,False
txn_000331,2025-10-27 21:01:46,484.89,Debit Card,PNB,fraud_block,27,1,101,1.0,,False
txn_000332,2025-01-29 18:05:44,618.3,Debit Card,Yes Bank,insufficient_funds,29,2,455,1.1,4.56,False
txn_000333,2025-03-19 22:55:54,922.18,Netbanking,ICICI,insufficient_funds,19,2,100,1.9,4.15,False
txn_000334,2026-02-13 12:26:19,316.71,Netbanking,HDFC,otp_failure,13,1,149,1.3,0.0,False
txn_000335,2026-07-16 03:19:44,296.43,Debit Card,IDFC,insufficient_funds,16,3,815,0.0,4.08,False
txn_000336,2026-05-24 14:00:30,144.7,Debit Card,ICICI,insufficient_funds,24,0,138,2.7,3.43,True
txn_000337,2025-12-31 15:56:20,1285.66,UPI,Yes Bank,insufficient_funds,31,2,858,0.7,3.86,True
txn_000338,2026-04-30 02:23:50,1360.19,Netbanking,ICICI,bank_timeout,30,1,693,1.0,0.46,True
txn_000339,2025-09-13 04:54:23,215.61,Wallet,IDFC,bank_timeout,13,1,55,0.9,0.0,True
txn_000340,2025-09-03 22:59:30,1787.67,Netbanking,HDFC,invalid_cvv,3,1,331,1.9,0.32,False
txn_000341,2026-04-25 14:16:43,261.29,Credit Card,Axis,insufficient_funds,25,4,124,0.1,3.67,False
txn_000342,2026-05-06 05:41:38,1138.07,UPI,Axis,insufficient_funds,6,1,492,4.5,4.03,False
txn_000343,2025-03-12 04:47:34,419.72,Netbanking,ICICI,insufficient_funds,12,3,491,5.9,4.43,False
txn_000344,2026-05-08 05:54:56,2305.8,Credit Card,PNB,bank_timeout,8,0,686,0.3,0.0,True
txn_000345,2025-05-10 05:15:51,223.84,UPI,HDFC,invalid_cvv,10,1,573,6.6,0.92,False
txn_000346,2025-02-05 17:20:01,1280.05,UPI,HDFC,fraud_block,5,1,223,0.4,,True
txn_000347,2025-08-16 20:46:18,800.03,UPI,Yes Bank,bank_timeout,16,0,235,0.3,0.11,True
txn_000348,2025-12-01 12:35:01,800.26,Debit Card,Axis,expired_card,1,1,580,10.5,,False
txn_000349,2026-02-17 13:39:28,134.54,Netbanking,SBI,bank_timeout,17,1,886,0.0,0.33,True
txn_000350,2025-05-13 00:43:29,1135.86,Debit Card,ICICI,expired_card,13,1,848,2.8,,False
txn_000351,2026-04-19 09:45:01,1421.39,Netbanking,Axis,insufficient_funds,19,2,833,3.0,4.15,True
txn_000352,2026-01-22 13:11:23,1909.63,Wallet,SBI,network_error,22,1,156,2.0,0.0,True
txn_000353,2025-06-30 08:18:22,224.93,Netbanking,Kotak,network_error,30,1,613,1.0,1.95,True
txn_000354,2025-12-23 23:00:54,153.94,UPI,HDFC,bank_timeout,23,1,606,6.0,0.0,False
txn_000355,2025-12-28 08:56:57,1821.68,UPI,SBI,fraud_block,28,0,693,2.1,,False
txn_000356,2025-02-27 08:53:08,326.99,Netbanking,Yes Bank,network_error,27,0,266,2.8,0.0,False
txn_000357,2026-04-02 09:07:49,1034.24,UPI,IDFC,insufficient_funds,2,2,661,2.8,3.57,True
txn_000358,2026-06-21 04:22:35,270.76,UPI,PNB,network_error,21,3,874,1.6,0.0,False
txn_000359,2025-08-23 15:57:22,345.05,Debit Card,IDFC,expired_card,23,1,494,0.1,,True
txn_000360,2026-01-11 07:39:04,301.06,Credit Card,Axis,invalid_cvv,11,1,280,0.1,1.45,False
txn_000361,2025-10-24 05:08:44,1400.5,Wallet,Yes Bank,expired_card,24,2,181,1.1,,False
txn_000362,2026-03-23 11:16:15,1326.42,UPI,Kotak,insufficient_funds,23,1,85,0.5,2.72,True
txn_000363,2025-01-18 00:59:01,2247.05,Netbanking,Kotak,network_error,18,1,702,0.6,0.61,True
txn_000364,2025-01-07 06:57:25,359.03,Wallet,HDFC,expired_card,7,2,22,1.8,,False
txn_000365,2026-04-17 00:14:10,456.61,Netbanking,Kotak,otp_failure,17,0,799,0.0,0.12,False
txn_000366,2025-06-28 17:43:03,115.67,Wallet,Yes Bank,insufficient_funds,28,2,560,2.5,3.81,True
txn_000367,2025-06-20 02:32:25,854.23,Debit Card,Kotak,bank_timeout,20,1,489,0.3,0.0,True
txn_000368,2026-06-11 10:26:42,829.13,Debit Card,ICICI,insufficient_funds,11,1,418,0.4,3.35,False
txn_000369,2026-05-03 08:40:00,195.94,Credit Card,Kotak,invalid_cvv,3,3,183,0.7,1.65,False
txn_000370,2025-12-09 09:32:23,22.49,Credit Card,Yes Bank,expired_card,9,1,43,0.0,,False
txn_000371,2026-07-23 20:10:32,145.78,Debit Card,ICICI,otp_failure,23,3,193,1.3,0.0,True
txn_000372,2025-08-18 05:15:27,1012.87,UPI,IDFC,network_error,18,2,22,3.2,0.05,True
txn_000373,2025-05-17 10:10:05,1317.6,Debit Card,SBI,bank_timeout,17,2,464,0.4,0.0,True
txn_000374,2026-02-23 23:17:21,629.79,UPI,Kotak,insufficient_funds,23,2,846,0.6,3.88,False
txn_000375,2025-05-08 19:19:49,339.13,UPI,PNB,expired_card,8,1,559,8.0,,False
txn_000376,2025-08-18 05:50:07,526.7,UPI,ICICI,fraud_block,18,1,215,2.8,,False
txn_000377,2025-12-30 18:19:47,495.58,Credit Card,SBI,insufficient_funds,30,2,669,0.2,3.74,False
txn_000378,2025-06-25 05:45:45,980.61,Netbanking,Yes Bank,bank_timeout,25,0,468,0.9,0.12,True
txn_000379,2025-03-12 03:22:03,148.93,Netbanking,HDFC,insufficient_funds,12,1,636,2.3,3.67,False
txn_000380,2025-07-25 09:51:54,885.09,Wallet,ICICI,insufficient_funds,25,1,553,1.8,3.47,True
txn_000381,2025-12-20 05:49:33,2976.74,UPI,Kotak,insufficient_funds,20,0,835,1.7,4.62,True
txn_000382,2026-03-31 00:59:23,4668.86,Netbanking,Yes Bank,bank_timeout,31,1,258,5.9,0.0,False
txn_000383,2025-03-26 03:43:03,536.51,Debit Card,PNB,bank_timeout,26,2,881,5.5,0.24,True
txn_000384,2025-01-20 10:29:35,1341.21,Wallet,Yes Bank,insufficient_funds,20,3,166,0.0,4.03,True
txn_000385,2026-04-19 20:45:23,280.23,Debit Card,ICICI,otp_failure,19,2,605,1.2,0.0,True
txn_000386,2026-05-09 12:47:15,4747.35,Netbanking,Kotak,otp_failure,9,0,39,4.2,0.32,True
txn_000387,2026-05-20 06:42:01,303.76,Netbanking,ICICI,insufficient_funds,20,0,296,1.1,3.65,True
txn_000388,2025-04-19 13:37:56,1053.98,Credit Card,HDFC,bank_timeout,19,1,338,3.5,0.0,False
txn_000389,2025-08-25 09:46:01,717.63,Netbanking,ICICI,insufficient_funds,25,3,691,1.1,4.37,False
txn_000390,2025-03-17 11:47:24,1209.13,Debit Card,SBI,expired_card,17,3,187,2.0,,False
txn_000391,2025-10-29 20:53:00,370.25,Netbanking,Yes Bank,insufficient_funds,29,2,252,3.1,4.0,True
txn_000392,2026-06-05 18:46:08,44.62,Wallet,IDFC,fraud_block,5,1,214,0.1,,False
txn_000393,2026-04-02 04:49:03,1470.22,Debit Card,IDFC,insufficient_funds,2,2,385,0.2,3.99,False
txn_000394,2026-05-24 16:37:44,2944.6,Credit Card,PNB,invalid_cvv,24,3,69,5.2,1.04,True
txn_000395,2026-04-24 04:35:20,4313.98,Netbanking,Kotak,insufficient_funds,24,1,856,0.7,3.01,False
txn_000396,2025-01-26 09:52:32,211.55,UPI,Axis,bank_timeout,26,2,137,3.5,0.0,True
txn_000397,2025-12-11 09:15:35,905.29,Netbanking,Axis,fraud_block,11,2,414,1.9,,False
txn_000398,2025-10-09 16:57:28,76.97,Credit Card,Yes Bank,insufficient_funds,9,1,558,1.3,4.8,True
txn_000399,2026-02-27 21:34:45,417.15,UPI,HDFC,network_error,27,2,758,0.0,0.0,True
txn_000400,2025-11-06 05:51:39,188.95,UPI,Axis,insufficient_funds,6,0,713,0.7,3.75,True
txn_000401,2025-04-05 21:13:19,343.52,Netbanking,ICICI,insufficient_funds,5,1,664,1.6,3.21,True
txn_000402,2026-05-30 18:54:17,101.5,Debit Card,HDFC,bank_timeout,30,2,354,4.1,0.37,True
txn_000403,2025-02-09 06:51:06,6119.29,UPI,Axis,insufficient_funds,9,1,295,2.4,3.76,True
txn_000404,2025-04-08 19:23:28,184.12,Wallet,Axis,network_error,8,0,817,3.0,0.71,False
txn_000405,2025-02-23 06:59:09,916.19,Wallet,Axis,otp_failure,23,2,794,0.0,0.19,True
txn_000406,2026-04-01 10:58:22,3860.76,Debit Card,Axis,network_error,1,3,745,1.4,0.02,True
txn_000407,2025-09-13 04:47:38,2242.44,Debit Card,HDFC,bank_timeout,13,0,542,0.0,0.0,True
txn_000408,2025-08-04 08:46:39,339.32,Debit Card,SBI,insufficient_funds,4,1,872,0.1,3.7,False
txn_000409,2026-02-24 14:20:45,821.62,UPI,SBI,expired_card,24,3,733,0.1,,False
txn_000410,2025-03-27 09:10:32,1345.52,Credit Card,SBI,otp_failure,27,1,843,2.5,0.79,False
txn_000411,2025-01-12 13:00:59,539.72,UPI,Axis,insufficient_funds,12,3,136,1.6,5.06,False
txn_000412,2026-04-03 09:00:50,76.29,UPI,HDFC,otp_failure,3,1,211,2.7,0.2,False
txn_000413,2025-05-16 08:11:04,427.07,UPI,HDFC,network_error,16,4,804,1.6,0.0,False
txn_000414,2025-04-09 10:57:01,300.93,Netbanking,ICICI,bank_timeout,9,1,616,0.6,0.63,True
txn_000415,2025-02-19 08:48:27,459.2,Netbanking,PNB,network_error,19,1,593,0.3,0.0,True
txn_000416,2025-10-09 04:53:44,107.96,Wallet,ICICI,invalid_cvv,9,1,505,5.6,0.0,True
txn_000417,2025-12-18 01:59:30,160.45,Wallet,Axis,insufficient_funds,18,0,378,2.1,4.55,True
txn_000418,2026-04-23 18:25:21,1229.09,Credit Card,Kotak,bank_timeout,23,4,392,0.6,0.36,True
txn_000419,2025-12-22 18:31:53,943.55,Credit Card,HDFC,insufficient_funds,22,1,56,1.4,3.22,True
txn_000420,2026-01-08 00:52:11,428.6,Netbanking,IDFC,otp_failure,8,0,264,1.7,0.87,True
txn_000421,2026-06-17 21:47:03,1417.7,Credit Card,PNB,network_error,17,1,655,0.8,0.51,True
txn_000422,2026-07-08 08:07:22,494.76,Netbanking,ICICI,insufficient_funds,8,0,501,0.0,4.55,True
txn_000423,2025-03-04 18:02:37,1239.01,UPI,SBI,fraud_block,4,0,207,0.0,,False
txn_000424,2025-02-21 00:24:20,2512.25,Debit Card,Kotak,invalid_cvv,21,1,339,9.4,0.82,False
txn_000425,2026-04-30 22:07:17,3176.11,Wallet,Yes Bank,otp_failure,30,1,211,1.0,0.74,False
txn_000426,2025-10-23 20:34:21,147.37,Wallet,Kotak,otp_failure,23,1,562,3.3,0.4,True
txn_000427,2025-12-19 09:52:06,3285.82,Wallet,IDFC,insufficient_funds,19,2,722,5.2,3.74,True
txn_000428,2025-03-19 00:49:13,775.45,Credit Card,Axis,otp_failure,19,1,851,3.3,0.0,False
txn_000429,2025-12-01 01:05:05,450.72,Netbanking,Axis,insufficient_funds,1,1,430,0.0,4.26,True
txn_000430,2025-11-18 10:02:38,2517.11,UPI,PNB,otp_failure,18,4,94,1.8,0.27,False
txn_000431,2025-11-06 16:52:09,1883.54,Netbanking,ICICI,insufficient_funds,6,1,811,0.1,3.6,True
txn_000432,2025-08-31 18:19:24,573.06,Netbanking,Yes Bank,otp_failure,31,3,45,2.3,0.66,False
txn_000433,2026-06-01 14:30:33,402.05,UPI,Yes Bank,network_error,1,0,179,4.6,0.34,True
txn_000434,2025-04-29 13:23:44,716.79,Netbanking,ICICI,bank_timeout,29,1,276,1.1,0.92,True
txn_000435,2025-03-12 20:33:11,243.27,Credit Card,ICICI,network_error,12,1,98,0.5,0.11,True
txn_000436,2025-12-02 10:45:42,141.37,Credit Card,Yes Bank,insufficient_funds,2,0,564,1.5,3.79,True
txn_000437,2025-04-12 01:31:40,409.92,Wallet,HDFC,otp_failure,12,0,568,0.6,0.73,True
txn_000438,2026-04-01 12:30:05,213.03,Wallet,Yes Bank,insufficient_funds,1,0,86,3.0,3.76,False
txn_000439,2026-06-05 09:57:09,503.49,Credit Card,IDFC,network_error,5,2,192,1.4,0.37,True
txn_000440,2025-10-02 15:32:45,243.7,Netbanking,HDFC,insufficient_funds,2,1,247,1.0,3.5,False
txn_000441,2025-08-12 09:48:02,1777.77,Wallet,Kotak,expired_card,12,0,89,2.2,,False
txn_000442,2025-10-01 03:09:36,1077.14,Credit Card,Axis,expired_card,1,4,731,1.3,,False
txn_000443,2025-05-01 04:22:46,961.73,Netbanking,Axis,otp_failure,1,2,761,1.0,0.0,False
txn_000444,2025-03-26 01:20:12,93.29,UPI,Yes Bank,fraud_block,26,0,877,0.4,,False
txn_000445,2025-03-31 05:37:02,4465.5,UPI,Axis,bank_timeout,31,1,551,2.7,0.91,False
txn_000446,2025-11-30 07:14:06,340.45,Wallet,HDFC,network_error,30,0,451,0.4,0.0,True
txn_000447,2026-04-19 00:29:16,384.42,UPI,HDFC,invalid_cvv,19,2,206,5.6,1.42,True
txn_000448,2025-05-21 03:11:57,490.39,UPI,Kotak,otp_failure,21,1,308,0.5,0.42,False
txn_000449,2025-09-21 22:47:26,1000.85,UPI,HDFC,insufficient_funds,21,0,525,1.8,3.85,False
txn_000450,2025-05-21 21:38:40,574.04,Debit Card,IDFC,insufficient_funds,21,0,897,0.2,3.73,True
txn_000451,2025-02-24 01:09:58,1524.06,Debit Card,HDFC,insufficient_funds,24,0,776,3.1,3.99,False
txn_000452,2025-03-13 06:29:13,1397.1,Wallet,Axis,otp_failure,13,2,13,1.0,0.55,False
txn_000453,2025-10-20 04:46:19,452.59,Netbanking,PNB,insufficient_funds,20,0,567,0.5,4.19,False
txn_000454,2025-09-22 18:45:42,456.08,Debit Card,Yes Bank,fraud_block,22,0,384,1.6,,True
txn_000455,2025-08-31 01:20:29,5043.26,UPI,ICICI,bank_timeout,31,1,739,0.5,0.0,True
txn_000456,2025-02-10 20:41:58,85.89,Debit Card,SBI,fraud_block,10,1,667,1.0,,False
txn_000457,2026-04-25 21:20:18,424.11,Credit Card,ICICI,fraud_block,25,0,273,1.6,,False
txn_000458,2025-07-31 08:21:52,2338.23,Netbanking,IDFC,network_error,31,2,614,3.5,0.97,True
txn_000459,2026-01-13 05:23:25,763.45,Wallet,PNB,insufficient_funds,13,1,115,0.1,4.6,True
txn_000460,2025-11-18 16:56:40,3651.26,UPI,Axis,otp_failure,18,0,28,5.9,0.22,False
txn_000461,2026-02-02 22:49:38,1133.88,Credit Card,Yes Bank,insufficient_funds,2,0,58,2.3,2.97,True
txn_000462,2025-11-30 22:10:15,1186.79,Credit Card,Kotak,bank_timeout,30,1,750,1.2,0.0,True
txn_000463,2026-06-11 18:53:52,190.3,Wallet,PNB,network_error,11,1,720,0.4,0.0,True
txn_000464,2026-02-14 06:45:49,350.41,UPI,HDFC,otp_failure,14,0,375,1.2,0.0,False
txn_000465,2025-06-21 06:45:41,671.75,Netbanking,HDFC,bank_timeout,21,3,835,0.2,0.65,True
txn_000466,2025-01-06 23:17:51,593.44,Debit Card,Kotak,insufficient_funds,6,2,140,0.8,3.45,False
txn_000467,2025-06-14 01:41:12,1675.67,Debit Card,Kotak,insufficient_funds,14,0,378,4.0,3.79,False
txn_000468,2025-08-13 19:41:08,1003.1,UPI,ICICI,bank_timeout,13,0,765,0.7,0.0,True
txn_000469,2025-01-07 00:05:45,4852.63,Netbanking,IDFC,insufficient_funds,7,0,70,0.8,4.43,False
txn_000470,2025-05-17 11:11:18,2324.96,Debit Card,IDFC,invalid_cvv,17,3,242,5.7,0.91,False
txn_000471,2026-02-18 16:03:16,489.52,Debit Card,Yes Bank,fraud_block,18,0,693,0.3,,False
txn_000472,2025-02-25 23:35:04,771.94,Netbanking,HDFC,otp_failure,25,0,30,0.5,0.0,False
txn_000473,2025-12-05 19:43:21,891.57,Credit Card,PNB,otp_failure,5,1,732,0.6,0.24,False
txn_000474,2025-03-02 11:27:51,622.68,UPI,IDFC,expired_card,2,0,564,1.5,,True
txn_000475,2026-03-22 08:56:41,1043.83,Netbanking,IDFC,insufficient_funds,22,2,490,3.5,3.95,True
txn_000476,2025-08-13 20:57:16,2504.38,Credit Card,IDFC,expired_card,13,1,529,0.3,,False
txn_000477,2025-01-17 04:47:39,428.12,UPI,SBI,network_error,17,1,72,3.5,0.72,False
txn_000478,2026-04-26 02:41:24,301.2,Netbanking,Yes Bank,expired_card,26,1,570,1.5,,False
txn_000479,2025-03-10 10:51:36,71.07,Netbanking,ICICI,insufficient_funds,10,1,710,1.9,4.27,False
txn_000480,2025-07-08 23:44:52,538.47,Netbanking,IDFC,network_error,8,0,556,1.9,0.29,True
txn_000481,2026-02-11 23:22:11,1082.92,Credit Card,IDFC,insufficient_funds,11,1,122,3.4,3.22,False
txn_000482,2025-08-29 23:56:13,2643.45,UPI,Axis,insufficient_funds,29,0,800,1.5,3.12,False
txn_000483,2025-09-16 16:50:56,897.76,Debit Card,ICICI,insufficient_funds,16,0,808,3.5,3.95,True
txn_000484,2026-02-01 12:05:53,391.77,Credit Card,Axis,insufficient_funds,1,2,792,0.6,4.45,False
txn_000485,2025-09-29 08:49:37,404.76,UPI,SBI,insufficient_funds,29,1,125,1.0,4.1,True
txn_000486,2025-07-03 12:22:14,3401.11,Credit Card,SBI,otp_failure,3,2,173,0.0,0.18,False
txn_000487,2025-07-18 19:35:36,458.48,Debit Card,SBI,bank_timeout,18,1,890,0.7,0.0,True
txn_000488,2026-04-13 21:31:51,1421.85,Debit Card,ICICI,insufficient_funds,13,0,651,2.4,3.44,False
txn_000489,2025-05-18 14:14:35,317.66,Netbanking,PNB,insufficient_funds,18,3,150,0.6,4.82,False
txn_000490,2026-03-14 20:47:27,1940.32,Wallet,PNB,otp_failure,14,0,233,0.1,0.0,True
txn_000491,2026-06-14 01:14:53,1718.44,Wallet,Yes Bank,bank_timeout,14,2,248,2.8,0.0,True
txn_000492,2026-05-03 04:10:47,531.26,UPI,SBI,insufficient_funds,3,2,99,3.5,3.94,True
txn_000493,2025-12-08 13:46:23,874.45,Credit Card,PNB,insufficient_funds,8,0,258,1.1,3.05,False
txn_000494,2025-12-10 11:21:20,2485.68,UPI,Kotak,insufficient_funds,10,1,364,0.6,3.51,True
txn_000495,2026-04-05 08:51:48,2731.07,Credit Card,Yes Bank,bank_timeout,5,0,474,2.5,0.34,True
txn_000496,2026-01-30 01:26:42,508.95,Credit Card,Kotak,expired_card,30,1,12,0.4,,False
txn_000497,2025-12-25 15:30:13,330.3,Netbanking,HDFC,insufficient_funds,25,0,90,1.2,3.47,True
txn_000498,2025-02-14 04:30:26,1543.77,UPI,Kotak,insufficient_funds,14,0,71,1.4,3.82,True
txn_000499,2025-03-01 14:22:10,96.34,Credit Card,IDFC,expired_card,1,1,618,0.7,,False
txn_000500,2025-12-26 09:34:13,338.5,Wallet,HDFC,network_error,26,2,898,2.3,0.98,True
txn_000501,2025-12-16 07:38:37,281.6,Wallet,Axis,insufficient_funds,16,1,534,0.7,4.43,True
txn_000502,2025-09-07 17:41:35,934.96,Wallet,PNB,fraud_block,7,0,288,1.0,,False
txn_000503,2026-01-25 10:09:50,1076.84,Debit Card,HDFC,expired_card,25,1,802,1.2,,True
txn_000504,2025-12-16 22:21:34,331.67,Credit Card,Yes Bank,bank_timeout,16,0,490,2.2,0.63,True
txn_000505,2026-07-09 19:48:25,831.93,Credit Card,SBI,expired_card,9,1,884,1.9,,False
txn_000506,2025-01-31 09:39:43,671.18,Debit Card,PNB,otp_failure,31,0,107,0.3,1.1,True
txn_000507,2025-12-08 07:24:57,826.72,Wallet,SBI,bank_timeout,8,0,721,9.6,0.0,False
txn_000508,2025-10-10 15:32:58,256.64,UPI,Kotak,fraud_block,10,0,792,0.1,,False
txn_000509,2025-10-28 21:58:05,337.99,Netbanking,Yes Bank,expired_card,28,0,331,0.8,,False
txn_000510,2026-06-12 07:34:14,1638.64,Wallet,HDFC,otp_failure,12,2,678,0.0,0.89,True
txn_000511,2026-05-06 00:34:41,1317.74,UPI,ICICI,expired_card,6,2,246,1.9,,False
txn_000512,2025-09-14 01:52:52,629.27,Credit Card,IDFC,network_error,14,0,553,0.4,0.0,False
txn_000513,2025-08-09 16:53:00,3617.6,UPI,SBI,insufficient_funds,9,0,522,0.6,4.04,True
txn_000514,2025-09-16 22:19:07,506.39,Credit Card,SBI,bank_timeout,16,1,386,6.7,0.91,True
txn_000515,2025-09-29 17:07:55,4680.41,UPI,IDFC,bank_timeout,29,0,846,0.3,0.29,False
txn_000516,2025-04-11 03:49:59,907.97,Wallet,ICICI,insufficient_funds,11,5,96,2.3,3.94,False
txn_000517,2025-08-29 11:01:28,856.27,Wallet,IDFC,insufficient_funds,29,0,699,0.8,3.92,False
txn_000518,2026-05-15 19:35:01,232.31,UPI,SBI,insufficient_funds,15,3,558,0.2,3.62,True
txn_000519,2026-06-05 11:52:30,886.37,Wallet,ICICI,bank_timeout,5,2,865,0.8,0.0,True
txn_000520,2026-05-17 18:46:31,794.75,Netbanking,Yes Bank,insufficient_funds,17,4,511,1.0,3.22,False
txn_000521,2025-01-15 03:50:30,2991.17,UPI,Kotak,insufficient_funds,15,0,724,0.2,3.6,True
txn_000522,2025-05-21 00:20:39,553.44,Debit Card,Yes Bank,insufficient_funds,21,2,437,1.0,4.6,True
txn_000523,2026-01-13 16:44:49,2083.6,Debit Card,Axis,expired_card,13,0,131,2.2,,False
txn_000524,2025-04-17 20:24:14,803.97,Debit Card,ICICI,insufficient_funds,17,3,171,0.1,3.5,True
txn_000525,2025-08-18 17:57:51,420.08,Credit Card,HDFC,otp_failure,18,1,200,0.2,0.0,False
txn_000526,2026-05-30 03:15:19,8558.55,UPI,SBI,bank_timeout,30,0,211,7.4,0.0,False
txn_000527,2026-04-09 21:28:50,313.97,Netbanking,SBI,insufficient_funds,9,0,523,1.4,3.98,True
txn_000528,2025-05-07 00:30:26,223.15,Debit Card,SBI,expired_card,7,3,886,0.2,,False
txn_000529,2026-07-15 03:49:31,1532.65,Netbanking,HDFC,network_error,15,3,563,0.0,0.01,False
txn_000530,2025-11-16 02:57:34,569.32,UPI,Axis,fraud_block,16,1,630,5.3,,False
txn_000531,2025-12-12 00:27:50,202.31,Wallet,Kotak,expired_card,12,2,747,0.9,,False
txn_000532,2025-12-15 16:37:25,1973.09,Debit Card,Axis,insufficient_funds,15,1,334,1.4,4.15,True
txn_000533,2025-08-29 08:53:58,645.23,Netbanking,Axis,insufficient_funds,29,2,506,3.4,4.09,True
txn_000534,2025-10-13 17:03:08,1108.61,Wallet,PNB,invalid_cvv,13,0,650,1.5,0.58,True
txn_000535,2025-12-25 14:20:18,402.0,UPI,IDFC,otp_failure,25,0,644,0.1,1.13,True
txn_000536,2026-01-26 14:51:36,2187.57,Wallet,IDFC,network_error,26,1,292,0.2,0.63,True
txn_000537,2025-05-06 20:58:59,764.38,Debit Card,SBI,expired_card,6,0,528,4.1,,False
txn_000538,2025-07-14 04:23:51,2628.11,Credit Card,PNB,bank_timeout,14,1,489,0.2,0.0,False
txn_000539,2025-10-16 07:53:42,6447.51,Wallet,ICICI,network_error,16,1,455,0.8,0.0,True
txn_000540,2026-07-07 13:28:31,3107.81,Wallet,ICICI,network_error,7,1,766,2.2,0.0,False
txn_000541,2025-08-10 09:57:35,2641.66,Credit Card,SBI,invalid_cvv,10,0,246,3.4,0.96,True
txn_000542,2025-07-31 21:11:54,338.68,Netbanking,SBI,bank_timeout,31,1,274,4.7,0.0,True
txn_000543,2025-12-06 19:04:46,182.61,Credit Card,Axis,bank_timeout,6,0,378,0.4,0.0,True
txn_000544,2025-12-17 09:38:06,682.75,UPI,HDFC,insufficient_funds,17,0,383,3.1,3.13,False
txn_000545,2025-11-19 06:14:20,145.24,Credit Card,IDFC,invalid_cvv,19,2,631,0.0,1.87,False
txn_000546,2026-01-25 22:05:27,1026.74,UPI,Axis,fraud_block,25,0,443,2.2,,False
txn_000547,2025-10-27 22:39:29,1019.57,Credit Card,Yes Bank,insufficient_funds,27,1,339,0.6,3.17,False
txn_000548,2025-06-24 09:42:21,2752.26,Credit Card,Yes Bank,network_error,24,2,122,1.4,1.05,True
txn_000549,2025-03-18 23:02:35,4435.03,UPI,SBI,network_error,18,2,15,3.5,0.23,True
txn_000550,2025-04-17 21:02:32,1676.05,Credit Card,Kotak,bank_timeout,17,1,712,0.2,0.05,True
txn_000551,2026-01-02 23:11:53,613.46,Debit Card,PNB,insufficient_funds,2,1,889,2.3,4.49,True
txn_000552,2025-12-15 10:32:15,199.35,Wallet,HDFC,insufficient_funds,15,0,56,1.3,3.82,True
txn_000553,2025-03-03 12:52:31,623.79,Credit Card,Kotak,expired_card,3,0,323,1.6,,False
txn_000554,2025-06-17 12:05:44,183.89,Debit Card,IDFC,insufficient_funds,17,1,813,5.1,3.98,True
txn_000555,2025-03-28 08:40:23,553.83,UPI,Axis,expired_card,28,2,750,2.6,,False
txn_000556,2025-08-22 21:51:54,465.6,Credit Card,HDFC,bank_timeout,22,2,440,0.8,0.0,True
txn_000557,2025-07-05 04:50:04,3291.69,Netbanking,PNB,bank_timeout,5,3,410,2.1,1.08,False
txn_000558,2025-02-18 18:48:36,423.28,Credit Card,PNB,otp_failure,18,1,540,1.0,0.0,False
txn_000559,2026-04-09 12:01:19,205.64,Wallet,HDFC,otp_failure,9,1,158,0.9,0.42,False
txn_000560,2026-05-06 20:29:38,196.08,Wallet,Axis,insufficient_funds,6,1,88,0.1,4.6,False
txn_000561,2026-07-13 02:38:13,356.35,Debit Card,Kotak,bank_timeout,13,0,649,1.1,0.13,True
txn_000562,2025-11-30 09:35:34,162.88,Credit Card,Yes Bank,insufficient_funds,30,1,758,1.8,3.08,True
txn_000563,2025-07-06 20:26:32,749.61,Wallet,IDFC,insufficient_funds,6,1,550,0.8,3.66,True
txn_000564,2025-05-26 11:47:03,744.68,Credit Card,Yes Bank,insufficient_funds,26,1,344,4.5,4.11,False
txn_000565,2025-02-22 13:38:02,1947.53,Wallet,HDFC,network_error,22,2,528,0.6,0.0,True
txn_000566,2025-10-31 06:35:06,409.17,Netbanking,HDFC,insufficient_funds,31,2,45,1.1,3.64,True
txn_000567,2026-05-09 17:45:44,812.42,Netbanking,Yes Bank,insufficient_funds,9,0,542,1.7,3.21,False
txn_000568,2025-07-17 00:23:00,2922.25,Credit Card,Yes Bank,network_error,17,1,209,0.3,0.15,True
txn_000569,2025-02-22 11:24:05,1806.99,UPI,Axis,bank_timeout,22,4,95,2.0,0.0,True
txn_000570,2026-07-24 07:00:39,567.17,Credit Card,Yes Bank,insufficient_funds,24,0,485,3.9,5.02,True
txn_000571,2025-04-14 14:56:06,665.6,Credit Card,Yes Bank,insufficient_funds,14,2,824,1.9,3.23,False
txn_000572,2026-03-01 02:26:02,165.04,UPI,SBI,network_error,1,0,799,1.0,0.39,False
txn_000573,2026-06-16 19:24:29,292.52,Netbanking,PNB,otp_failure,16,1,582,0.3,0.0,True
txn_000574,2026-05-06 16:24:35,240.67,Debit Card,SBI,otp_failure,6,1,894,3.1,0.0,True
txn_000575,2025-02-19 00:16:45,1399.94,Netbanking,HDFC,fraud_block,19,2,870,0.1,,False
txn_000576,2025-08-16 22:09:57,776.26,Debit Card,HDFC,insufficient_funds,16,1,592,4.2,4.06,False
txn_000577,2025-06-04 22:23:13,1455.16,Credit Card,Yes Bank,network_error,4,1,215,0.8,0.0,False
txn_000578,2025-08-29 20:14:00,775.12,Wallet,IDFC,insufficient_funds,29,0,894,3.2,3.8,True
txn_000579,2026-02-26 18:49:33,584.7,Netbanking,Kotak,otp_failure,26,3,59,8.6,0.22,False
txn_000580,2025-01-29 10:39:38,311.01,Debit Card,Kotak,otp_failure,29,2,519,1.3,0.14,False
txn_000581,2025-10-05 06:28:51,468.38,Credit Card,Yes Bank,insufficient_funds,5,2,484,0.7,4.52,True
txn_000582,2025-08-01 05:07:36,2844.9,Credit Card,Yes Bank,invalid_cvv,1,3,368,0.9,0.94,False
txn_000583,2025-12-06 09:21:50,954.72,Netbanking,PNB,insufficient_funds,6,2,582,4.0,4.3,True
txn_000584,2025-10-28 07:34:51,1420.96,UPI,SBI,otp_failure,28,1,488,0.3,0.0,True
txn_000585,2026-01-21 09:53:54,681.23,Netbanking,Yes Bank,invalid_cvv,21,1,889,0.4,0.87,True
txn_000586,2026-02-08 08:00:12,399.09,UPI,ICICI,insufficient_funds,8,1,347,0.2,3.98,True
txn_000587,2026-07-19 17:46:41,1800.07,Netbanking,ICICI,bank_timeout,19,2,784,2.2,0.95,False
txn_000588,2025-12-01 11:05:56,436.98,Wallet,SBI,insufficient_funds,1,3,325,0.0,3.66,True
txn_000589,2026-02-28 16:22:47,2025.75,UPI,Yes Bank,bank_timeout,28,1,875,3.7,0.0,False
txn_000590,2025-03-21 16:33:49,325.49,Credit Card,Yes Bank,insufficient_funds,21,0,530,0.5,4.26,False
txn_000591,2026-05-29 08:25:38,236.13,UPI,Kotak,insufficient_funds,29,0,59,2.5,4.55,True
txn_000592,2025-12-13 08:28:20,597.95,Wallet,IDFC,network_error,13,1,295,4.2,0.0,False
txn_000593,2025-05-10 10:29:01,1345.04,Netbanking,Yes Bank,insufficient_funds,10,1,71,8.7,4.56,False
txn_000594,2025-12-14 07:06:03,295.0,Credit Card,Yes Bank,bank_timeout,14,2,474,0.0,0.51,True
txn_000595,2026-04-23 13:39:44,160.59,Netbanking,Kotak,network_error,23,1,840,0.6,0.0,True
txn_000596,2026-05-12 16:34:18,841.67,Credit Card,ICICI,expired_card,12,1,534,3.3,,False
txn_000597,2026-06-06 07:46:28,176.66,Netbanking,Yes Bank,otp_failure,6,2,402,0.7,0.0,True
txn_000598,2026-02-03 12:36:59,406.47,Debit Card,HDFC,fraud_block,3,0,568,0.8,,False
txn_000599,2025-04-21 21:36:07,3676.91,Wallet,PNB,insufficient_funds,21,1,538,2.9,3.92,False
txn_000600,2025-01-28 00:41:59,350.99,Debit Card,ICICI,expired_card,28,1,590,1.8,,False
txn_000601,2025-07-03 07:16:21,272.9,UPI,Yes Bank,otp_failure,3,0,81,3.2,0.45,True
txn_000602,2025-10-25 08:55:23,2441.89,Wallet,HDFC,insufficient_funds,25,1,45,6.0,3.66,True
txn_000603,2026-04-15 23:47:06,291.7,Debit Card,PNB,invalid_cvv,15,3,69,2.9,1.66,True
txn_000604,2025-10-16 03:16:46,377.85,UPI,PNB,expired_card,16,1,546,1.5,,False
txn_000605,2025-03-01 17:14:53,1365.6,Wallet,SBI,otp_failure,1,3,518,0.3,0.32,True
txn_000606,2026-02-16 05:50:51,2293.09,UPI,IDFC,expired_card,16,0,74,2.1,,False
txn_000607,2025-09-02 04:34:09,972.4,UPI,Axis,bank_timeout,2,2,574,0.5,0.81,False
txn_000608,2025-03-30 02:50:07,575.32,Credit Card,SBI,insufficient_funds,30,0,199,0.4,3.64,True
txn_000609,2026-01-23 14:51:13,573.75,Wallet,IDFC,bank_timeout,23,2,117,0.2,0.0,True
txn_000610,2026-03-13 06:20:17,302.07,Credit Card,Kotak,insufficient_funds,13,1,889,3.3,3.61,True
txn_000611,2025-07-22 04:09:10,485.37,Netbanking,Axis,bank_timeout,22,2,695,0.2,0.28,True
txn_000612,2026-04-21 06:13:02,1220.79,UPI,PNB,expired_card,21,1,14,0.8,,False
txn_000613,2025-06-05 11:35:41,1719.89,Credit Card,SBI,insufficient_funds,5,0,783,4.1,4.12,True
txn_000614,2025-02-27 12:25:48,647.62,Netbanking,SBI,otp_failure,27,0,433,1.3,0.0,True
txn_000615,2026-07-09 02:10:43,1337.18,Netbanking,ICICI,bank_timeout,9,2,875,3.6,0.0,True
txn_000616,2026-06-14 16:04:57,126.0,UPI,Yes Bank,bank_timeout,14,0,822,0.1,0.62,True
txn_000617,2026-07-06 02:47:36,3530.06,Credit Card,Kotak,bank_timeout,6,1,148,2.8,0.0,True
txn_000618,2025-08-21 23:35:51,161.54,Debit Card,SBI,expired_card,21,2,436,1.0,,False
txn_000619,2025-10-08 18:42:09,827.6,Wallet,Axis,otp_failure,8,1,730,2.5,0.0,True
txn_000620,2025-04-05 06:21:36,132.75,Debit Card,SBI,insufficient_funds,5,0,578,0.9,3.47,True
txn_000621,2025-07-03 21:04:56,136.5,Netbanking,HDFC,insufficient_funds,3,3,808,7.4,3.07,False
txn_000622,2025-10-08 07:35:55,1578.52,Wallet,Yes Bank,otp_failure,8,0,192,0.2,0.23,True
txn_000623,2025-12-30 01:04:34,1967.32,Wallet,SBI,expired_card,30,0,480,0.8,,False
txn_000624,2026-04-21 07:32:39,1138.69,Credit Card,ICICI,insufficient_funds,21,1,535,0.3,4.21,False
txn_000625,2025-08-29 05:35:48,431.8,Netbanking,PNB,bank_timeout,29,5,503,5.3,0.0,False
txn_000626,2026-02-13 07:40:38,122.8,Netbanking,IDFC,insufficient_funds,13,1,735,1.7,4.1,False
txn_000627,2026-03-23 12:55:20,210.57,Credit Card,SBI,expired_card,23,5,392,1.3,,False
txn_000628,2025-09-04 05:49:26,940.71,Credit Card,PNB,insufficient_funds,4,0,2,0.8,3.29,True
txn_000629,2025-12-28 19:45:36,727.91,Wallet,Yes Bank,network_error,28,0,477,1.4,0.41,True
txn_000630,2025-04-10 16:19:49,1225.25,Wallet,SBI,network_error,10,0,478,5.1,0.0,False
txn_000631,2025-04-11 05:20:55,684.34,Netbanking,HDFC,otp_failure,11,0,556,3.8,0.0,True
txn_000632,2025-04-07 10:31:51,787.61,Wallet,SBI,expired_card,7,1,70,0.5,,False
txn_000633,2025-08-25 05:17:32,44.51,Debit Card,SBI,insufficient_funds,25,0,352,0.2,3.69,False
txn_000634,2025-09-08 14:49:56,1363.48,Debit Card,Yes Bank,expired_card,8,3,232,0.3,,False
txn_000635,2026-02-08 00:57:21,389.39,UPI,ICICI,insufficient_funds,8,2,229,1.2,4.84,True
txn_000636,2025-07-14 15:37:17,4204.45,Debit Card,Kotak,expired_card,14,1,684,1.0,,False
txn_000637,2025-04-08 05:20:36,1348.9,UPI,ICICI,expired_card,8,2,862,2.8,,False
txn_000638,2026-01-26 08:38:32,10390.48,Debit Card,SBI,expired_card,26,1,821,0.4,,True
txn_000639,2025-05-13 23:24:39,193.28,Wallet,Yes Bank,insufficient_funds,13,1,616,1.4,4.09,False
txn_000640,2026-03-14 18:36:06,599.24,Credit Card,HDFC,otp_failure,14,0,282,0.8,0.25,False
txn_000641,2025-03-05 02:06:13,418.91,Credit Card,Kotak,bank_timeout,5,0,820,0.3,0.31,True
txn_000642,2026-05-21 17:56:33,246.73,Debit Card,IDFC,network_error,21,2,752,0.9,0.0,True
txn_000643,2026-04-26 02:22:34,1293.3,Credit Card,PNB,invalid_cvv,26,2,219,0.5,0.51,False
txn_000644,2026-05-03 03:11:04,580.02,Wallet,Kotak,invalid_cvv,3,2,300,3.4,1.2,False
txn_000645,2026-05-14 14:01:08,1571.18,UPI,PNB,expired_card,14,1,878,1.2,,False
txn_000646,2025-07-10 04:51:18,720.4,Netbanking,Kotak,bank_timeout,10,1,422,0.8,0.61,True
txn_000647,2025-12-19 06:40:31,1436.91,Credit Card,HDFC,invalid_cvv,19,0,377,0.7,0.28,True
txn_000648,2025-05-03 18:49:59,379.73,Netbanking,IDFC,insufficient_funds,3,2,804,0.9,3.85,False
txn_000649,2026-01-12 03:05:43,2582.68,Netbanking,Axis,network_error,12,0,510,0.8,0.0,True
txn_000650,2025-09-22 05:38:56,2746.93,Wallet,SBI,otp_failure,22,2,588,0.7,0.78,True
txn_000651,2025-08-31 18:57:36,207.79,UPI,Yes Bank,insufficient_funds,31,4,446,1.1,3.63,False
txn_000652,2025-11-06 16:36:58,3484.95,Debit Card,Yes Bank,bank_timeout,6,0,472,3.2,0.93,True
txn_000653,2026-02-04 23:55:31,701.19,Wallet,ICICI,expired_card,4,2,474,3.2,,False
txn_000654,2025-09-05 20:45:04,583.63,Debit Card,PNB,bank_timeout,5,2,854,11.5,0.65,False
txn_000655,2025-04-06 03:58:26,257.02,UPI,PNB,insufficient_funds,6,2,246,0.1,3.91,False
txn_000656,2025-07-12 13:32:34,673.73,Debit Card,ICICI,expired_card,12,2,402,1.4,,False
txn_000657,2025-02-09 07:21:03,1074.73,UPI,IDFC,otp_failure,9,1,761,0.8,0.0,True
txn_000658,2026-04-23 23:28:01,1087.36,Netbanking,Axis,invalid_cvv,23,1,453,0.6,1.67,False
txn_000659,2025-05-05 01:01:02,253.74,UPI,Yes Bank,bank_timeout,5,0,881,0.4,0.0,True
txn_000660,2025-05-28 10:45:50,952.87,Debit Card,PNB,bank_timeout,28,1,575,1.7,0.23,True
txn_000661,2026-02-04 19:09:59,272.39,Netbanking,PNB,bank_timeout,4,2,95,4.5,0.65,False
txn_000662,2025-08-28 15:36:41,138.98,Netbanking,HDFC,invalid_cvv,28,2,694,0.6,0.0,False
txn_000663,2025-03-11 22:38:12,484.3,Netbanking,PNB,invalid_cvv,11,3,227,0.3,1.25,True
txn_000664,2025-07-06 23:30:25,38.3,Debit Card,Yes Bank,insufficient_funds,6,1,184,5.8,4.4,False
txn_000665,2025-02-07 19:03:12,103.61,Credit Card,Kotak,network_error,7,0,322,2.3,1.18,False
txn_000666,2026-01-20 09:29:47,2309.19,Wallet,PNB,invalid_cvv,20,1,258,2.4,1.16,False
txn_000667,2025-08-10 22:44:09,109.52,Wallet,HDFC,bank_timeout,10,1,709,3.7,0.06,True
txn_000668,2025-03-25 11:53:27,573.91,Netbanking,SBI,insufficient_funds,25,0,57,0.3,4.16,False
txn_000669,2025-07-25 10:07:55,939.36,UPI,IDFC,insufficient_funds,25,1,265,1.3,4.18,False
txn_000670,2025-10-12 05:34:00,2607.74,Credit Card,IDFC,expired_card,12,1,433,0.5,,False
txn_000671,2025-02-09 17:38:54,494.18,Wallet,Axis,insufficient_funds,9,2,732,0.3,3.83,False
txn_000672,2025-10-09 13:55:58,1914.13,Wallet,Kotak,bank_timeout,9,1,402,0.6,0.2,True
txn_000673,2025-02-27 02:43:52,3424.78,Netbanking,PNB,insufficient_funds,27,2,158,6.8,4.31,False
txn_000674,2026-03-04 02:04:44,100.73,UPI,ICICI,bank_timeout,4,1,404,0.2,0.0,True
txn_000675,2025-04-10 22:27:33,506.4,Credit Card,IDFC,otp_failure,10,0,618,0.4,0.17,True
txn_000676,2025-10-17 20:55:16,177.52,UPI,Yes Bank,bank_timeout,17,1,318,3.8,0.0,True
txn_000677,2025-04-23 01:20:18,614.29,Debit Card,IDFC,insufficient_funds,23,2,418,0.1,2.8,False
txn_000678,2026-01-24 10:07:40,578.8,Credit Card,HDFC,insufficient_funds,24,0,74,0.1,4.6,True
txn_000679,2025-01-31 05:24:32,145.7,Debit Card,Yes Bank,insufficient_funds,31,1,600,0.5,3.96,True
txn_000680,2026-01-03 23:13:51,3462.63,Wallet,PNB,insufficient_funds,3,1,516,1.1,3.64,False
txn_000681,2025-04-26 16:27:18,107.75,Wallet,SBI,otp_failure,26,1,473,3.9,0.0,False
txn_000682,2025-09-12 17:43:35,441.73,Wallet,Yes Bank,otp_failure,12,1,770,1.1,0.55,True
txn_000683,2025-05-07 05:15:27,2253.6,Netbanking,Kotak,fraud_block,7,1,227,8.3,,False
txn_000684,2026-04-07 03:49:47,226.63,UPI,PNB,network_error,7,1,825,1.9,0.41,True
txn_000685,2026-07-05 11:52:03,3155.44,Wallet,Kotak,insufficient_funds,5,1,523,0.4,4.89,True
txn_000686,2026-01-04 20:38:22,979.96,Credit Card,Yes Bank,bank_timeout,4,0,237,0.7,0.11,True
txn_000687,2025-09-15 06:45:12,173.45,Credit Card,IDFC,expired_card,15,0,396,5.3,,True
txn_000688,2026-03-30 08:59:47,996.46,UPI,HDFC,insufficient_funds,30,3,764,1.4,4.36,True
txn_000689,2026-04-09 15:12:06,304.84,Netbanking,Kotak,network_error,9,0,786,0.2,0.64,True
txn_000690,2026-05-25 05:06:05,116.49,Wallet,Axis,bank_timeout,25,0,688,0.5,0.0,False
txn_000691,2026-07-15 07:52:22,805.52,Credit Card,PNB,bank_timeout,15,2,837,4.0,0.0,True
txn_000692,2025-05-13 10:34:30,1018.0,Wallet,IDFC,insufficient_funds,13,0,128,4.6,4.55,True
txn_000693,2025-04-25 18:44:19,490.71,Debit Card,HDFC,network_error,25,2,147,0.6,0.0,True
txn_000694,2026-03-21 17:29:00,164.49,Credit Card,Axis,invalid_cvv,21,0,64,2.1,1.61,False
txn_000695,2025-01-15 17:01:05,418.65,Netbanking,Yes Bank,expired_card,15,0,164,2.1,,False
txn_000696,2025-11-22 06:37:50,165.29,Debit Card,IDFC,otp_failure,22,0,671,2.9,0.31,True
txn_000697,2026-06-21 07:51:28,2967.32,Debit Card,IDFC,insufficient_funds,21,0,126,1.2,3.95,False
txn_000698,2026-01-25 18:35:36,352.58,Wallet,PNB,bank_timeout,25,2,502,0.8,0.62,False
txn_000699,2026-07-26 13:00:03,1130.6,Credit Card,SBI,otp_failure,26,1,26,0.3,0.0,True
txn_000700,2026-02-07 20:57:21,741.6,Debit Card,Yes Bank,bank_timeout,7,3,149,2.7,1.49,False
txn_000701,2026-05-30 08:48:08,692.07,Netbanking,IDFC,insufficient_funds,30,2,199,0.2,3.89,True
txn_000702,2025-09-01 16:46:20,2162.34,Debit Card,PNB,expired_card,1,1,666,2.6,,False
txn_000703,2026-02-19 02:12:31,522.71,UPI,Yes Bank,bank_timeout,19,2,614,1.7,0.24,True
txn_000704,2026-06-09 23:06:12,388.21,UPI,PNB,expired_card,9,1,602,0.6,,False
txn_000705,2025-05-30 08:03:49,1795.3,Debit Card,Kotak,network_error,30,4,58,2.3,0.0,True
txn_000706,2026-03-10 11:29:21,1059.73,UPI,Axis,insufficient_funds,10,2,578,2.2,4.29,True
txn_000707,2025-08-20 03:56:15,1853.72,UPI,Axis,bank_timeout,20,1,209,0.1,0.43,True
txn_000708,2026-06-21 03:00:16,1326.46,Netbanking,Yes Bank,insufficient_funds,21,1,845,0.3,4.0,True
txn_000709,2026-01-08 16:11:02,3368.34,UPI,Kotak,network_error,8,0,243,0.3,0.63,True
txn_000710,2025-08-12 12:46:58,3559.51,Credit Card,IDFC,fraud_block,12,1,483,0.0,,False
txn_000711,2025-11-03 10:37:04,125.8,UPI,SBI,network_error,3,0,176,4.8,0.05,True
txn_000712,2025-08-14 14:25:47,1284.04,Credit Card,Kotak,otp_failure,14,1,112,0.8,0.02,False
txn_000713,2026-07-09 16:33:30,1134.22,Credit Card,Yes Bank,bank_timeout,9,0,307,2.1,1.45,True
txn_000714,2025-12-10 14:29:18,408.42,UPI,PNB,otp_failure,10,2,615,0.2,0.59,True
txn_000715,2025-06-16 05:00:11,512.46,Debit Card,Kotak,bank_timeout,16,0,479,0.4,0.0,False
txn_000716,2026-03-13 12:46:30,1979.27,UPI,SBI,invalid_cvv,13,2,514,3.0,1.6,True
txn_000717,2025-03-26 20:07:51,534.39,Wallet,Axis,otp_failure,26,1,867,0.2,0.43,True
txn_000718,2025-07-08 07:44:43,1324.26,Credit Card,Axis,invalid_cvv,8,0,433,0.1,0.96,True
txn_000719,2026-05-11 12:08:55,1002.8,Debit Card,HDFC,otp_failure,11,1,632,2.3,0.0,False
txn_000720,2025-03-19 19:49:31,450.47,Netbanking,Yes Bank,insufficient_funds,19,4,102,4.8,3.08,True
txn_000721,2026-07-12 04:31:24,1468.3,Netbanking,ICICI,invalid_cvv,12,0,708,2.3,0.71,False
txn_000722,2026-06-14 02:20:20,538.88,Debit Card,HDFC,fraud_block,14,2,234,0.7,,False
txn_000723,2026-03-04 11:18:55,582.2,Debit Card,IDFC,insufficient_funds,4,0,643,0.6,3.9,True
txn_000724,2026-05-23 02:48:13,295.17,Netbanking,PNB,bank_timeout,23,3,471,0.1,0.46,True
txn_000725,2026-05-21 06:55:12,762.55,Debit Card,Kotak,bank_timeout,21,2,768,0.9,0.1,False
txn_000726,2025-09-07 10:59:59,3468.4,UPI,HDFC,insufficient_funds,7,1,515,3.4,4.69,True
txn_000727,2025-03-11 11:40:07,485.36,Wallet,Axis,bank_timeout,11,2,871,0.3,0.0,False
txn_000728,2026-02-20 15:57:41,721.36,Credit Card,SBI,otp_failure,20,0,626,0.4,0.5,True
txn_000729,2025-11-21 13:56:26,885.21,Debit Card,HDFC,invalid_cvv,21,0,488,1.0,0.72,False
txn_000730,2025-11-05 08:30:54,1007.55,Netbanking,SBI,insufficient_funds,5,0,26,1.5,4.32,True
txn_000731,2025-08-13 20:03:19,310.75,Credit Card,HDFC,otp_failure,13,0,229,0.5,0.23,False
txn_000732,2025-08-20 18:26:02,2348.47,Wallet,ICICI,insufficient_funds,20,0,732,1.7,4.75,True
txn_000733,2025-09-18 05:38:15,1230.5,UPI,PNB,insufficient_funds,18,1,18,2.0,2.99,True
txn_000734,2026-05-14 02:55:47,39.16,Wallet,PNB,bank_timeout,14,3,425,0.4,0.0,True
txn_000735,2025-04-15 05:40:05,528.8,Wallet,PNB,network_error,15,2,99,4.6,0.0,True
txn_000736,2025-07-31 22:03:06,575.28,Debit Card,ICICI,invalid_cvv,31,1,695,0.4,1.36,True
txn_000737,2025-09-14 20:23:54,568.07,Debit Card,PNB,otp_failure,14,1,632,0.9,0.76,False
txn_000738,2026-05-19 12:54:52,1576.42,UPI,SBI,bank_timeout,19,1,835,2.5,0.45,True
txn_000739,2025-01-11 22:32:54,2009.89,UPI,Kotak,otp_failure,11,1,130,1.0,0.14,True
txn_000740,2026-03-18 00:12:32,147.49,Debit Card,SBI,invalid_cvv,18,3,351,0.0,0.36,False
txn_000741,2026-04-20 13:01:02,191.08,Netbanking,IDFC,insufficient_funds,20,2,195,2.7,4.39,False
txn_000742,2026-02-05 05:31:39,865.3,UPI,ICICI,otp_failure,5,0,833,5.9,0.75,True
txn_000743,2025-11-08 08:04:23,409.89,Credit Card,SBI,bank_timeout,8,2,756,3.4,0.21,True
txn_000744,2025-04-20 05:11:43,151.63,Netbanking,Yes Bank,invalid_cvv,20,0,85,0.1,1.06,False
txn_000745,2025-07-12 15:55:58,204.87,Credit Card,Kotak,bank_timeout,12,1,220,1.4,0.53,True
txn_000746,2025-10-25 22:20:41,233.82,Debit Card,PNB,insufficient_funds,25,0,101,0.0,2.98,False
txn_000747,2025-07-27 09:08:05,5499.15,UPI,Kotak,bank_timeout,27,0,537,2.9,0.0,True
txn_000748,2026-03-29 09:51:19,632.78,Wallet,HDFC,otp_failure,29,0,13,1.9,0.17,True
txn_000749,2025-07-23 03:42:14,338.46,UPI,Axis,fraud_block,23,1,697,3.4,,False
txn_000750,2025-02-18 06:04:53,666.22,Credit Card,PNB,bank_timeout,18,1,212,0.2,0.31,True
txn_000751,2025-08-27 07:17:05,2006.07,Debit Card,IDFC,network_error,27,0,766,4.2,0.07,True
txn_000752,2026-06-17 21:20:21,984.15,Wallet,Kotak,insufficient_funds,17,1,527,2.0,3.67,True
txn_000753,2026-06-21 03:56:43,1452.69,Credit Card,Kotak,network_error,21,0,775,0.1,0.0,True
txn_000754,2025-10-13 11:30:53,440.55,Wallet,Axis,insufficient_funds,13,2,801,5.5,3.11,False
txn_000755,2025-06-20 04:51:11,1268.5,Debit Card,PNB,bank_timeout,20,2,589,0.8,0.11,False
txn_000756,2025-04-29 23:35:09,720.76,Netbanking,Yes Bank,bank_timeout,29,5,708,3.0,0.0,False
txn_000757,2025-11-19 23:55:26,828.52,Wallet,PNB,insufficient_funds,19,1,7,1.6,3.84,True
txn_000758,2026-02-22 12:03:21,85.6,Debit Card,Axis,bank_timeout,22,2,809,0.6,0.47,True
txn_000759,2026-06-13 10:29:33,476.61,Wallet,ICICI,otp_failure,13,0,103,1.7,0.14,True
txn_000760,2026-02-13 04:09:14,1286.2,Netbanking,Yes Bank,insufficient_funds,13,1,182,3.4,3.6,True
txn_000761,2025-03-02 15:56:24,180.03,Wallet,ICICI,expired_card,2,0,232,0.3,,False
txn_000762,2025-02-17 23:15:12,493.33,Wallet,Axis,insufficient_funds,17,2,628,0.6,4.5,False
txn_000763,2026-03-21 19:55:58,2397.39,Wallet,SBI,invalid_cvv,21,0,874,0.5,0.87,False
txn_000764,2025-05-08 19:11:41,278.86,UPI,PNB,network_error,8,3,527,0.9,0.32,True
txn_000765,2025-04-01 06:52:15,3298.75,Debit Card,PNB,insufficient_funds,1,0,271,2.4,2.97,True
txn_000766,2025-03-12 15:16:30,6995.99,Wallet,PNB,invalid_cvv,12,1,274,1.4,2.17,True
txn_000767,2025-02-13 05:07:35,525.33,Netbanking,SBI,invalid_cvv,13,2,78,2.3,1.32,False
txn_000768,2026-02-03 15:37:59,303.06,Netbanking,PNB,invalid_cvv,3,3,151,0.6,0.0,False
txn_000769,2026-03-15 00:03:59,489.26,Credit Card,PNB,invalid_cvv,15,0,658,2.0,2.54,True
txn_000770,2026-06-07 13:17:56,2591.82,UPI,HDFC,bank_timeout,7,0,237,2.6,0.0,True
txn_000771,2025-11-04 13:01:08,38274.92,UPI,HDFC,insufficient_funds,4,1,416,0.7,4.5,False
txn_000772,2025-06-19 05:58:29,2627.83,Wallet,ICICI,fraud_block,19,2,321,0.2,,False
txn_000773,2025-02-05 04:15:47,750.73,Netbanking,Yes Bank,insufficient_funds,5,2,116,0.6,4.25,False
txn_000774,2026-06-29 00:07:13,241.52,Credit Card,HDFC,insufficient_funds,29,1,456,5.4,3.16,True
txn_000775,2025-02-23 14:36:36,493.24,Netbanking,HDFC,bank_timeout,23,1,293,2.5,0.0,False
txn_000776,2025-08-11 23:45:31,404.83,Netbanking,SBI,insufficient_funds,11,1,644,0.9,3.42,True
txn_000777,2025-04-16 04:34:37,16.3,Netbanking,Yes Bank,insufficient_funds,16,1,250,2.1,4.88,False
txn_000778,2025-10-25 01:56:12,1620.55,Netbanking,IDFC,network_error,25,1,874,1.4,0.38,True
txn_000779,2025-10-19 18:32:25,201.1,Credit Card,SBI,insufficient_funds,19,0,590,1.2,3.85,True
txn_000780,2026-05-23 14:45:30,402.58,UPI,ICICI,insufficient_funds,23,1,767,2.2,3.5,False
txn_000781,2025-05-19 14:59:22,4617.25,Wallet,IDFC,insufficient_funds,19,2,774,0.7,2.67,True
txn_000782,2026-02-15 18:20:22,165.23,Debit Card,Axis,invalid_cvv,15,0,225,6.5,1.64,False
txn_000783,2025-01-03 16:44:48,1185.1,Credit Card,Kotak,otp_failure,3,3,257,0.5,0.7,False
txn_000784,2025-12-26 15:01:05,1917.51,Wallet,IDFC,bank_timeout,26,2,419,2.5,0.2,False
txn_000785,2026-02-18 03:57:40,1826.51,Netbanking,Axis,otp_failure,18,1,688,1.3,0.0,True
txn_000786,2025-07-12 05:57:31,382.23,Netbanking,Yes Bank,bank_timeout,12,1,864,3.8,0.75,True
txn_000787,2025-05-01 11:40:19,638.03,UPI,Axis,otp_failure,1,1,113,1.7,0.55,False
txn_000788,2026-07-18 03:25:33,533.23,Credit Card,HDFC,otp_failure,18,1,825,1.2,0.08,True
txn_000789,2026-05-28 18:58:36,194.6,Netbanking,HDFC,otp_failure,28,1,217,1.5,0.61,False
txn_000790,2025-07-06 22:20:41,130.25,Debit Card,ICICI,otp_failure,6,0,56,4.6,0.08,False
txn_000791,2025-03-20 08:51:03,320.92,Wallet,HDFC,otp_failure,20,4,440,2.5,0.2,False
txn_000792,2025-12-13 18:15:52,671.01,Wallet,HDFC,insufficient_funds,13,3,233,0.7,3.88,False
txn_000793,2025-07-10 02:10:30,1071.83,Credit Card,IDFC,network_error,10,2,655,1.4,0.0,True
txn_000794,2025-12-07 22:51:35,1086.88,Debit Card,Axis,expired_card,7,2,333,1.7,,False
txn_000795,2025-02-13 20:11:35,1787.65,Debit Card,Kotak,invalid_cvv,13,0,822,1.5,2.09,False
txn_000796,2025-07-01 21:05:13,334.72,Wallet,Yes Bank,bank_timeout,1,1,598,1.1,0.51,True
txn_000797,2026-03-25 12:54:38,1941.24,Wallet,Yes Bank,invalid_cvv,25,0,382,1.2,0.94,False
txn_000798,2025-07-04 00:12:40,1495.01,UPI,SBI,bank_timeout,4,3,376,0.8,0.45,True
txn_000799,2026-05-28 19:15:05,678.21,Wallet,Axis,insufficient_funds,28,2,585,4.3,4.37,True
txn_000800,2025-11-18 05:19:15,1578.42,UPI,Kotak,fraud_block,18,0,236,0.1,,False
txn_000801,2025-02-17 08:19:57,429.57,Wallet,SBI,insufficient_funds,17,2,858,2.7,3.19,True
txn_000802,2026-05-02 05:21:28,625.13,Netbanking,PNB,insufficient_funds,2,2,314,1.5,3.16,True
txn_000803,2025-02-06 09:58:58,1730.72,UPI,IDFC,invalid_cvv,6,1,54,0.1,2.16,False
txn_000804,2026-02-12 08:42:00,8369.82,UPI,IDFC,insufficient_funds,12,1,212,0.6,3.99,True
txn_000805,2025-11-14 02:30:09,909.7,Debit Card,Kotak,insufficient_funds,14,1,108,0.6,4.06,True
txn_000806,2025-10-20 09:43:35,508.74,Debit Card,PNB,fraud_block,20,2,657,1.5,,False
txn_000807,2025-07-07 03:58:21,152.05,Debit Card,Kotak,insufficient_funds,7,1,499,7.0,3.84,True
txn_000808,2026-07-04 14:11:15,384.29,Debit Card,PNB,bank_timeout,4,1,881,0.7,0.0,True
txn_000809,2025-02-14 18:11:16,430.03,Wallet,IDFC,invalid_cvv,14,0,536,0.3,1.27,False
txn_000810,2025-11-20 12:16:09,684.6,Wallet,SBI,otp_failure,20,2,35,3.0,0.0,False
txn_000811,2025-10-29 16:39:21,763.5,Debit Card,Kotak,fraud_block,29,3,543,7.9,,False
txn_000812,2025-06-07 22:28:17,426.38,UPI,ICICI,insufficient_funds,7,1,589,2.6,3.72,False
txn_000813,2025-12-16 08:38:02,473.96,UPI,ICICI,expired_card,16,1,715,0.0,,False
txn_000814,2026-02-21 00:58:12,804.31,Debit Card,HDFC,insufficient_funds,21,0,326,0.1,4.42,False
txn_000815,2025-07-28 12:29:12,2846.13,Netbanking,HDFC,invalid_cvv,28,1,798,0.2,1.07,False
txn_000816,2025-02-26 12:47:53,12310.08,Debit Card,Axis,insufficient_funds,26,1,333,0.7,4.22,False
txn_000817,2026-01-08 08:33:20,115.54,Debit Card,Yes Bank,insufficient_funds,8,0,821,1.9,4.84,False
txn_000818,2025-08-24 11:50:03,266.0,Credit Card,Axis,insufficient_funds,24,1,118,1.1,3.94,True
txn_000819,2025-05-28 14:17:54,675.67,Credit Card,PNB,insufficient_funds,28,1,144,0.1,4.33,False
txn_000820,2025-07-08 10:15:52,547.89,Wallet,Axis,bank_timeout,8,3,662,1.3,0.0,True
txn_000821,2025-11-05 01:45:26,2804.07,Debit Card,Yes Bank,expired_card,5,2,560,0.1,,False
txn_000822,2025-08-08 20:36:21,900.27,Netbanking,PNB,bank_timeout,8,2,697,0.2,0.2,True
txn_000823,2026-02-19 11:57:33,740.38,UPI,Kotak,invalid_cvv,19,1,186,0.1,0.46,False
txn_000824,2025-07-23 03:51:43,948.44,UPI,PNB,otp_failure,23,1,51,1.5,1.06,True
txn_000825,2025-12-28 22:56:43,2168.65,Credit Card,PNB,fraud_block,28,1,779,2.7,,False
txn_000826,2025-09-06 17:34:51,1264.22,Debit Card,Yes Bank,bank_timeout,6,4,713,1.8,0.05,False
txn_000827,2025-09-01 01:17:21,286.45,Netbanking,HDFC,fraud_block,1,3,783,2.6,,False
txn_000828,2026-03-13 22:13:15,172.61,Debit Card,SBI,bank_timeout,13,1,84,0.6,0.0,True
txn_000829,2025-01-13 14:21:39,294.27,UPI,IDFC,expired_card,13,1,898,3.2,,False
txn_000830,2025-08-18 06:46:59,445.47,Debit Card,Axis,expired_card,18,0,396,0.3,,False
txn_000831,2025-09-14 05:08:04,462.76,Debit Card,IDFC,network_error,14,0,24,1.7,0.0,False
txn_000832,2026-03-19 13:38:46,1117.1,Debit Card,PNB,network_error,19,0,422,0.5,1.4,True
txn_000833,2026-03-04 16:43:14,441.51,UPI,Kotak,otp_failure,4,0,295,2.3,0.44,True
txn_000834,2026-01-15 12:33:26,1218.25,Netbanking,PNB,network_error,15,1,416,2.7,0.0,True
txn_000835,2025-05-11 16:06:08,196.98,UPI,SBI,network_error,11,0,670,0.0,0.88,True
txn_000836,2025-04-19 17:00:57,410.98,Wallet,PNB,network_error,19,1,356,0.8,0.0,True
txn_000837,2025-05-23 22:53:56,36.76,Wallet,HDFC,insufficient_funds,23,0,167,0.2,3.96,True
txn_000838,2026-02-11 23:01:54,148.34,Credit Card,ICICI,expired_card,11,1,211,0.1,,False
txn_000839,2026-06-04 00:26:26,470.26,Credit Card,HDFC,bank_timeout,4,1,381,3.3,0.0,False
txn_000840,2025-11-17 07:32:53,533.5,Debit Card,Axis,invalid_cvv,17,1,644,0.4,0.93,False
txn_000841,2025-02-22 19:00:51,1757.05,Debit Card,HDFC,insufficient_funds,22,4,42,0.2,4.24,False
txn_000842,2025-06-19 21:13:48,115.94,Wallet,PNB,expired_card,19,0,236,3.6,,False
txn_000843,2025-10-17 20:57:54,243.34,Credit Card,PNB,insufficient_funds,17,0,287,1.6,3.51,False
txn_000844,2026-05-28 01:57:03,1664.85,Netbanking,HDFC,otp_failure,28,0,548,4.1,1.41,True
txn_000845,2025-01-06 03:15:47,231.87,Wallet,IDFC,bank_timeout,6,0,426,0.8,0.31,True
txn_000846,2025-01-10 04:55:05,231.55,Credit Card,Kotak,bank_timeout,10,2,138,5.7,0.23,False
txn_000847,2026-02-21 02:52:55,807.59,UPI,HDFC,bank_timeout,21,1,333,1.3,0.65,True
txn_000848,2026-01-26 01:59:07,354.79,Netbanking,SBI,bank_timeout,26,0,651,0.9,0.0,True
txn_000849,2025-03-25 02:55:50,2871.2,Credit Card,SBI,network_error,25,3,710,0.0,0.29,True
txn_000850,2025-07-07 03:59:04,594.97,Debit Card,Kotak,insufficient_funds,7,0,54,1.8,4.72,False
txn_000851,2025-10-03 07:15:39,1137.12,UPI,IDFC,invalid_cvv,3,2,350,0.5,1.28,True
txn_000852,2025-03-03 09:01:31,268.07,UPI,IDFC,invalid_cvv,3,0,53,5.5,1.84,True
txn_000853,2025-12-23 12:20:17,184.59,Wallet,Axis,insufficient_funds,23,1,789,2.5,3.2,False
txn_000854,2026-06-26 13:25:37,734.5,Debit Card,Kotak,expired_card,26,1,445,0.1,,False
txn_000855,2026-06-16 07:27:36,3579.79,Credit Card,HDFC,insufficient_funds,16,3,831,2.7,3.36,False
txn_000856,2025-03-14 14:58:32,362.9,Netbanking,IDFC,network_error,14,1,23,0.8,0.0,True
txn_000857,2025-10-20 22:57:01,417.88,Wallet,PNB,insufficient_funds,20,2,482,1.1,3.74,False
txn_000858,2025-02-13 14:03:29,394.03,Credit Card,SBI,fraud_block,13,0,105,0.2,,True
txn_000859,2025-03-06 05:22:51,2118.81,Netbanking,IDFC,insufficient_funds,6,1,464,2.2,4.06,True
txn_000860,2026-05-16 21:56:32,29.03,UPI,ICICI,network_error,16,2,104,0.8,0.93,True
txn_000861,2026-02-15 05:36:02,154.98,Credit Card,Axis,insufficient_funds,15,0,223,2.9,3.79,False
txn_000862,2025-06-14 05:05:58,175.3,Wallet,PNB,network_error,14,2,139,2.1,0.0,False
txn_000863,2025-07-30 13:34:41,2613.64,Credit Card,ICICI,otp_failure,30,1,94,0.1,0.0,False
txn_000864,2026-06-16 14:40:35,915.95,UPI,HDFC,otp_failure,16,0,73,0.7,0.0,True
txn_000865,2025-05-20 07:24:36,1325.55,UPI,HDFC,otp_failure,20,1,88,1.3,0.26,False
txn_000866,2025-06-10 21:42:25,1978.68,Wallet,SBI,bank_timeout,10,1,737,0.0,0.0,True
txn_000867,2026-07-08 13:54:12,547.69,Netbanking,ICICI,network_error,8,0,763,3.1,0.0,False
txn_000868,2025-08-21 10:55:32,915.22,Debit Card,Axis,insufficient_funds,21,2,59,2.4,3.9,False
txn_000869,2026-03-17 03:58:39,693.05,Netbanking,Yes Bank,expired_card,17,2,510,4.7,,False
txn_000870,2025-10-26 03:24:43,1209.46,Debit Card,ICICI,network_error,26,1,746,0.1,0.8,True
txn_000871,2026-01-24 23:27:19,70.41,UPI,HDFC,bank_timeout,24,3,66,2.6,0.0,True
txn_000872,2025-03-17 20:59:42,212.01,Netbanking,Axis,bank_timeout,17,1,520,0.1,0.0,True
txn_000873,2025-03-01 01:04:58,577.23,UPI,IDFC,invalid_cvv,1,3,623,2.2,0.2,True
txn_000874,2025-09-11 12:06:06,177.75,Credit Card,Kotak,otp_failure,11,1,111,0.6,0.0,True
txn_000875,2025-12-16 22:51:51,304.52,Netbanking,Axis,network_error,16,0,642,0.0,0.58,True
txn_000876,2025-10-04 08:48:05,284.38,Wallet,IDFC,expired_card,4,2,719,8.3,,True
txn_000877,2025-12-02 10:13:45,231.45,Debit Card,IDFC,otp_failure,2,0,148,1.2,0.0,False
txn_000878,2025-03-08 13:27:14,439.3,Wallet,Kotak,bank_timeout,8,1,306,1.0,0.42,False
txn_000879,2025-07-11 10:09:24,624.17,Credit Card,ICICI,network_error,11,2,630,4.4,0.0,True
txn_000880,2025-07-28 03:21:38,5847.15,Debit Card,IDFC,bank_timeout,28,1,172,2.0,0.0,True
txn_000881,2026-07-07 18:37:25,91.2,Debit Card,IDFC,expired_card,7,0,74,0.9,,False
txn_000882,2025-09-03 23:18:36,360.71,UPI,ICICI,bank_timeout,3,1,362,0.1,0.01,False
txn_000883,2025-03-13 02:03:52,682.18,Credit Card,Kotak,insufficient_funds,13,1,194,0.0,4.59,False
txn_000884,2025-12-12 10:28:38,3103.62,UPI,Kotak,expired_card,12,0,585,2.3,,False
txn_000885,2025-03-21 09:43:54,473.5,Debit Card,ICICI,bank_timeout,21,1,294,6.9,0.0,True
txn_000886,2025-05-26 13:14:09,574.16,Netbanking,PNB,otp_failure,26,3,67,0.4,0.0,True
txn_000887,2026-03-09 14:57:12,1633.81,Wallet,IDFC,network_error,9,0,874,0.2,0.22,True
txn_000888,2025-03-22 05:31:11,635.02,Credit Card,ICICI,fraud_block,22,1,673,0.7,,True
txn_000889,2025-10-02 21:26:25,3149.85,Wallet,ICICI,expired_card,2,1,602,1.5,,False
txn_000890,2026-04-09 15:28:48,1301.66,Wallet,Yes Bank,bank_timeout,9,1,889,2.8,0.69,True
txn_000891,2025-10-27 05:21:19,494.52,Credit Card,Kotak,otp_failure,27,1,735,3.4,0.0,True
txn_000892,2025-11-18 09:58:43,869.66,Netbanking,ICICI,expired_card,18,1,468,1.1,,False
txn_000893,2026-07-18 00:04:06,9423.75,Wallet,Axis,otp_failure,18,2,696,2.8,0.29,True
txn_000894,2026-03-21 06:06:54,508.18,Wallet,SBI,network_error,21,1,122,1.3,0.2,True
txn_000895,2026-06-17 07:12:57,151.63,Netbanking,SBI,insufficient_funds,17,2,330,1.3,3.85,False
txn_000896,2025-04-18 20:09:58,509.43,UPI,Kotak,insufficient_funds,18,1,146,0.4,4.09,False
txn_000897,2025-07-28 11:27:55,2553.31,Netbanking,SBI,insufficient_funds,28,3,359,0.2,3.72,True
txn_000898,2025-02-19 03:23:06,149.3,Debit Card,IDFC,expired_card,19,2,560,3.9,,True
txn_000899,2025-08-03 08:18:07,507.03,Netbanking,Kotak,insufficient_funds,3,0,327,5.8,4.1,False
txn_000900,2026-01-12 02:43:33,386.27,Credit Card,Yes Bank,expired_card,12,3,46,1.6,,False
txn_000901,2025-07-15 12:01:23,456.43,Debit Card,PNB,insufficient_funds,15,1,187,1.3,4.49,True
txn_000902,2026-04-07 05:21:12,896.77,Wallet,Axis,otp_failure,7,3,626,3.5,0.03,False
txn_000903,2025-12-22 15:09:34,335.05,Credit Card,SBI,bank_timeout,22,0,516,4.9,0.33,False
txn_000904,2025-08-25 15:14:12,511.96,Credit Card,IDFC,expired_card,25,1,623,5.2,,False
txn_000905,2025-09-16 00:58:39,343.79,Wallet,IDFC,network_error,16,1,799,0.4,0.74,True
txn_000906,2025-09-13 23:06:10,482.94,Netbanking,Yes Bank,expired_card,13,2,560,2.2,,True
txn_000907,2025-12-01 11:16:05,60.04,Wallet,SBI,bank_timeout,1,3,461,1.9,0.11,True
txn_000908,2025-08-22 08:31:10,153.6,UPI,Axis,bank_timeout,22,0,431,0.8,0.13,True
txn_000909,2026-01-08 01:23:19,1143.18,UPI,SBI,insufficient_funds,8,3,413,3.2,3.28,False
txn_000910,2025-11-06 07:43:25,1637.51,UPI,Kotak,expired_card,6,1,434,0.7,,False
txn_000911,2026-07-25 19:03:03,685.01,Netbanking,Axis,expired_card,25,1,637,1.9,,False
txn_000912,2025-09-11 02:57:35,1115.04,Netbanking,Kotak,insufficient_funds,11,1,204,1.3,3.8,False
txn_000913,2025-11-02 04:50:30,799.07,UPI,ICICI,insufficient_funds,2,0,698,0.2,4.75,True
txn_000914,2026-03-14 22:56:07,5535.71,Debit Card,SBI,insufficient_funds,14,0,829,0.5,4.23,True
txn_000915,2026-06-14 12:02:40,5422.01,Wallet,HDFC,invalid_cvv,14,1,383,0.3,1.15,False
txn_000916,2026-07-19 20:14:22,264.35,Netbanking,Axis,otp_failure,19,2,547,1.6,0.31,True
txn_000917,2025-12-07 13:23:33,347.46,UPI,ICICI,invalid_cvv,7,1,570,0.6,0.43,True
txn_000918,2025-11-14 18:57:07,3310.09,Netbanking,SBI,insufficient_funds,14,1,649,0.4,4.15,False
txn_000919,2026-05-07 22:14:22,1303.12,UPI,Axis,otp_failure,7,0,170,0.6,0.0,True
txn_000920,2025-07-16 06:19:40,233.57,Debit Card,IDFC,insufficient_funds,16,2,854,1.6,3.44,False
txn_000921,2025-10-20 19:37:05,2201.54,Credit Card,PNB,insufficient_funds,20,1,384,0.2,4.18,False
txn_000922,2026-04-10 10:17:41,191.59,Netbanking,IDFC,bank_timeout,10,2,474,0.6,0.19,True
txn_000923,2026-02-20 01:19:49,437.02,Wallet,IDFC,bank_timeout,20,1,59,7.1,0.28,True
txn_000924,2026-02-27 06:16:52,201.03,Credit Card,Yes Bank,bank_timeout,27,1,533,2.3,0.0,True
txn_000925,2026-06-29 23:24:39,1410.25,Wallet,ICICI,insufficient_funds,29,0,832,2.3,3.31,True
txn_000926,2025-03-26 22:47:37,110.14,Debit Card,Yes Bank,bank_timeout,26,1,586,2.2,0.0,True
txn_000927,2025-05-10 04:46:27,110.62,Wallet,HDFC,insufficient_funds,10,0,492,1.5,3.87,False
txn_000928,2026-03-14 11:11:13,2982.21,Netbanking,Yes Bank,fraud_block,14,4,229,1.5,,False
txn_000929,2025-12-01 08:16:22,127.53,Credit Card,HDFC,otp_failure,1,3,61,11.2,0.0,True
txn_000930,2025-03-18 14:09:34,940.22,UPI,Axis,insufficient_funds,18,5,673,0.1,4.54,False
txn_000931,2026-02-01 15:41:42,690.59,Wallet,Axis,expired_card,1,2,479,0.2,,True
txn_000932,2025-12-13 05:54:52,1981.89,UPI,IDFC,insufficient_funds,13,1,621,2.3,4.25,True
txn_000933,2025-12-26 16:07:25,609.9,Wallet,SBI,bank_timeout,26,1,470,0.4,0.0,True
txn_000934,2025-09-25 22:39:29,332.9,Credit Card,PNB,otp_failure,25,3,132,0.3,0.13,False
txn_000935,2025-03-23 04:56:28,229.87,UPI,IDFC,invalid_cvv,23,1,474,0.4,0.98,False
txn_000936,2025-03-08 16:26:58,142.21,Credit Card,SBI,invalid_cvv,8,2,42,3.1,0.92,True
txn_000937,2025-09-28 13:19:00,389.13,UPI,Yes Bank,bank_timeout,28,2,387,0.6,0.0,True
txn_000938,2025-12-20 16:00:55,2106.39,Debit Card,PNB,insufficient_funds,20,2,417,2.4,3.7,False
txn_000939,2025-09-28 12:47:17,2134.35,Netbanking,ICICI,bank_timeout,28,1,258,1.1,0.0,False
txn_000940,2025-12-07 08:00:18,519.51,Netbanking,Yes Bank,invalid_cvv,7,1,850,2.2,2.1,False
txn_000941,2025-02-22 04:13:13,367.11,UPI,HDFC,bank_timeout,22,0,173,1.7,0.0,True
txn_000942,2026-07-07 01:52:50,2341.88,Credit Card,HDFC,expired_card,7,1,840,3.4,,True
txn_000943,2025-09-24 11:26:11,596.64,Credit Card,SBI,bank_timeout,24,0,10,1.1,0.0,True
txn_000944,2026-07-30 03:43:28,6668.59,Debit Card,SBI,otp_failure,30,1,9,1.5,0.0,True
txn_000945,2026-03-05 16:21:12,289.85,Debit Card,Yes Bank,otp_failure,5,1,518,0.1,0.93,False
txn_000946,2026-03-11 20:20:27,743.26,Netbanking,PNB,expired_card,11,0,506,2.2,,False
txn_000947,2025-06-30 02:06:02,763.88,Netbanking,SBI,insufficient_funds,30,2,231,2.0,3.44,True
txn_000948,2025-05-25 18:30:14,353.92,Netbanking,IDFC,expired_card,25,0,345,1.3,,False
txn_000949,2025-01-23 16:11:00,744.28,Wallet,Axis,insufficient_funds,23,2,696,0.3,3.81,False
txn_000950,2025-12-16 04:41:08,763.49,Wallet,IDFC,otp_failure,16,3,612,1.5,1.03,True
txn_000951,2025-10-30 00:25:27,1711.41,Credit Card,Axis,invalid_cvv,30,0,695,0.4,1.07,True
txn_000952,2025-06-09 20:06:02,773.74,UPI,ICICI,insufficient_funds,9,1,888,4.4,4.98,True
txn_000953,2026-03-25 10:32:42,2456.61,Credit Card,SBI,network_error,25,0,373,1.3,0.35,True
txn_000954,2025-10-12 02:52:34,466.49,UPI,Axis,otp_failure,12,2,89,2.6,0.1,True
txn_000955,2025-12-22 09:21:29,494.29,Credit Card,Kotak,fraud_block,22,0,47,1.5,,False
txn_000956,2026-06-05 22:46:50,2153.87,Netbanking,Yes Bank,bank_timeout,5,3,488,1.5,0.0,False
txn_000957,2026-04-09 16:20:34,7244.28,Netbanking,IDFC,insufficient_funds,9,2,486,1.7,3.68,False
txn_000958,2026-04-01 22:33:39,1020.9,Credit Card,Yes Bank,network_error,1,1,747,2.3,0.0,True
txn_000959,2025-10-01 09:28:28,271.67,Netbanking,SBI,invalid_cvv,1,2,452,0.8,1.0,False
txn_000960,2026-06-08 04:36:23,533.04,UPI,ICICI,insufficient_funds,8,0,77,0.5,3.62,True
txn_000961,2026-06-07 01:02:24,605.21,Debit Card,Yes Bank,invalid_cvv,7,0,218,2.0,0.94,True
txn_000962,2025-04-02 13:06:01,364.16,Debit Card,Kotak,insufficient_funds,2,0,880,0.3,3.92,False
txn_000963,2025-04-01 20:05:08,278.33,Debit Card,Yes Bank,invalid_cvv,1,1,836,1.0,1.42,False
txn_000964,2026-06-23 14:35:38,466.86,Debit Card,IDFC,bank_timeout,23,2,24,0.4,0.0,True
txn_000965,2025-11-21 20:32:31,1925.33,Wallet,SBI,bank_timeout,21,1,492,5.1,0.02,True
txn_000966,2026-03-23 11:09:40,230.46,Netbanking,IDFC,network_error,23,2,174,4.3,0.14,True
txn_000967,2025-05-25 06:41:59,771.05,Netbanking,SBI,otp_failure,25,0,631,4.0,0.06,False
txn_000968,2026-03-08 00:19:12,960.16,Debit Card,PNB,fraud_block,8,2,438,0.6,,False
txn_000969,2025-08-13 08:16:13,206.13,Debit Card,SBI,insufficient_funds,13,1,675,5.4,3.38,True
txn_000970,2025-09-02 08:11:47,161.97,Netbanking,HDFC,otp_failure,2,0,519,0.8,0.49,True
txn_000971,2025-10-06 20:58:30,2508.94,Credit Card,PNB,insufficient_funds,6,1,308,0.3,5.1,True
txn_000972,2025-04-17 01:11:29,1022.66,Debit Card,IDFC,insufficient_funds,17,0,24,2.2,4.42,False
txn_000973,2026-03-13 04:38:55,244.72,Wallet,PNB,invalid_cvv,13,0,18,0.0,0.24,True
txn_000974,2025-11-14 18:49:01,567.63,Netbanking,IDFC,insufficient_funds,14,1,353,0.1,3.54,False
txn_000975,2026-07-06 14:00:47,1056.73,Netbanking,PNB,bank_timeout,6,4,812,0.2,0.17,True
txn_000976,2025-05-10 21:49:51,454.19,Credit Card,HDFC,insufficient_funds,10,1,1,4.7,3.34,True
txn_000977,2025-06-21 06:58:04,598.37,UPI,HDFC,bank_timeout,21,0,525,1.2,0.72,True
txn_000978,2025-08-02 11:37:47,1009.09,Debit Card,Kotak,network_error,2,1,676,2.1,0.78,True
txn_000979,2025-05-11 15:38:33,1305.24,Netbanking,PNB,bank_timeout,11,0,234,0.5,0.0,True
txn_000980,2026-03-03 23:38:19,493.33,Wallet,ICICI,insufficient_funds,3,0,381,1.0,3.82,True
txn_000981,2026-03-21 20:09:49,210.42,Credit Card,Kotak,bank_timeout,21,1,626,0.1,0.0,False
txn_000982,2026-02-26 20:13:58,6580.8,UPI,HDFC,otp_failure,26,1,244,2.7,0.98,True
txn_000983,2026-07-13 10:45:47,684.17,Netbanking,Axis,bank_timeout,13,2,146,1.0,0.0,True
txn_000984,2025-11-27 05:27:28,673.32,Credit Card,Axis,network_error,27,1,284,8.1,0.0,False
txn_000985,2025-08-20 05:41:48,150.79,Credit Card,PNB,bank_timeout,20,1,333,0.1,0.0,True
txn_000986,2025-07-24 03:13:51,217.83,UPI,ICICI,network_error,24,0,464,1.1,0.0,False
txn_000987,2025-12-08 00:51:22,353.75,Credit Card,Axis,insufficient_funds,8,0,413,1.3,4.03,True
txn_000988,2025-06-13 00:24:45,299.46,Wallet,Yes Bank,bank_timeout,13,1,887,0.6,0.25,False
txn_000989,2026-07-07 01:24:50,363.25,Wallet,IDFC,network_error,7,2,673,1.4,0.45,True
txn_000990,2025-05-09 22:07:17,109.57,Wallet,SBI,bank_timeout,9,1,105,0.3,0.65,True
txn_000991,2025-06-10 11:40:10,194.96,Debit Card,HDFC,insufficient_funds,10,0,367,4.5,4.65,True
txn_000992,2026-03-19 18:57:21,5089.88,UPI,Kotak,network_error,19,0,762,1.8,0.38,True
txn_000993,2026-04-09 14:14:01,1266.58,Wallet,SBI,insufficient_funds,9,0,670,0.1,4.08,True
txn_000994,2025-09-09 09:20:26,523.61,UPI,Kotak,bank_timeout,9,0,589,0.4,0.44,True
txn_000995,2026-03-21 20:33:54,1293.71,UPI,ICICI,insufficient_funds,21,2,675,2.2,3.49,True
txn_000996,2025-04-16 07:33:37,1004.3,Netbanking,HDFC,network_error,16,3,435,4.8,0.0,True
txn_000997,2025-08-04 09:41:07,903.88,Debit Card,SBI,otp_failure,4,0,154,1.0,0.0,True
txn_000998,2025-07-13 22:19:16,873.54,Debit Card,Yes Bank,insufficient_funds,13,2,236,3.0,3.68,False
txn_000999,2025-07-12 06:45:17,6800.14,Netbanking,PNB,bank_timeout,12,3,29,2.7,0.0,True
txn_001000,2025-04-21 10:16:16,1230.18,Wallet,Kotak,insufficient_funds,21,1,761,3.2,4.26,True
txn_001001,2026-05-03 15:16:45,502.74,Netbanking,IDFC,network_error,3,3,114,0.2,0.0,False
txn_001002,2025-12-18 01:44:11,1442.17,Credit Card,ICICI,insufficient_funds,18,2,595,6.5,4.31,True
txn_001003,2025-11-09 21:40:57,1760.52,Wallet,Kotak,expired_card,9,1,86,2.0,,False
txn_001004,2026-06-24 14:12:50,1241.28,UPI,PNB,insufficient_funds,24,1,105,0.5,3.74,True
txn_001005,2026-01-15 01:48:30,1169.02,UPI,HDFC,insufficient_funds,15,0,794,0.8,4.22,True
txn_001006,2026-07-24 02:57:57,117.3,Credit Card,PNB,otp_failure,24,3,265,4.5,0.78,False
txn_001007,2026-05-09 02:17:07,54.05,UPI,ICICI,bank_timeout,9,1,758,1.2,0.28,False
txn_001008,2026-02-20 02:23:38,709.46,Netbanking,Axis,bank_timeout,20,1,637,0.2,0.47,True
txn_001009,2025-11-30 17:07:40,362.4,Debit Card,PNB,fraud_block,30,4,228,2.9,,False
txn_001010,2025-07-28 13:53:22,95.41,UPI,Kotak,invalid_cvv,28,1,19,0.8,1.0,False
txn_001011,2025-09-20 08:12:44,940.22,Wallet,SBI,fraud_block,20,3,414,5.4,,False
txn_001012,2026-03-16 17:39:13,2189.1,Netbanking,Yes Bank,network_error,16,0,393,1.6,0.93,True
txn_001013,2026-06-15 03:41:24,587.35,Credit Card,HDFC,insufficient_funds,15,1,93,0.7,4.18,False
txn_001014,2025-03-19 08:12:27,336.91,Netbanking,HDFC,otp_failure,19,2,191,3.0,0.0,True
txn_001015,2025-04-07 11:56:55,337.83,Debit Card,PNB,otp_failure,7,0,635,3.2,0.34,False
txn_001016,2025-12-21 14:06:53,281.3,Credit Card,IDFC,expired_card,21,3,95,5.6,,False
txn_001017,2025-06-07 03:29:04,588.29,Debit Card,Kotak,invalid_cvv,7,2,823,4.8,1.05,False
txn_001018,2025-05-04 11:33:16,444.96,UPI,ICICI,insufficient_funds,4,0,394,0.3,4.36,True
txn_001019,2026-05-24 10:24:14,69.91,UPI,Kotak,network_error,24,1,730,0.8,0.37,True
txn_001020,2025-03-06 00:25:48,203.98,UPI,SBI,bank_timeout,6,0,891,5.5,0.6,True
txn_001021,2025-02-10 05:23:05,3018.55,Netbanking,Kotak,insufficient_funds,10,0,319,4.2,3.43,False
txn_001022,2026-07-18 21:24:14,302.26,Debit Card,IDFC,insufficient_funds,18,5,365,0.9,4.69,False
txn_001023,2026-05-25 03:07:49,84.45,Credit Card,ICICI,insufficient_funds,25,2,149,0.8,4.38,False
txn_001024,2025-01-01 20:15:00,576.65,Debit Card,PNB,insufficient_funds,1,1,86,2.5,3.51,True
txn_001025,2025-03-02 12:52:59,116.21,Debit Card,Axis,otp_failure,2,0,485,1.0,0.0,True
txn_001026,2026-02-08 11:08:33,1214.93,Netbanking,HDFC,otp_failure,8,0,420,3.9,0.34,True
txn_001027,2025-01-07 06:17:49,2365.12,UPI,ICICI,insufficient_funds,7,0,570,0.1,4.25,False
txn_001028,2025-11-25 00:30:08,1626.84,Debit Card,PNB,otp_failure,25,2,634,0.1,0.0,True
txn_001029,2025-02-25 00:20:07,1199.91,Debit Card,IDFC,otp_failure,25,1,649,0.4,1.32,True
txn_001030,2025-03-11 09:15:07,1544.18,Credit Card,ICICI,fraud_block,11,0,573,0.2,,True
txn_001031,2025-09-01 09:17:41,1218.01,UPI,Kotak,bank_timeout,1,2,69,3.6,0.0,True
txn_001032,2025-04-17 12:16:31,1289.7,Netbanking,SBI,insufficient_funds,17,1,342,0.1,3.74,True
txn_001033,2026-05-14 07:50:46,406.72,Debit Card,ICICI,expired_card,14,1,682,2.0,,False
txn_001034,2026-02-17 01:23:27,555.6,Wallet,HDFC,insufficient_funds,17,0,575,0.3,4.33,True
txn_001035,2026-04-20 01:10:30,249.68,Debit Card,PNB,bank_timeout,20,0,339,2.4,0.43,True
txn_001036,2025-09-30 18:36:48,1625.05,Debit Card,SBI,insufficient_funds,30,0,581,1.1,4.06,False
txn_001037,2025-11-16 18:49:43,548.23,Wallet,PNB,invalid_cvv,16,1,57,0.4,1.74,False
txn_001038,2025-06-18 17:44:03,1119.21,Credit Card,ICICI,network_error,18,3,553,0.1,0.16,True
txn_001039,2025-04-19 18:02:02,967.28,Credit Card,IDFC,insufficient_funds,19,0,134,2.4,3.8,False
txn_001040,2025-10-01 01:05:57,852.6,Netbanking,Yes Bank,network_error,1,1,221,1.0,0.24,True
txn_001041,2025-04-19 14:37:25,1112.15,Debit Card,Kotak,expired_card,19,0,795,0.4,,False
txn_001042,2026-05-16 16:35:54,3135.77,Credit Card,Axis,expired_card,16,1,855,0.6,,False
txn_001043,2026-03-06 20:03:39,1040.29,Wallet,Kotak,expired_card,6,1,135,7.0,,False
txn_001044,2026-06-21 07:24:25,659.85,Credit Card,Kotak,otp_failure,21,0,112,1.8,0.61,False
txn_001045,2025-06-09 13:47:08,568.26,Wallet,Axis,invalid_cvv,9,2,14,0.5,0.0,False
txn_001046,2025-11-01 06:46:05,806.46,UPI,HDFC,bank_timeout,1,2,828,4.4,0.0,False
txn_001047,2025-07-05 21:38:27,403.34,Netbanking,IDFC,otp_failure,5,1,764,0.0,0.0,True
txn_001048,2025-03-29 13:41:39,310.31,Debit Card,PNB,insufficient_funds,29,2,767,0.1,3.99,True
txn_001049,2026-05-11 14:43:00,116.31,Wallet,ICICI,bank_timeout,11,0,228,2.0,0.0,True
txn_001050,2026-02-15 07:58:26,368.23,Credit Card,Yes Bank,insufficient_funds,15,1,701,0.6,3.6,False
txn_001051,2025-09-03 19:28:40,259.29,Debit Card,IDFC,network_error,3,4,826,6.3,0.32,True
txn_001052,2026-03-18 11:22:42,610.9,Netbanking,Yes Bank,network_error,18,0,503,6.1,0.05,True
txn_001053,2026-03-01 08:49:05,353.79,Debit Card,PNB,otp_failure,1,1,300,1.2,0.1,True
txn_001054,2025-02-26 16:39:59,605.54,Credit Card,ICICI,otp_failure,26,0,353,0.3,0.0,False
txn_001055,2025-01-11 17:07:41,56.74,UPI,Axis,insufficient_funds,11,1,347,0.2,3.21,False
txn_001056,2025-01-31 22:25:35,721.51,Credit Card,IDFC,insufficient_funds,31,1,424,4.0,3.52,False
txn_001057,2026-01-29 11:54:22,193.67,UPI,IDFC,bank_timeout,29,0,449,1.1,0.0,True
txn_001058,2025-11-26 00:00:52,253.06,Netbanking,ICICI,invalid_cvv,26,0,187,0.2,1.15,False
txn_001059,2026-05-13 12:28:49,609.87,Wallet,SBI,invalid_cvv,13,3,236,6.2,0.96,False
txn_001060,2025-08-04 12:22:24,1479.73,Credit Card,Kotak,network_error,4,1,469,0.2,1.16,True
txn_001061,2025-03-03 09:04:07,589.52,Wallet,Axis,bank_timeout,3,1,25,0.0,0.82,False
txn_001062,2025-05-01 16:26:22,884.26,Wallet,Yes Bank,bank_timeout,1,1,324,2.6,0.62,False
txn_001063,2025-10-31 11:45:47,1130.14,Wallet,ICICI,insufficient_funds,31,2,52,3.7,3.94,False
txn_001064,2025-08-29 21:58:42,966.6,Netbanking,Axis,insufficient_funds,29,0,298,0.1,4.7,True
txn_001065,2025-02-14 23:26:42,1079.46,Debit Card,ICICI,network_error,14,0,319,2.3,0.0,False
txn_001066,2025-12-04 11:21:40,1706.6,Credit Card,PNB,insufficient_funds,4,1,255,1.0,3.24,True
txn_001067,2026-04-21 14:02:22,299.95,Wallet,HDFC,insufficient_funds,21,1,299,2.2,3.52,True
txn_001068,2025-08-29 05:35:04,330.89,Debit Card,ICICI,insufficient_funds,29,1,479,1.3,4.17,True
txn_001069,2025-01-10 20:05:31,1087.91,Debit Card,HDFC,bank_timeout,10,2,260,2.1,0.01,True
txn_001070,2025-05-08 06:03:41,366.51,Netbanking,Yes Bank,bank_timeout,8,0,693,3.9,0.02,True
txn_001071,2026-02-11 05:31:35,202.55,Wallet,Kotak,bank_timeout,11,1,330,1.1,0.0,False
txn_001072,2025-05-10 16:24:54,460.15,UPI,SBI,invalid_cvv,10,1,271,0.2,1.14,False
txn_001073,2025-07-28 18:07:59,2083.89,Credit Card,HDFC,invalid_cvv,28,3,231,1.3,1.2,False
txn_001074,2025-09-18 05:03:29,512.02,Netbanking,Kotak,bank_timeout,18,4,395,3.5,0.0,True
txn_001075,2026-02-11 21:21:01,384.59,Credit Card,Kotak,insufficient_funds,11,1,293,1.8,4.87,False
txn_001076,2026-07-08 06:40:03,230.12,Wallet,ICICI,fraud_block,8,2,793,1.5,,False
txn_001077,2026-01-21 08:51:39,416.08,Netbanking,Yes Bank,network_error,21,1,187,5.4,0.0,False
txn_001078,2025-02-13 01:27:35,1076.0,Netbanking,SBI,insufficient_funds,13,0,26,1.4,3.49,True
txn_001079,2025-10-13 14:11:49,280.38,Debit Card,Kotak,otp_failure,13,1,20,8.7,0.0,False
txn_001080,2025-03-21 22:17:11,514.39,Wallet,ICICI,otp_failure,21,1,887,0.4,0.52,True
txn_001081,2025-06-27 09:46:01,4320.28,Wallet,HDFC,insufficient_funds,27,0,74,0.9,3.57,True
txn_001082,2025-02-04 04:55:33,216.77,Credit Card,Axis,expired_card,4,3,603,2.2,,False
txn_001083,2025-02-05 17:09:28,64.46,Netbanking,Yes Bank,insufficient_funds,5,2,560,4.4,4.04,True
txn_001084,2025-10-25 11:15:17,2229.41,Debit Card,SBI,otp_failure,25,2,898,1.0,0.25,True
txn_001085,2025-01-28 11:13:29,1295.47,Wallet,IDFC,bank_timeout,28,0,664,1.1,0.28,True
txn_001086,2025-06-24 09:16:07,438.77,UPI,Axis,bank_timeout,24,1,590,0.2,0.19,True
txn_001087,2025-11-20 07:35:07,294.46,UPI,Kotak,bank_timeout,20,1,642,0.1,0.78,True
txn_001088,2025-03-02 11:55:12,1229.45,Wallet,Yes Bank,bank_timeout,2,3,334,0.9,0.0,False
txn_001089,2025-04-03 17:47:40,183.36,Wallet,HDFC,otp_failure,3,2,158,4.6,0.26,True
txn_001090,2025-05-20 07:13:15,417.3,Debit Card,HDFC,fraud_block,20,0,558,4.8,,False
txn_001091,2025-11-08 09:46:51,643.31,Credit Card,PNB,insufficient_funds,8,2,261,3.0,4.61,True
txn_001092,2025-08-08 06:34:53,270.06,UPI,Yes Bank,network_error,8,1,19,0.0,0.0,True
txn_001093,2025-03-09 02:20:34,592.78,Wallet,PNB,insufficient_funds,9,2,762,1.1,3.93,False
txn_001094,2025-01-07 04:33:22,236.57,UPI,Axis,bank_timeout,7,0,93,1.4,0.0,False
txn_001095,2025-08-15 11:43:35,266.11,Wallet,Kotak,bank_timeout,15,1,14,0.1,0.0,False
txn_001096,2026-07-29 10:41:44,517.89,Wallet,Axis,bank_timeout,29,1,289,0.2,0.0,True
txn_001097,2025-12-27 08:13:13,304.72,UPI,PNB,bank_timeout,27,0,536,0.3,0.64,False
txn_001098,2025-06-01 18:56:16,1826.13,Wallet,Axis,expired_card,1,1,896,2.1,,True
txn_001099,2025-04-27 22:45:38,175.63,Credit Card,IDFC,insufficient_funds,27,2,845,5.1,4.05,False
txn_001100,2025-01-19 13:43:10,367.45,Debit Card,Yes Bank,network_error,19,0,537,0.3,0.23,True
txn_001101,2026-05-09 22:48:54,170.83,Credit Card,Yes Bank,invalid_cvv,9,1,689,0.1,0.91,False
txn_001102,2025-01-02 03:15:15,4697.15,Netbanking,Kotak,insufficient_funds,2,0,531,0.2,3.22,True
txn_001103,2025-03-22 17:45:00,505.3,Debit Card,Axis,network_error,22,4,28,0.9,0.06,True
txn_001104,2025-11-23 01:56:04,339.77,Netbanking,HDFC,expired_card,23,0,113,5.6,,False
txn_001105,2025-04-21 14:02:02,731.48,UPI,ICICI,expired_card,21,0,390,0.7,,False
txn_001106,2025-02-04 02:21:36,1553.4,Debit Card,IDFC,insufficient_funds,4,0,418,3.8,4.39,True
txn_001107,2026-06-29 08:43:59,133.26,UPI,PNB,bank_timeout,29,0,673,5.7,0.46,True
txn_001108,2025-03-07 22:41:44,526.51,Wallet,ICICI,fraud_block,7,2,542,0.2,,False
txn_001109,2026-01-28 13:51:23,528.66,Debit Card,IDFC,insufficient_funds,28,0,134,0.2,3.44,True
txn_001110,2025-02-28 02:56:28,6272.44,Wallet,HDFC,network_error,28,1,752,3.7,0.0,False
txn_001111,2025-12-04 20:40:06,687.02,Debit Card,Axis,otp_failure,4,0,654,0.3,1.14,True
txn_001112,2025-08-15 13:14:06,628.91,UPI,Yes Bank,insufficient_funds,15,0,575,0.3,4.13,True
txn_001113,2025-11-02 05:10:07,238.1,UPI,Yes Bank,fraud_block,2,1,430,0.7,,False
txn_001114,2025-12-18 16:01:05,2794.38,UPI,Axis,network_error,18,2,84,1.0,0.46,True
txn_001115,2025-02-28 00:16:28,347.67,Debit Card,SBI,fraud_block,28,1,598,1.9,,False
txn_001116,2026-03-31 03:44:52,424.54,Credit Card,SBI,bank_timeout,31,1,409,3.3,0.44,True
txn_001117,2025-03-24 01:36:11,171.83,Debit Card,PNB,bank_timeout,24,2,822,1.1,0.17,True
txn_001118,2025-12-28 23:53:49,96.67,UPI,IDFC,otp_failure,28,1,875,3.0,0.36,False
txn_001119,2025-04-04 18:41:45,6114.63,Wallet,Yes Bank,expired_card,4,3,897,2.3,,False
txn_001120,2025-06-11 06:37:11,275.92,Netbanking,Kotak,bank_timeout,11,1,853,0.9,0.0,True
txn_001121,2025-12-26 21:24:23,722.28,UPI,ICICI,insufficient_funds,26,0,369,2.0,3.36,True
txn_001122,2025-03-12 05:34:03,238.17,Debit Card,Kotak,bank_timeout,12,1,614,1.2,0.42,False
txn_001123,2026-07-02 08:38:58,851.78,Wallet,HDFC,insufficient_funds,2,2,483,0.6,3.98,True
txn_001124,2025-06-17 00:16:40,1973.28,UPI,SBI,expired_card,17,1,196,0.9,,False
txn_001125,2025-03-12 20:19:54,255.35,Debit Card,Yes Bank,bank_timeout,12,0,106,0.2,0.0,True
txn_001126,2025-11-04 18:31:55,1068.53,Wallet,HDFC,insufficient_funds,4,0,264,1.1,4.35,True
txn_001127,2026-06-10 23:36:47,3967.53,UPI,Kotak,bank_timeout,10,1,26,3.4,0.0,True
txn_001128,2025-05-16 01:07:46,379.1,Credit Card,IDFC,expired_card,16,3,574,1.7,,False
txn_001129,2025-12-18 05:38:26,704.65,Wallet,Axis,invalid_cvv,18,3,838,1.4,1.15,False
txn_001130,2025-03-15 13:48:25,1070.36,Netbanking,ICICI,bank_timeout,15,1,290,2.9,0.0,False
txn_001131,2025-04-19 13:55:52,1287.5,Credit Card,HDFC,expired_card,19,1,705,2.6,,False
txn_001132,2025-02-17 21:35:48,1825.13,Debit Card,SBI,network_error,17,0,664,0.1,0.38,True
txn_001133,2025-06-03 21:28:02,4437.68,Netbanking,Yes Bank,bank_timeout,3,1,251,1.5,0.04,False
txn_001134,2026-06-18 01:17:04,757.29,Credit Card,Kotak,insufficient_funds,18,0,663,0.7,4.78,True
txn_001135,2025-02-28 05:51:44,910.91,Credit Card,ICICI,insufficient_funds,28,3,624,1.3,3.82,True
txn_001136,2025-06-03 14:20:00,779.06,Netbanking,SBI,invalid_cvv,3,3,160,6.5,1.02,False
txn_001137,2025-03-13 10:36:21,3926.45,UPI,ICICI,otp_failure,13,1,133,2.3,0.0,False
txn_001138,2025-02-03 03:55:01,1130.67,Netbanking,HDFC,fraud_block,3,2,360,0.4,,False
txn_001139,2025-05-11 11:32:44,146.14,Wallet,IDFC,invalid_cvv,11,2,607,0.1,1.23,False
txn_001140,2026-07-17 16:22:11,1152.85,Netbanking,PNB,insufficient_funds,17,3,637,1.9,3.48,False
txn_001141,2025-01-23 21:35:23,3595.89,Netbanking,IDFC,network_error,23,2,700,0.6,0.0,True
txn_001142,2025-05-15 05:21:35,1080.68,UPI,Axis,insufficient_funds,15,0,24,0.2,3.57,True
txn_001143,2025-05-26 08:44:58,349.61,UPI,Kotak,insufficient_funds,26,2,193,0.4,4.27,True
txn_001144,2025-12-13 10:15:20,244.83,Debit Card,HDFC,bank_timeout,13,1,845,3.6,1.36,False
txn_001145,2026-04-22 23:46:34,164.59,Wallet,Axis,network_error,22,1,248,6.4,0.56,True
txn_001146,2026-05-18 18:08:38,4104.22,UPI,PNB,invalid_cvv,18,1,624,1.0,1.25,False
txn_001147,2025-11-17 00:05:28,286.31,Wallet,PNB,invalid_cvv,17,1,522,0.1,0.84,False
txn_001148,2025-02-17 08:43:56,622.31,Credit Card,Kotak,expired_card,17,3,702,1.0,,False
txn_001149,2025-10-25 11:55:20,1574.55,Debit Card,IDFC,bank_timeout,25,1,256,2.7,0.0,True
txn_001150,2025-06-04 22:09:46,231.67,Wallet,Axis,invalid_cvv,4,2,134,0.8,0.97,False
txn_001151,2026-05-05 22:06:50,528.35,Wallet,HDFC,insufficient_funds,5,2,494,1.3,3.5,False
txn_001152,2025-10-25 02:16:51,165.9,UPI,PNB,expired_card,25,0,636,4.2,,False
txn_001153,2026-02-27 22:32:51,528.62,Netbanking,Yes Bank,insufficient_funds,27,2,539,0.3,4.23,False
txn_001154,2026-03-16 08:30:03,31.67,Wallet,Yes Bank,otp_failure,16,2,523,6.3,0.0,True
txn_001155,2025-10-29 15:57:06,333.36,UPI,SBI,otp_failure,29,1,846,0.8,0.23,False
txn_001156,2025-01-21 05:50:56,108.93,UPI,Axis,insufficient_funds,21,0,349,3.5,4.21,False
txn_001157,2025-01-23 18:15:21,1828.93,UPI,HDFC,otp_failure,23,1,114,1.6,1.23,True
txn_001158,2026-01-02 08:50:03,2684.99,Wallet,Yes Bank,invalid_cvv,2,4,548,0.6,0.74,False
txn_001159,2026-03-30 14:20:32,551.5,Debit Card,SBI,insufficient_funds,30,3,580,0.9,3.55,True
txn_001160,2025-03-19 18:38:21,2750.27,Debit Card,Axis,bank_timeout,19,0,831,2.1,0.0,True
txn_001161,2025-07-27 00:25:24,1313.36,Wallet,HDFC,network_error,27,1,219,7.6,0.03,True
txn_001162,2025-06-20 10:07:42,952.06,Wallet,IDFC,network_error,20,1,417,2.5,0.0,True
txn_001163,2025-10-03 14:02:15,401.22,Debit Card,SBI,otp_failure,3,2,644,4.3,0.0,False
txn_001164,2025-07-03 17:37:57,382.64,Wallet,Yes Bank,insufficient_funds,3,2,246,0.2,4.42,False
txn_001165,2026-07-28 07:16:34,472.41,UPI,HDFC,insufficient_funds,28,0,442,1.8,4.28,True
txn_001166,2026-07-01 09:18:43,307.03,UPI,SBI,insufficient_funds,1,0,25,0.4,4.02,True
txn_001167,2026-03-14 09:06:37,106.08,Debit Card,PNB,bank_timeout,14,3,168,0.2,0.08,False
txn_001168,2026-02-26 01:56:06,3076.3,UPI,SBI,bank_timeout,26,2,831,0.7,0.0,True
txn_001169,2026-01-16 22:23:51,2164.59,Credit Card,ICICI,bank_timeout,16,2,650,0.1,0.92,True
txn_001170,2025-02-13 15:02:49,1208.16,Debit Card,Axis,insufficient_funds,13,1,638,1.2,3.79,True
txn_001171,2025-01-16 11:29:04,658.22,Wallet,PNB,otp_failure,16,0,703,0.4,0.0,True
txn_001172,2025-01-01 12:44:28,405.97,UPI,Axis,bank_timeout,1,0,230,2.4,0.42,True
txn_001173,2025-04-12 08:30:05,487.8,UPI,SBI,otp_failure,12,1,646,5.2,1.15,True
txn_001174,2025-09-09 08:07:57,2455.44,Credit Card,HDFC,bank_timeout,9,2,668,0.1,0.27,True
txn_001175,2025-04-25 17:33:05,553.63,Wallet,SBI,expired_card,25,2,342,0.5,,False
txn_001176,2025-03-28 03:42:34,358.96,Wallet,Yes Bank,bank_timeout,28,0,617,0.3,0.0,True
txn_001177,2025-02-26 08:05:13,984.47,UPI,IDFC,network_error,26,0,16,3.9,0.0,True
txn_001178,2026-04-01 04:08:32,333.88,Credit Card,Yes Bank,network_error,1,1,746,1.2,0.0,True
txn_001179,2025-08-23 09:18:36,115.06,UPI,SBI,insufficient_funds,23,2,237,1.3,2.89,True
txn_001180,2025-05-03 08:05:06,1345.96,Netbanking,PNB,insufficient_funds,3,4,301,2.2,4.17,False
txn_001181,2026-05-20 05:35:50,431.26,UPI,SBI,insufficient_funds,20,0,500,0.9,4.14,True
txn_001182,2026-07-04 06:50:42,364.08,Wallet,Yes Bank,expired_card,4,0,766,1.4,,False
txn_001183,2025-06-23 09:26:35,666.33,Wallet,SBI,bank_timeout,23,1,763,1.6,0.01,True
txn_001184,2025-10-21 21:35:27,1274.22,UPI,Kotak,bank_timeout,21,0,434,1.8,0.0,True
txn_001185,2025-04-09 21:56:44,301.13,Debit Card,HDFC,network_error,9,0,596,2.5,0.0,True
txn_001186,2026-06-30 06:23:09,1299.91,Wallet,IDFC,expired_card,30,3,860,7.7,,False
txn_001187,2026-03-17 18:38:43,418.82,Credit Card,SBI,otp_failure,17,1,669,1.1,0.0,False
txn_001188,2026-04-13 21:20:19,5047.96,UPI,Axis,fraud_block,13,0,579,0.5,,True
txn_001189,2026-05-12 19:52:48,272.34,Wallet,ICICI,expired_card,12,1,188,0.3,,False
txn_001190,2026-01-21 09:33:35,643.56,Debit Card,Yes Bank,invalid_cvv,21,0,475,2.0,0.74,False
txn_001191,2025-03-02 10:25:15,1916.34,Debit Card,Yes Bank,insufficient_funds,2,2,591,1.7,4.24,False
txn_001192,2025-09-06 04:15:35,1445.19,Debit Card,ICICI,otp_failure,6,0,410,1.4,0.0,False
txn_001193,2026-07-05 16:04:50,464.29,UPI,PNB,insufficient_funds,5,0,684,0.8,4.6,True
txn_001194,2025-01-09 20:25:47,1758.9,UPI,Axis,insufficient_funds,9,0,597,0.8,4.44,True
txn_001195,2025-07-13 19:46:43,326.41,Credit Card,Yes Bank,bank_timeout,13,2,578,2.7,0.03,True
txn_001196,2025-07-19 08:27:02,149.98,Credit Card,HDFC,expired_card,19,1,376,4.8,,False
txn_001197,2025-02-07 09:32:01,347.98,Netbanking,PNB,bank_timeout,7,1,61,3.5,0.12,True
txn_001198,2026-07-24 00:21:53,643.66,Netbanking,SBI,bank_timeout,24,1,27,3.9,0.3,False
txn_001199,2025-11-18 13:52:35,788.2,Netbanking,IDFC,otp_failure,18,0,277,1.3,0.0,True
txn_001200,2025-09-30 19:25:24,1384.74,Wallet,IDFC,bank_timeout,30,2,324,0.3,0.0,True
txn_001201,2025-03-20 18:45:55,913.62,Netbanking,Axis,otp_failure,20,0,579,5.0,0.68,False
txn_001202,2025-05-07 08:08:13,1022.33,Netbanking,ICICI,fraud_block,7,0,296,0.3,,False
txn_001203,2025-01-26 22:51:34,2996.09,UPI,HDFC,fraud_block,26,2,791,6.2,,False
txn_001204,2025-09-05 13:18:49,225.88,UPI,ICICI,bank_timeout,5,2,764,5.3,0.0,False
txn_001205,2025-02-27 15:11:44,144.56,UPI,SBI,network_error,27,1,497,0.1,0.56,True
txn_001206,2025-10-19 15:02:32,252.38,Debit Card,ICICI,fraud_block,19,2,794,1.1,,False
txn_001207,2026-03-01 21:40:52,693.89,Credit Card,Yes Bank,bank_timeout,1,1,397,0.8,0.0,True
txn_001208,2026-04-07 09:31:54,827.79,Wallet,PNB,bank_timeout,7,0,175,3.6,0.75,True
txn_001209,2026-07-02 04:55:06,624.29,Credit Card,IDFC,expired_card,2,2,552,0.2,,False
txn_001210,2026-05-23 16:38:34,1077.92,Debit Card,IDFC,bank_timeout,23,0,391,2.5,0.0,True
txn_001211,2025-05-03 00:37:36,2032.19,Credit Card,ICICI,insufficient_funds,3,0,238,1.6,4.17,True
txn_001212,2025-09-15 04:03:01,497.71,Debit Card,Axis,insufficient_funds,15,0,178,0.5,3.61,False
txn_001213,2025-11-14 21:31:46,390.48,Wallet,Kotak,otp_failure,14,2,773,0.4,0.38,True
txn_001214,2026-05-29 02:26:14,93.85,UPI,Kotak,bank_timeout,29,0,868,2.8,0.85,True
txn_001215,2025-07-04 12:13:15,566.72,Credit Card,HDFC,otp_failure,4,2,255,2.9,0.0,True
txn_001216,2025-11-02 04:13:41,66.27,Wallet,PNB,bank_timeout,2,2,334,0.1,0.0,True
txn_001217,2025-04-30 07:07:26,1148.64,Credit Card,Yes Bank,insufficient_funds,30,2,204,0.2,4.1,True
txn_001218,2025-01-03 23:07:38,364.31,Netbanking,ICICI,invalid_cvv,3,0,393,5.9,0.88,False
txn_001219,2025-08-17 18:47:58,928.18,Wallet,PNB,otp_failure,17,2,498,0.6,0.33,False
txn_001220,2025-06-05 02:12:29,249.75,Credit Card,HDFC,bank_timeout,5,1,636,1.9,0.0,True
txn_001221,2025-06-10 17:52:59,132.18,Debit Card,Kotak,otp_failure,10,3,27,0.0,0.09,True
txn_001222,2025-03-05 15:23:58,577.58,Netbanking,ICICI,bank_timeout,5,0,265,1.7,0.21,True
txn_001223,2025-08-28 12:07:26,1230.49,Netbanking,PNB,bank_timeout,28,2,644,0.7,0.0,True
txn_001224,2026-01-15 21:25:31,350.93,UPI,ICICI,insufficient_funds,15,1,57,3.5,4.41,True
txn_001225,2026-05-14 13:15:23,322.19,Wallet,IDFC,invalid_cvv,14,2,772,2.1,1.34,True
txn_001226,2025-05-24 14:26:08,1012.01,UPI,IDFC,bank_timeout,24,4,752,0.6,0.46,True
txn_001227,2025-10-14 22:08:46,3100.39,Debit Card,PNB,network_error,14,0,269,0.6,0.61,False
txn_001228,2025-02-04 15:43:11,1214.97,UPI,PNB,network_error,4,1,501,3.1,1.06,True
txn_001229,2025-12-28 05:18:31,812.62,UPI,Axis,network_error,28,3,631,3.8,0.58,True
txn_001230,2025-07-28 14:21:30,690.57,Wallet,HDFC,network_error,28,1,654,0.1,0.68,True
txn_001231,2025-04-28 09:16:47,309.93,Credit Card,ICICI,insufficient_funds,28,2,461,1.1,4.36,True
txn_001232,2026-06-03 23:03:15,1574.94,UPI,IDFC,bank_timeout,3,3,691,4.4,0.0,False
txn_001233,2026-04-04 01:17:51,1099.71,Debit Card,HDFC,expired_card,4,1,786,2.8,,False
txn_001234,2025-10-28 16:10:50,158.92,Wallet,IDFC,network_error,28,2,588,5.0,0.39,True
txn_001235,2026-02-20 22:42:43,1970.38,Netbanking,Axis,insufficient_funds,20,0,596,0.0,3.83,True
txn_001236,2026-01-05 22:10:20,955.86,UPI,ICICI,bank_timeout,5,0,78,0.5,0.0,True
txn_001237,2025-11-03 15:41:12,624.6,Credit Card,SBI,insufficient_funds,3,3,227,2.1,3.78,False
txn_001238,2025-04-04 10:12:59,1907.88,Netbanking,SBI,expired_card,4,4,730,2.3,,False
txn_001239,2025-05-10 20:10:38,1356.25,Debit Card,Axis,network_error,10,2,280,0.7,0.0,True
txn_001240,2025-04-09 00:16:39,203.81,Credit Card,IDFC,insufficient_funds,9,1,111,1.5,4.58,False
txn_001241,2025-03-02 20:53:42,377.22,Netbanking,Axis,bank_timeout,2,1,297,1.8,0.0,True
txn_001242,2026-05-03 04:20:38,10032.85,Debit Card,Kotak,bank_timeout,3,1,493,0.4,0.0,True
txn_001243,2025-09-06 08:33:44,188.5,Credit Card,ICICI,bank_timeout,6,4,162,6.0,0.0,False
txn_001244,2025-10-29 10:41:33,2443.08,Wallet,IDFC,otp_failure,29,1,147,0.5,1.06,False
txn_001245,2026-03-05 19:02:09,523.19,UPI,Kotak,expired_card,5,0,419,1.3,,False
txn_001246,2026-02-08 15:41:23,551.13,Netbanking,HDFC,network_error,8,3,183,0.4,0.28,False
txn_001247,2026-06-29 00:37:41,798.97,Wallet,IDFC,invalid_cvv,29,1,83,2.8,1.15,False
txn_001248,2025-03-29 09:30:11,929.88,Netbanking,SBI,invalid_cvv,29,1,395,1.6,1.28,False
txn_001249,2025-04-26 02:38:36,1074.95,Wallet,ICICI,otp_failure,26,3,763,4.9,0.01,True
txn_001250,2025-03-24 01:10:32,898.52,Wallet,ICICI,otp_failure,24,0,753,1.9,0.43,False
txn_001251,2025-08-11 05:09:26,345.55,Wallet,Yes Bank,fraud_block,11,3,686,2.9,,False
txn_001252,2025-11-16 03:32:43,241.67,UPI,IDFC,otp_failure,16,0,419,2.1,0.0,True
txn_001253,2026-05-24 14:07:36,4334.13,Netbanking,PNB,bank_timeout,24,0,378,3.0,0.0,True
txn_001254,2025-01-30 02:24:38,887.16,Debit Card,Kotak,insufficient_funds,30,0,821,2.4,3.21,True
txn_001255,2025-11-09 23:58:44,496.83,Debit Card,IDFC,network_error,9,4,518,8.1,0.0,True
txn_001256,2025-01-31 02:57:31,345.96,Netbanking,Yes Bank,bank_timeout,31,0,225,0.0,0.75,False
txn_001257,2026-06-21 08:06:33,269.25,Debit Card,HDFC,fraud_block,21,1,81,2.8,,False
txn_001258,2026-01-05 02:42:32,326.47,UPI,Yes Bank,insufficient_funds,5,2,97,0.6,3.65,True
txn_001259,2025-01-16 17:10:06,227.5,UPI,Kotak,bank_timeout,16,1,407,2.4,0.0,True
txn_001260,2025-08-30 12:30:54,320.95,UPI,PNB,bank_timeout,30,1,593,0.7,0.0,True
txn_001261,2026-06-25 17:47:19,709.75,Credit Card,Axis,insufficient_funds,25,4,514,4.4,3.88,True
txn_001262,2025-04-15 09:07:39,462.91,UPI,PNB,network_error,15,2,28,0.4,0.29,True
txn_001263,2025-09-07 05:25:08,575.43,UPI,IDFC,insufficient_funds,7,2,46,1.6,3.53,False
txn_001264,2026-04-15 21:37:42,643.53,Credit Card,Axis,invalid_cvv,15,1,590,4.4,0.75,False
txn_001265,2025-12-10 02:11:39,766.02,Debit Card,IDFC,bank_timeout,10,0,53,0.1,0.17,True
txn_001266,2026-07-30 12:12:43,456.06,Netbanking,Yes Bank,insufficient_funds,30,0,401,1.2,4.67,True
txn_001267,2025-02-13 15:45:08,1056.9,Wallet,SBI,bank_timeout,13,1,177,0.8,0.32,True
txn_001268,2025-02-20 23:11:20,28.83,UPI,IDFC,bank_timeout,20,0,457,1.1,0.03,True
txn_001269,2025-04-16 08:41:45,758.65,Wallet,HDFC,otp_failure,16,1,627,1.5,0.61,True
txn_001270,2025-05-15 22:41:56,1055.25,Debit Card,Axis,expired_card,15,0,47,0.4,,False
txn_001271,2025-02-14 18:15:17,495.45,Debit Card,HDFC,insufficient_funds,14,1,228,0.2,4.83,False
txn_001272,2025-12-21 12:49:11,509.69,Credit Card,Yes Bank,invalid_cvv,21,1,818,0.4,0.46,False
txn_001273,2026-07-02 07:19:43,204.91,Debit Card,Kotak,insufficient_funds,2,0,139,2.6,4.41,True
txn_001274,2025-10-14 02:34:39,21.64,Netbanking,IDFC,network_error,14,5,852,0.2,0.78,True
txn_001275,2026-05-09 12:53:50,1678.54,Credit Card,HDFC,invalid_cvv,9,0,854,1.3,1.5,False
txn_001276,2025-07-07 22:03:10,3336.25,UPI,PNB,bank_timeout,7,1,584,1.3,0.28,False
txn_001277,2026-04-07 09:46:30,2525.59,Netbanking,SBI,fraud_block,7,1,795,0.6,,False
txn_001278,2026-01-04 14:51:18,80.49,Wallet,Yes Bank,otp_failure,4,1,202,8.3,0.09,False
txn_001279,2025-09-25 09:15:59,1287.45,Debit Card,Kotak,insufficient_funds,25,1,715,0.6,3.93,True
txn_001280,2026-06-20 01:06:17,767.13,Credit Card,Kotak,otp_failure,20,1,236,1.0,0.0,True
txn_001281,2025-01-22 07:42:51,411.34,Netbanking,HDFC,expired_card,22,2,667,1.8,,True
txn_001282,2025-05-07 12:48:50,102.01,Wallet,Axis,insufficient_funds,7,2,570,5.2,3.91,True
txn_001283,2025-06-21 22:16:59,260.56,Debit Card,Axis,insufficient_funds,21,1,267,4.3,3.07,False
txn_001284,2025-07-29 00:04:53,1777.08,Netbanking,HDFC,network_error,29,2,614,4.8,0.1,True
txn_001285,2026-06-14 21:07:29,791.98,Credit Card,PNB,invalid_cvv,14,0,590,0.1,0.16,True
txn_001286,2025-04-13 18:30:48,334.55,Debit Card,HDFC,network_error,13,0,821,1.5,0.0,True
txn_001287,2025-06-23 19:22:32,588.49,UPI,Kotak,otp_failure,23,0,566,0.6,0.75,False
txn_001288,2026-07-08 14:26:44,456.17,UPI,IDFC,invalid_cvv,8,0,193,1.4,1.19,True
txn_001289,2025-10-20 10:00:39,1315.83,UPI,PNB,bank_timeout,20,0,898,0.3,0.0,True
txn_001290,2025-07-15 17:35:47,1706.29,Debit Card,PNB,bank_timeout,15,3,497,1.3,0.12,True
txn_001291,2025-08-23 16:23:33,1462.71,Wallet,IDFC,bank_timeout,23,2,168,0.8,0.85,True
txn_001292,2026-03-30 23:37:49,2234.9,Credit Card,HDFC,fraud_block,30,0,775,4.4,,False
txn_001293,2026-02-02 07:18:24,415.4,UPI,Kotak,otp_failure,2,1,609,0.4,0.61,True
txn_001294,2025-08-20 19:59:40,856.08,Credit Card,PNB,otp_failure,20,0,666,0.1,0.0,False
txn_001295,2025-02-19 14:00:32,1000.55,UPI,Kotak,bank_timeout,19,1,368,7.4,0.56,True
txn_001296,2026-05-13 13:33:05,740.78,UPI,Kotak,otp_failure,13,1,586,1.0,0.55,True
txn_001297,2025-07-22 20:07:52,4392.64,UPI,Axis,expired_card,22,2,241,0.3,,False
txn_001298,2025-04-27 10:53:04,211.23,Wallet,Axis,insufficient_funds,27,2,175,6.0,3.9,False
txn_001299,2025-02-14 02:21:23,438.66,Wallet,IDFC,insufficient_funds,14,1,23,1.6,3.89,True
txn_001300,2026-05-29 01:10:39,175.44,UPI,SBI,otp_failure,29,1,38,2.7,0.0,True
txn_001301,2026-07-15 05:41:36,1885.1,Credit Card,PNB,expired_card,15,5,443,1.2,,False
txn_001302,2025-08-18 14:28:11,2450.55,UPI,IDFC,fraud_block,18,2,795,1.9,,False
txn_001303,2025-11-11 06:16:12,233.42,Netbanking,HDFC,invalid_cvv,11,0,854,6.1,0.91,False
txn_001304,2026-03-29 20:20:58,2536.63,Wallet,Axis,insufficient_funds,29,1,649,1.2,4.96,True
txn_001305,2025-09-24 13:05:50,810.72,Debit Card,PNB,invalid_cvv,24,0,864,1.5,1.56,False
txn_001306,2026-06-06 20:32:10,836.39,UPI,Kotak,network_error,6,0,819,4.8,0.19,True
txn_001307,2025-05-13 00:46:51,84.87,Wallet,SBI,invalid_cvv,13,2,683,1.9,1.07,True
txn_001308,2025-08-17 04:31:54,2554.29,Credit Card,PNB,insufficient_funds,17,0,369,0.3,3.44,True
txn_001309,2025-04-10 09:03:05,970.73,UPI,SBI,bank_timeout,10,1,59,0.5,0.13,False
txn_001310,2026-06-12 22:45:24,316.43,UPI,ICICI,insufficient_funds,12,4,311,0.4,4.5,False
txn_001311,2025-06-22 15:06:20,1350.79,UPI,Axis,expired_card,22,1,710,2.4,,False
txn_001312,2025-08-27 12:29:03,4789.01,Netbanking,Yes Bank,network_error,27,1,466,1.2,0.39,False
txn_001313,2025-10-16 16:39:45,1332.67,UPI,Kotak,insufficient_funds,16,2,797,1.1,4.2,False
txn_001314,2025-12-27 05:07:28,350.32,Credit Card,PNB,bank_timeout,27,1,203,0.4,0.0,True
txn_001315,2025-02-11 16:36:39,218.75,Wallet,ICICI,otp_failure,11,2,823,1.0,0.0,True
txn_001316,2026-01-02 18:48:46,4054.7,Debit Card,ICICI,otp_failure,2,1,802,1.7,0.87,True
txn_001317,2026-06-13 17:07:33,762.32,Netbanking,Kotak,bank_timeout,13,1,790,2.0,0.1,True
txn_001318,2025-11-17 20:52:38,412.81,Credit Card,SBI,expired_card,17,4,84,1.0,,False
txn_001319,2025-04-17 16:40:26,1496.47,Debit Card,Yes Bank,network_error,17,0,52,0.8,0.01,True
txn_001320,2025-11-14 19:53:19,912.39,Wallet,PNB,fraud_block,14,1,201,2.4,,False
txn_001321,2025-04-22 05:53:30,5963.72,UPI,SBI,insufficient_funds,22,1,498,0.8,4.48,False
txn_001322,2025-03-04 18:26:05,1149.76,Netbanking,Yes Bank,bank_timeout,4,1,270,1.5,0.0,False
txn_001323,2026-05-06 03:18:12,368.91,Debit Card,Yes Bank,expired_card,6,1,728,4.8,,False
txn_001324,2026-05-08 19:55:05,1004.74,Credit Card,HDFC,invalid_cvv,8,1,90,4.7,1.05,False
txn_001325,2025-12-18 02:52:58,903.56,UPI,Axis,network_error,18,1,722,1.9,0.0,True
txn_001326,2025-05-11 23:02:20,300.0,Wallet,SBI,otp_failure,11,4,43,4.5,0.39,False
txn_001327,2026-01-16 06:22:42,640.54,Credit Card,SBI,insufficient_funds,16,0,553,1.2,3.98,True
txn_001328,2026-04-23 06:43:57,801.52,Netbanking,IDFC,expired_card,23,1,764,5.5,,False
txn_001329,2025-11-10 07:47:58,2571.8,Netbanking,PNB,bank_timeout,10,1,522,1.4,0.0,True
txn_001330,2025-10-25 17:32:09,361.15,Credit Card,HDFC,otp_failure,25,0,118,0.2,0.89,False
txn_001331,2026-02-19 14:25:44,623.42,Debit Card,Yes Bank,insufficient_funds,19,0,555,1.1,4.05,False
txn_001332,2025-01-11 22:24:59,1178.6,UPI,Axis,invalid_cvv,11,1,871,5.2,1.87,True
txn_001333,2025-01-14 21:58:50,522.87,Credit Card,Axis,insufficient_funds,14,1,828,0.1,3.58,False
txn_001334,2025-06-25 17:53:54,778.71,UPI,Kotak,invalid_cvv,25,2,474,0.1,1.1,True
txn_001335,2025-04-11 03:26:39,558.14,Credit Card,IDFC,expired_card,11,1,739,0.2,,False
txn_001336,2026-01-26 22:52:19,604.69,Wallet,Kotak,bank_timeout,26,0,230,4.6,0.0,True
txn_001337,2025-05-10 17:28:55,189.37,Credit Card,HDFC,invalid_cvv,10,1,82,0.5,1.5,False
txn_001338,2025-08-20 14:53:34,680.88,UPI,PNB,otp_failure,20,1,552,7.9,0.0,True
txn_001339,2026-07-20 07:46:12,697.14,Wallet,Yes Bank,otp_failure,20,0,370,0.5,0.01,True
txn_001340,2025-12-03 20:06:20,3095.03,Debit Card,Yes Bank,insufficient_funds,3,0,702,0.1,3.88,True
txn_001341,2026-01-16 17:35:34,766.26,UPI,Axis,otp_failure,16,0,444,1.2,0.03,False
txn_001342,2025-05-09 01:39:04,503.49,Netbanking,HDFC,otp_failure,9,2,798,0.7,0.0,True
txn_001343,2025-06-27 10:01:31,663.91,Debit Card,SBI,insufficient_funds,27,3,380,1.8,3.87,False
txn_001344,2025-06-14 00:52:16,74.14,Credit Card,SBI,bank_timeout,14,2,204,0.6,0.63,False
txn_001345,2025-04-06 15:54:20,1182.77,UPI,HDFC,insufficient_funds,6,1,64,0.8,4.7,False
txn_001346,2025-10-19 10:05:37,209.88,UPI,HDFC,otp_failure,19,0,59,0.8,0.0,False
txn_001347,2026-04-07 07:32:49,2056.68,Credit Card,ICICI,network_error,7,0,757,2.2,0.69,True
txn_001348,2026-05-23 15:23:00,2595.24,Credit Card,HDFC,bank_timeout,23,2,247,0.7,0.74,True
txn_001349,2026-06-20 17:52:02,368.52,Credit Card,IDFC,bank_timeout,20,2,790,5.9,0.0,True
txn_001350,2025-12-12 02:37:07,994.62,Netbanking,ICICI,otp_failure,12,2,307,0.3,0.08,False
txn_001351,2026-03-02 02:04:59,4565.51,UPI,PNB,insufficient_funds,2,3,405,6.5,4.7,True
txn_001352,2026-06-30 03:46:18,839.01,Debit Card,Axis,insufficient_funds,30,1,527,3.9,4.55,True
txn_001353,2026-06-24 23:19:07,610.89,Credit Card,Kotak,expired_card,24,0,592,4.4,,False
txn_001354,2025-11-23 21:36:45,63.15,Credit Card,Kotak,otp_failure,23,1,715,2.9,0.06,True
txn_001355,2026-04-29 17:47:31,11923.27,Wallet,SBI,bank_timeout,29,1,17,3.4,0.37,True
txn_001356,2025-11-22 07:28:40,376.78,Credit Card,ICICI,otp_failure,22,2,511,0.7,0.0,True
txn_001357,2025-08-08 14:02:10,509.83,Credit Card,ICICI,bank_timeout,8,1,644,1.1,0.38,True
txn_001358,2026-01-22 14:31:43,79.81,Debit Card,Axis,insufficient_funds,22,2,737,0.2,4.62,False
txn_001359,2025-07-24 06:33:42,429.98,Wallet,Axis,otp_failure,24,0,753,0.3,0.57,True
txn_001360,2025-10-06 00:08:47,1051.28,Netbanking,Kotak,fraud_block,6,1,297,1.1,,False
txn_001361,2025-05-05 13:34:50,4979.92,Credit Card,PNB,network_error,5,0,331,3.3,0.0,True
txn_001362,2025-06-11 07:41:47,282.91,Netbanking,Yes Bank,otp_failure,11,1,764,0.6,0.4,True
txn_001363,2025-07-02 03:29:42,3243.78,Credit Card,HDFC,expired_card,2,0,333,0.2,,False
txn_001364,2026-06-06 16:08:56,312.27,Credit Card,ICICI,insufficient_funds,6,0,424,1.1,3.58,False
txn_001365,2026-03-22 22:58:59,698.68,Netbanking,SBI,otp_failure,22,1,689,3.5,0.0,False
txn_001366,2025-03-11 23:15:45,1362.96,Wallet,ICICI,invalid_cvv,11,1,224,0.2,0.87,True
txn_001367,2026-07-17 00:12:12,3351.1,Credit Card,Kotak,bank_timeout,17,1,243,4.5,0.0,True
txn_001368,2026-05-16 11:18:30,549.94,Debit Card,PNB,insufficient_funds,16,1,540,1.0,4.33,True
txn_001369,2025-08-18 22:15:12,2199.76,UPI,PNB,bank_timeout,18,3,326,1.6,0.52,False
txn_001370,2025-02-08 21:33:45,298.19,Credit Card,SBI,otp_failure,8,1,186,2.3,0.0,False
txn_001371,2025-01-31 15:17:56,2040.47,UPI,Yes Bank,network_error,31,2,371,0.6,0.98,True
txn_001372,2026-06-10 15:50:33,2380.64,UPI,IDFC,insufficient_funds,10,1,671,0.3,5.24,False
txn_001373,2026-07-28 15:23:13,976.71,Credit Card,ICICI,invalid_cvv,28,0,698,6.5,1.4,False
txn_001374,2025-02-05 15:26:04,1153.17,Credit Card,SBI,invalid_cvv,5,2,559,0.1,0.82,False
txn_001375,2026-05-31 05:50:02,386.3,Debit Card,Yes Bank,otp_failure,31,0,836,1.3,0.16,True
txn_001376,2025-10-05 16:47:37,3268.3,Netbanking,Kotak,fraud_block,5,2,468,6.9,,True
txn_001377,2026-07-24 09:22:37,369.54,Credit Card,Yes Bank,network_error,24,0,189,0.9,0.0,True
txn_001378,2025-09-24 04:48:52,120.78,Debit Card,ICICI,insufficient_funds,24,0,477,4.0,4.13,False
txn_001379,2025-11-08 07:02:03,241.31,Netbanking,PNB,bank_timeout,8,1,34,2.8,0.16,True
txn_001380,2025-07-31 03:20:09,81.49,Netbanking,PNB,bank_timeout,31,0,452,6.6,0.8,False
txn_001381,2025-11-24 13:48:00,509.04,Debit Card,ICICI,insufficient_funds,24,2,419,1.0,4.74,True
txn_001382,2025-04-13 22:11:41,1473.64,Credit Card,SBI,expired_card,13,2,104,2.7,,False
txn_001383,2025-03-22 13:21:08,536.21,Netbanking,PNB,insufficient_funds,22,3,691,0.6,4.86,False
txn_001384,2026-03-18 21:52:27,929.05,Netbanking,SBI,expired_card,18,1,579,0.0,,False
txn_001385,2026-04-20 19:53:22,1064.19,Netbanking,Yes Bank,network_error,20,1,289,1.1,0.71,True
txn_001386,2026-04-20 20:32:49,802.28,Credit Card,SBI,invalid_cvv,20,2,356,0.9,0.85,False
txn_001387,2026-01-11 05:15:26,731.19,Netbanking,ICICI,network_error,11,3,577,0.7,0.79,False
txn_001388,2025-11-16 10:53:39,207.54,Netbanking,HDFC,bank_timeout,16,0,258,2.2,0.71,True
txn_001389,2025-02-19 04:40:10,372.91,UPI,Yes Bank,insufficient_funds,19,0,30,0.0,3.82,False
txn_001390,2025-01-10 14:24:39,5039.65,Wallet,Axis,expired_card,10,2,788,1.1,,False
txn_001391,2026-06-05 06:48:13,1247.58,UPI,ICICI,insufficient_funds,5,1,708,0.6,3.33,True
txn_001392,2025-12-03 04:52:11,1698.69,Debit Card,PNB,fraud_block,3,1,849,1.3,,False
txn_001393,2025-09-26 13:14:15,407.16,Netbanking,SBI,insufficient_funds,26,5,351,0.6,3.74,True
txn_001394,2026-03-10 16:17:27,252.02,Wallet,HDFC,insufficient_funds,10,2,152,0.2,3.39,False
txn_001395,2025-01-10 01:04:33,1718.06,Debit Card,PNB,otp_failure,10,1,304,1.9,0.2,True
txn_001396,2026-01-21 03:01:58,179.57,Debit Card,ICICI,otp_failure,21,1,786,1.0,0.76,True
txn_001397,2026-01-17 20:58:56,1202.45,UPI,Axis,network_error,17,2,895,12.4,0.58,False
txn_001398,2025-09-15 00:19:36,396.74,UPI,HDFC,expired_card,15,0,176,1.1,,False
txn_001399,2026-01-29 17:50:51,324.04,Debit Card,IDFC,bank_timeout,29,2,766,3.7,0.05,True
txn_001400,2025-11-10 05:37:40,138.51,Debit Card,ICICI,otp_failure,10,2,869,4.2,0.0,True
txn_001401,2025-12-23 14:08:36,113.5,Netbanking,PNB,insufficient_funds,23,1,211,0.5,3.85,False
txn_001402,2025-03-10 08:48:32,759.0,Netbanking,PNB,expired_card,10,1,715,4.5,,False
txn_001403,2025-09-03 11:48:50,631.38,Credit Card,PNB,network_error,3,2,507,0.6,0.0,False
txn_001404,2026-05-23 11:45:20,226.81,Credit Card,ICICI,otp_failure,23,2,155,2.0,0.09,True
txn_001405,2025-11-10 08:39:37,1861.25,Netbanking,HDFC,fraud_block,10,2,45,0.1,,False
txn_001406,2026-03-09 17:40:29,1475.25,Wallet,HDFC,insufficient_funds,9,0,302,0.0,3.62,False
txn_001407,2025-03-12 14:24:56,532.18,Wallet,Kotak,invalid_cvv,12,1,854,4.7,1.14,True
txn_001408,2026-01-30 20:06:08,144.04,Wallet,Axis,network_error,30,0,767,0.3,0.13,True
txn_001409,2026-05-24 10:33:12,217.34,Netbanking,Yes Bank,bank_timeout,24,0,898,2.1,0.42,True
txn_001410,2025-10-10 05:11:40,248.85,Credit Card,Axis,invalid_cvv,10,3,869,6.1,0.48,False
txn_001411,2025-12-19 23:44:53,247.51,UPI,PNB,expired_card,19,3,869,2.5,,False
txn_001412,2026-07-11 15:28:28,6253.69,UPI,PNB,otp_failure,11,0,529,0.1,0.0,False
txn_001413,2025-03-30 13:32:58,800.17,Credit Card,Axis,network_error,30,1,690,0.3,0.96,True
txn_001414,2025-01-02 16:57:14,1169.91,UPI,Yes Bank,network_error,2,3,691,5.8,0.06,False
txn_001415,2026-05-08 04:18:01,492.53,UPI,Yes Bank,network_error,8,1,704,2.1,0.12,True
txn_001416,2026-06-30 08:01:08,626.32,Credit Card,HDFC,expired_card,30,0,235,0.6,,False
txn_001417,2025-05-08 12:04:40,378.87,Netbanking,SBI,invalid_cvv,8,2,806,1.1,1.8,True
txn_001418,2026-07-11 19:09:59,440.8,Netbanking,ICICI,insufficient_funds,11,3,273,0.0,3.67,False
txn_001419,2025-07-17 12:17:46,278.17,Wallet,Axis,expired_card,17,1,287,0.0,,False
txn_001420,2025-05-26 16:03:44,2450.32,Credit Card,IDFC,insufficient_funds,26,3,399,0.6,4.5,False
txn_001421,2025-06-17 10:52:46,581.23,Netbanking,Axis,invalid_cvv,17,2,143,0.4,1.1,False
txn_001422,2026-07-11 17:53:42,9778.84,UPI,ICICI,expired_card,11,0,836,3.5,,True
txn_001423,2025-11-18 22:17:14,361.31,Credit Card,ICICI,otp_failure,18,2,259,0.6,0.18,False
txn_001424,2025-12-16 22:00:51,697.36,Netbanking,SBI,network_error,16,1,452,0.9,0.55,True
txn_001425,2026-01-23 10:50:23,94.69,Credit Card,HDFC,network_error,23,0,625,1.4,0.0,True
txn_001426,2026-03-06 16:53:10,1442.34,Netbanking,PNB,network_error,6,1,389,1.2,0.2,True
txn_001427,2026-01-30 20:00:43,2388.17,Debit Card,SBI,network_error,30,1,477,0.6,0.17,True
txn_001428,2026-07-22 09:24:26,796.03,Debit Card,ICICI,bank_timeout,22,1,540,4.7,0.0,True
txn_001429,2025-10-28 21:45:48,462.28,Wallet,Yes Bank,insufficient_funds,28,1,250,2.3,4.26,False
txn_001430,2026-01-27 13:17:37,1476.93,Netbanking,IDFC,network_error,27,2,169,2.4,0.0,True
txn_001431,2026-04-19 00:27:54,1005.08,Debit Card,Kotak,otp_failure,19,1,783,0.6,0.0,True
txn_001432,2025-11-06 00:50:03,717.24,UPI,Kotak,network_error,6,1,222,1.3,0.0,True
txn_001433,2025-12-18 17:39:20,577.29,Debit Card,SBI,bank_timeout,18,2,893,0.2,0.25,True
txn_001434,2025-11-17 14:07:59,4302.41,Wallet,Kotak,invalid_cvv,17,1,303,3.7,0.8,False
txn_001435,2026-06-29 20:48:06,188.13,Wallet,Yes Bank,insufficient_funds,29,2,756,1.0,3.39,True
txn_001436,2026-07-07 22:17:59,1162.01,Wallet,Axis,invalid_cvv,7,1,528,0.1,1.28,True
txn_001437,2025-06-06 00:50:38,3079.06,Debit Card,Kotak,insufficient_funds,6,4,520,0.9,4.21,False
txn_001438,2026-06-18 07:21:44,348.68,UPI,SBI,otp_failure,18,2,281,3.3,0.0,True
txn_001439,2026-07-06 18:44:58,40.29,Debit Card,Yes Bank,bank_timeout,6,2,369,2.5,0.0,True
txn_001440,2026-07-06 17:56:04,584.82,Credit Card,Yes Bank,fraud_block,6,1,639,0.3,,False
txn_001441,2026-03-13 17:39:46,2245.86,Netbanking,IDFC,network_error,13,1,826,0.1,0.04,True
txn_001442,2026-06-08 16:48:34,305.27,Wallet,Kotak,bank_timeout,8,0,47,0.6,0.0,False
txn_001443,2025-11-25 01:51:09,592.67,Credit Card,ICICI,expired_card,25,1,413,2.3,,False
txn_001444,2025-01-20 15:06:24,637.69,Netbanking,SBI,insufficient_funds,20,3,52,4.0,4.02,False
txn_001445,2025-02-11 05:12:11,7208.74,Credit Card,Axis,invalid_cvv,11,1,581,3.2,2.07,False
txn_001446,2025-07-27 08:50:08,221.7,Debit Card,Kotak,insufficient_funds,27,1,872,0.1,4.02,True
txn_001447,2026-06-15 19:19:08,1247.96,UPI,SBI,otp_failure,15,1,798,4.7,0.21,True
txn_001448,2025-02-18 04:22:32,319.17,UPI,Axis,invalid_cvv,18,0,216,0.7,0.67,False
txn_001449,2026-02-25 08:10:44,3285.99,Credit Card,Yes Bank,expired_card,25,1,664,0.2,,True
txn_001450,2025-12-18 12:58:23,294.94,Credit Card,Axis,insufficient_funds,18,2,400,0.7,4.22,False
txn_001451,2026-07-31 15:34:35,1482.14,Wallet,IDFC,fraud_block,31,1,118,4.3,,False
txn_001452,2025-07-04 13:06:02,1124.6,Wallet,Kotak,otp_failure,4,0,313,1.7,0.0,True
txn_001453,2026-06-23 05:15:52,851.73,Credit Card,IDFC,invalid_cvv,23,2,236,4.4,1.44,False
txn_001454,2025-10-29 00:32:32,620.85,Netbanking,Yes Bank,otp_failure,29,1,782,0.3,0.0,True
txn_001455,2026-03-05 20:20:54,885.71,Credit Card,HDFC,insufficient_funds,5,0,187,1.5,3.91,True
txn_001456,2025-07-15 05:20:17,381.45,Debit Card,PNB,insufficient_funds,15,1,793,2.8,3.77,True
txn_001457,2025-06-25 04:31:43,589.95,UPI,Axis,otp_failure,25,0,805,5.3,0.0,False
txn_001458,2026-07-18 01:23:09,287.62,Debit Card,Kotak,bank_timeout,18,2,812,8.3,0.0,True
txn_001459,2025-12-15 14:30:59,4692.88,Debit Card,ICICI,expired_card,15,1,824,1.8,,False
txn_001460,2025-05-26 05:29:45,1327.01,Debit Card,ICICI,network_error,26,0,782,1.0,0.62,True
txn_001461,2025-10-20 23:29:04,183.99,Credit Card,IDFC,insufficient_funds,20,2,506,1.4,4.88,False
txn_001462,2025-08-05 19:01:45,4135.82,Wallet,Kotak,bank_timeout,5,0,287,0.6,0.1,True
txn_001463,2025-04-12 00:36:57,222.03,Debit Card,Kotak,bank_timeout,12,3,116,2.5,0.0,False
txn_001464,2025-01-05 09:13:58,204.13,UPI,PNB,bank_timeout,5,2,849,4.5,0.87,True
txn_001465,2026-07-06 05:34:02,433.72,Debit Card,HDFC,bank_timeout,6,2,175,1.4,0.0,False
txn_001466,2025-04-30 09:14:19,931.22,UPI,HDFC,bank_timeout,30,0,871,2.2,0.4,True
txn_001467,2026-05-01 17:40:46,916.57,Wallet,Kotak,invalid_cvv,1,3,467,0.7,1.06,False
txn_001468,2026-01-17 00:31:56,229.74,Wallet,Yes Bank,network_error,17,1,753,2.6,0.62,True
txn_001469,2025-02-26 14:35:47,965.69,UPI,Axis,network_error,26,1,876,3.7,0.8,True
txn_001470,2025-05-23 19:34:06,1596.87,Wallet,ICICI,bank_timeout,23,2,770,1.0,0.0,True
txn_001471,2026-01-28 08:29:55,221.81,Debit Card,IDFC,expired_card,28,2,787,2.5,,False
txn_001472,2026-02-26 19:44:52,1872.68,Wallet,IDFC,bank_timeout,26,2,761,2.8,0.0,True
txn_001473,2025-03-13 09:59:21,1101.86,UPI,Axis,otp_failure,13,2,165,0.6,0.0,True
txn_001474,2025-06-15 17:12:11,1095.72,UPI,Yes Bank,insufficient_funds,15,4,839,3.0,3.83,False
txn_001475,2025-10-08 05:45:32,686.13,UPI,Axis,network_error,8,2,84,7.0,0.12,True
txn_001476,2026-04-26 05:35:08,1119.54,Wallet,PNB,invalid_cvv,26,2,270,3.1,0.0,False
txn_001477,2026-03-13 00:02:12,893.75,Credit Card,ICICI,insufficient_funds,13,3,260,2.6,4.09,False
txn_001478,2026-06-04 13:55:00,1921.6,UPI,PNB,bank_timeout,4,1,793,0.3,0.59,True
txn_001479,2025-07-06 16:24:32,475.21,Wallet,Axis,insufficient_funds,6,0,169,0.4,4.29,True
txn_001480,2025-01-31 23:21:56,496.04,UPI,IDFC,expired_card,31,1,853,1.2,,False
txn_001481,2025-03-30 01:26:42,426.09,Netbanking,Kotak,insufficient_funds,30,1,653,4.5,3.64,True
txn_001482,2026-02-24 14:45:12,959.69,UPI,HDFC,insufficient_funds,24,2,295,10.8,3.56,False
txn_001483,2026-02-06 11:06:52,1408.11,UPI,PNB,insufficient_funds,6,2,741,4.9,4.17,False
txn_001484,2026-01-14 02:41:51,951.39,Credit Card,Kotak,insufficient_funds,14,0,388,2.7,3.04,True
txn_001485,2026-05-22 01:21:57,386.95,Debit Card,Yes Bank,network_error,22,2,672,0.4,0.0,True
txn_001486,2026-02-04 03:41:29,434.17,Credit Card,ICICI,fraud_block,4,1,366,0.7,,False
txn_001487,2025-05-11 00:27:55,366.34,Wallet,HDFC,fraud_block,11,1,699,1.6,,False
txn_001488,2026-05-02 22:52:46,304.96,Credit Card,Axis,otp_failure,2,1,656,3.7,0.0,True
txn_001489,2026-06-05 15:57:08,1663.92,Debit Card,IDFC,insufficient_funds,5,1,460,3.8,3.51,False
txn_001490,2025-03-22 17:20:10,360.53,Debit Card,IDFC,bank_timeout,22,2,177,0.6,0.49,True
txn_001491,2026-05-18 04:46:24,968.73,Credit Card,SBI,expired_card,18,2,837,3.3,,False
txn_001492,2025-01-19 10:47:13,263.69,Netbanking,Yes Bank,insufficient_funds,19,1,573,0.6,4.22,False
txn_001493,2025-01-30 10:15:07,1117.96,Credit Card,ICICI,invalid_cvv,30,0,125,2.5,0.69,False
txn_001494,2025-02-12 03:37:48,439.72,Debit Card,Kotak,invalid_cvv,12,2,156,0.2,0.96,False
txn_001495,2026-03-10 11:26:37,1447.8,Credit Card,Axis,bank_timeout,10,3,589,0.8,0.0,False
txn_001496,2025-07-20 21:32:50,1137.75,Netbanking,IDFC,insufficient_funds,20,1,398,2.4,3.38,True
txn_001497,2025-12-17 09:35:30,1848.72,Netbanking,IDFC,expired_card,17,2,863,0.7,,False
txn_001498,2025-09-03 18:12:09,1195.15,Credit Card,IDFC,bank_timeout,3,1,527,0.1,0.58,True
txn_001499,2026-06-07 23:11:53,333.31,Credit Card,HDFC,fraud_block,7,0,647,0.9,,False
txn_001500,2026-05-14 04:59:11,565.63,Wallet,ICICI,otp_failure,14,0,484,2.3,0.65,False
txn_001501,2026-03-31 20:31:28,456.96,Credit Card,ICICI,otp_failure,31,3,843,0.5,0.0,True
txn_001502,2025-10-05 20:00:49,697.07,Wallet,ICICI,insufficient_funds,5,0,585,0.1,3.85,True
txn_001503,2025-08-14 02:56:44,259.2,UPI,ICICI,bank_timeout,14,2,854,6.3,0.93,True
txn_001504,2025-08-07 15:51:55,1770.93,Netbanking,IDFC,insufficient_funds,7,1,40,1.8,3.88,True
txn_001505,2025-11-03 21:26:41,89.95,Credit Card,PNB,insufficient_funds,3,1,161,1.9,4.35,True
txn_001506,2025-05-02 10:04:50,120.12,Wallet,Axis,insufficient_funds,2,0,375,4.0,4.19,True
txn_001507,2025-04-16 22:20:04,182.44,Netbanking,Kotak,network_error,16,0,864,0.6,0.0,True
txn_001508,2026-05-08 11:28:04,1510.42,Debit Card,Kotak,fraud_block,8,0,341,6.2,,False
txn_001509,2026-06-11 01:34:58,416.66,UPI,HDFC,fraud_block,11,3,330,3.2,,False
txn_001510,2026-03-06 22:26:19,1301.5,Wallet,SBI,expired_card,6,1,615,5.1,,False
txn_001511,2025-04-06 17:16:11,1402.52,Credit Card,HDFC,insufficient_funds,6,3,580,0.5,4.23,True
txn_001512,2026-03-21 20:14:54,2262.62,Wallet,IDFC,insufficient_funds,21,1,570,1.3,3.9,True
txn_001513,2026-02-22 05:14:23,708.28,Wallet,ICICI,insufficient_funds,22,0,160,1.1,3.71,False
txn_001514,2025-08-25 15:51:17,1242.96,Debit Card,Yes Bank,expired_card,25,3,370,1.6,,False
txn_001515,2025-06-14 11:03:45,332.77,Netbanking,SBI,otp_failure,14,3,38,0.9,0.0,True
txn_001516,2025-05-06 00:24:24,2000.86,Debit Card,Axis,insufficient_funds,6,1,567,0.2,4.19,True
txn_001517,2026-04-25 03:34:06,1175.86,UPI,Axis,bank_timeout,25,1,787,2.0,0.0,False
txn_001518,2025-03-31 00:43:08,1491.9,Debit Card,HDFC,invalid_cvv,31,1,5,0.1,0.98,False
txn_001519,2026-03-03 07:19:34,107.15,Netbanking,ICICI,insufficient_funds,3,4,573,0.0,4.5,True
txn_001520,2025-08-14 18:09:30,1140.39,Credit Card,Kotak,expired_card,14,0,338,0.8,,False
txn_001521,2025-03-18 06:37:31,4543.44,Debit Card,PNB,expired_card,18,1,808,0.6,,False
txn_001522,2025-09-14 23:30:30,866.52,UPI,SBI,insufficient_funds,14,0,349,1.9,4.03,True
txn_001523,2026-06-06 09:51:22,1177.59,Debit Card,ICICI,fraud_block,6,0,775,3.9,,True
txn_001524,2025-08-10 11:20:29,6635.71,Wallet,ICICI,invalid_cvv,10,0,127,0.2,1.33,False
txn_001525,2025-05-31 07:04:29,2199.02,UPI,PNB,insufficient_funds,31,1,801,0.8,4.67,True
txn_001526,2025-12-17 00:38:59,7798.56,UPI,Kotak,network_error,17,3,93,0.1,0.84,True
txn_001527,2026-06-23 14:59:47,135.75,Wallet,SBI,insufficient_funds,23,1,95,0.8,4.73,False
txn_001528,2026-03-16 06:39:12,343.95,Wallet,Yes Bank,otp_failure,16,1,51,2.6,0.28,True
txn_001529,2025-09-03 16:52:38,173.83,Netbanking,SBI,fraud_block,3,1,241,1.1,,False
txn_001530,2025-01-04 18:04:22,653.19,UPI,Axis,insufficient_funds,4,2,659,0.5,4.15,False
txn_001531,2025-06-22 01:32:18,216.05,Netbanking,Kotak,expired_card,22,3,864,2.5,,False
txn_001532,2025-10-07 05:18:17,221.02,Debit Card,Yes Bank,otp_failure,7,1,542,1.2,0.04,True
txn_001533,2026-01-08 18:59:25,585.45,Netbanking,PNB,bank_timeout,8,4,855,3.1,0.0,True
txn_001534,2025-10-06 15:25:41,843.64,UPI,PNB,network_error,6,0,343,0.3,0.65,True
txn_001535,2026-03-05 11:54:29,1115.16,Credit Card,SBI,bank_timeout,5,1,845,0.8,0.73,True
txn_001536,2026-05-17 09:57:14,191.49,Wallet,ICICI,bank_timeout,17,1,220,0.1,0.23,True
txn_001537,2025-08-06 23:03:36,147.03,Debit Card,Axis,invalid_cvv,6,1,288,1.3,0.83,False
txn_001538,2025-07-24 11:02:58,2775.68,Credit Card,ICICI,insufficient_funds,24,1,764,3.6,3.33,True
txn_001539,2025-01-15 11:17:37,273.85,Wallet,HDFC,network_error,15,0,893,1.7,0.68,False
txn_001540,2026-03-28 23:13:29,2920.89,Wallet,IDFC,insufficient_funds,28,1,399,1.2,4.33,True
txn_001541,2026-04-04 07:04:26,313.28,Debit Card,HDFC,bank_timeout,4,1,218,0.3,0.0,False
txn_001542,2026-03-05 10:27:26,973.77,UPI,PNB,expired_card,5,2,782,2.7,,False
txn_001543,2026-05-23 21:43:52,56.12,Debit Card,Yes Bank,insufficient_funds,23,1,755,2.3,4.39,False
txn_001544,2025-11-01 20:41:58,127.37,Debit Card,Kotak,expired_card,1,1,299,2.5,,False
txn_001545,2025-04-14 23:43:39,1063.69,Netbanking,ICICI,otp_failure,14,3,315,1.2,0.49,False
txn_001546,2025-11-05 04:36:41,10826.99,UPI,HDFC,network_error,5,1,533,1.7,0.0,False
txn_001547,2026-05-30 17:13:20,541.89,Debit Card,SBI,insufficient_funds,30,0,66,1.4,4.18,True
txn_001548,2026-02-04 08:12:08,229.96,Debit Card,PNB,insufficient_funds,4,2,440,4.2,3.71,True
txn_001549,2025-05-04 16:07:15,1652.84,Debit Card,SBI,insufficient_funds,4,0,143,4.1,4.28,False
txn_001550,2026-07-26 14:32:22,2122.31,Netbanking,Yes Bank,fraud_block,26,1,1,1.6,,False
txn_001551,2025-02-01 09:28:48,3177.95,Debit Card,PNB,otp_failure,1,0,786,1.6,0.45,False
txn_001552,2025-06-30 00:07:53,169.91,Credit Card,Kotak,insufficient_funds,30,2,402,0.1,3.02,True
txn_001553,2025-10-14 22:46:15,290.56,Debit Card,HDFC,expired_card,14,0,441,0.8,,False
txn_001554,2026-06-04 07:20:20,1320.36,Debit Card,Yes Bank,bank_timeout,4,1,568,9.7,0.38,True
txn_001555,2025-10-29 10:34:47,5187.94,Netbanking,PNB,fraud_block,29,2,112,2.4,,False
txn_001556,2025-02-06 01:39:25,128.43,Credit Card,Yes Bank,insufficient_funds,6,1,249,0.9,3.9,True
txn_001557,2025-03-22 04:15:13,1523.96,Wallet,Kotak,expired_card,22,2,684,0.0,,True
txn_001558,2026-07-31 06:11:57,882.67,UPI,SBI,otp_failure,31,0,708,0.8,0.0,False
txn_001559,2025-10-20 13:26:35,2576.04,Netbanking,Yes Bank,expired_card,20,0,872,0.6,,False
txn_001560,2026-04-02 11:07:38,1245.62,Credit Card,Kotak,insufficient_funds,2,0,293,0.7,3.95,False
txn_001561,2025-10-20 07:16:36,450.48,Debit Card,IDFC,otp_failure,20,1,895,1.9,0.04,False
txn_001562,2025-10-02 02:29:44,4736.99,UPI,PNB,otp_failure,2,3,833,1.0,0.22,False
txn_001563,2026-01-10 11:11:00,1371.93,Wallet,HDFC,insufficient_funds,10,1,697,1.4,4.45,False
txn_001564,2026-01-25 18:55:09,691.54,Debit Card,PNB,insufficient_funds,25,1,504,0.2,3.01,True
txn_001565,2025-05-09 15:06:58,1323.8,Debit Card,ICICI,insufficient_funds,9,0,526,5.9,4.27,False
txn_001566,2026-02-04 15:44:40,1246.79,UPI,Axis,otp_failure,4,1,82,2.4,0.23,True
txn_001567,2025-04-27 16:41:03,3815.35,Debit Card,SBI,bank_timeout,27,0,896,1.0,0.0,True
txn_001568,2025-10-09 08:19:30,497.16,Wallet,ICICI,bank_timeout,9,3,131,0.6,0.0,True
txn_001569,2026-05-29 11:58:37,1065.85,Debit Card,IDFC,otp_failure,29,0,21,2.0,0.0,True
txn_001570,2025-09-14 11:50:08,1274.96,Credit Card,PNB,invalid_cvv,14,0,548,0.9,1.21,True
txn_001571,2026-06-09 11:11:19,770.79,Netbanking,PNB,otp_failure,9,1,397,0.2,0.46,True
txn_001572,2025-06-13 15:48:22,463.55,Wallet,SBI,network_error,13,0,405,1.0,0.01,True
txn_001573,2026-05-18 17:47:11,2023.46,Netbanking,HDFC,invalid_cvv,18,1,466,3.9,1.38,True
txn_001574,2025-07-09 06:20:37,326.33,Credit Card,SBI,insufficient_funds,9,0,308,0.5,4.07,True
txn_001575,2026-03-22 10:33:48,2789.52,Wallet,SBI,insufficient_funds,22,2,150,3.6,4.1,True
txn_001576,2025-04-15 15:26:17,306.33,Wallet,HDFC,insufficient_funds,15,0,128,1.0,4.56,False
txn_001577,2026-03-21 11:52:22,979.45,Debit Card,HDFC,otp_failure,21,0,328,0.6,0.49,False
txn_001578,2025-05-10 04:49:40,1672.27,UPI,SBI,expired_card,10,0,239,3.7,,False
txn_001579,2026-02-06 06:52:49,1558.39,Netbanking,HDFC,otp_failure,6,1,300,2.6,0.73,True
txn_001580,2026-07-13 21:20:01,709.66,UPI,ICICI,otp_failure,13,1,724,0.7,0.0,True
txn_001581,2025-06-18 05:35:38,909.42,Netbanking,PNB,fraud_block,18,0,254,4.2,,False
txn_001582,2026-01-10 02:56:59,1101.43,Debit Card,Axis,bank_timeout,10,1,142,1.1,0.0,True
txn_001583,2025-11-16 01:14:56,284.73,Wallet,SBI,network_error,16,1,492,2.4,0.23,False
txn_001584,2026-03-29 13:18:40,864.25,Debit Card,Kotak,expired_card,29,0,355,2.3,,False
txn_001585,2025-05-11 06:33:32,2285.11,UPI,PNB,invalid_cvv,11,4,856,1.7,0.67,True
txn_001586,2026-04-09 08:11:16,2436.56,Wallet,ICICI,bank_timeout,9,1,897,3.3,0.33,True
txn_001587,2025-06-28 12:02:22,1090.29,Netbanking,IDFC,otp_failure,28,3,738,0.3,0.0,True
txn_001588,2025-04-13 16:37:57,4248.98,Credit Card,HDFC,otp_failure,13,2,129,0.4,0.21,True
txn_001589,2025-06-07 04:03:01,2264.91,Wallet,IDFC,otp_failure,7,1,477,0.4,0.07,True
txn_001590,2025-04-27 04:01:21,719.08,Wallet,ICICI,bank_timeout,27,2,708,1.0,0.65,True
txn_001591,2025-05-18 19:23:21,1975.96,Netbanking,HDFC,bank_timeout,18,3,118,1.1,1.12,False
txn_001592,2026-02-17 18:34:20,532.84,Wallet,ICICI,bank_timeout,17,1,685,2.9,0.25,True
txn_001593,2025-03-14 09:11:12,213.8,Netbanking,SBI,network_error,14,0,283,0.7,0.0,True
txn_001594,2026-04-14 17:34:58,1406.45,Wallet,HDFC,insufficient_funds,14,0,292,8.1,3.39,True
txn_001595,2026-06-12 01:15:47,402.35,Netbanking,IDFC,bank_timeout,12,1,110,5.4,0.4,True
txn_001596,2025-10-15 16:20:09,330.29,Credit Card,IDFC,insufficient_funds,15,1,151,0.2,3.43,False
txn_001597,2025-06-28 05:56:01,4419.51,Netbanking,IDFC,bank_timeout,28,0,206,0.4,0.45,True
txn_001598,2025-09-30 06:07:32,424.75,Wallet,ICICI,bank_timeout,30,1,48,6.3,0.06,True
txn_001599,2025-11-27 11:41:50,198.88,Debit Card,Kotak,bank_timeout,27,2,113,0.8,0.4,True
txn_001600,2026-01-06 14:33:26,370.03,Debit Card,ICICI,otp_failure,6,1,573,1.5,0.32,False
txn_001601,2025-08-09 00:28:24,56.37,Wallet,IDFC,fraud_block,9,1,899,1.1,,False
txn_001602,2025-07-20 05:49:59,728.08,Debit Card,HDFC,insufficient_funds,20,2,212,1.6,3.65,False
txn_001603,2026-07-05 19:29:32,1277.97,Credit Card,ICICI,network_error,5,1,386,0.6,0.0,True
txn_001604,2026-02-08 17:03:47,774.38,Credit Card,IDFC,insufficient_funds,8,0,458,2.5,3.87,True
txn_001605,2026-05-24 09:37:26,44.41,Debit Card,Yes Bank,bank_timeout,24,2,21,0.6,0.0,False
txn_001606,2025-11-14 13:25:28,873.51,UPI,ICICI,bank_timeout,14,6,830,3.7,0.62,True
txn_001607,2025-05-01 05:16:54,1194.38,Netbanking,Kotak,invalid_cvv,1,3,62,0.9,0.0,False
txn_001608,2025-07-22 23:02:20,1630.27,Wallet,IDFC,otp_failure,22,2,735,0.2,0.0,True
txn_001609,2026-03-15 14:12:58,277.42,UPI,Kotak,otp_failure,15,0,381,2.4,0.0,False
txn_001610,2026-06-13 15:24:35,1245.87,Netbanking,Axis,insufficient_funds,13,0,51,0.5,4.51,False
txn_001611,2025-11-17 23:07:52,2124.95,Wallet,PNB,otp_failure,17,0,251,0.3,0.0,True
txn_001612,2025-05-19 19:34:29,1108.18,UPI,PNB,bank_timeout,19,2,293,0.1,0.93,True
txn_001613,2025-07-17 02:45:29,436.58,UPI,Yes Bank,otp_failure,17,1,257,4.1,0.0,True
txn_001614,2026-07-02 23:22:21,924.58,Netbanking,SBI,otp_failure,2,0,789,0.4,0.0,True
txn_001615,2026-05-28 01:55:23,295.98,Credit Card,Axis,bank_timeout,28,0,488,0.2,0.39,False
txn_001616,2025-12-13 21:07:54,1419.22,Debit Card,ICICI,insufficient_funds,13,1,14,0.2,3.86,False
txn_001617,2025-06-16 13:47:22,512.75,Wallet,IDFC,invalid_cvv,16,2,416,1.9,0.56,False
txn_001618,2025-09-20 20:56:19,1197.2,Wallet,HDFC,insufficient_funds,20,0,278,6.7,4.27,False
txn_001619,2025-05-05 20:22:25,460.81,Netbanking,HDFC,bank_timeout,5,2,277,2.9,0.0,True
txn_001620,2025-03-12 18:00:51,984.5,Debit Card,PNB,network_error,12,2,651,0.1,0.0,True
txn_001621,2026-04-12 05:23:09,385.21,Netbanking,ICICI,insufficient_funds,12,1,231,0.1,3.74,True
txn_001622,2025-02-19 18:32:46,1019.08,UPI,Axis,bank_timeout,19,2,265,3.7,1.09,False
txn_001623,2025-10-16 00:52:04,4392.37,Credit Card,HDFC,insufficient_funds,16,2,26,1.7,3.52,False
txn_001624,2026-07-17 17:33:37,280.8,Netbanking,IDFC,expired_card,17,1,635,0.6,,False
txn_001625,2026-04-22 21:08:53,441.72,Wallet,Kotak,fraud_block,22,0,804,7.4,,False
txn_001626,2026-07-07 17:17:38,1397.62,Wallet,HDFC,insufficient_funds,7,1,405,4.0,3.64,True
txn_001627,2025-05-17 03:17:26,798.14,Netbanking,PNB,invalid_cvv,17,3,308,0.4,0.34,False
txn_001628,2025-01-09 07:39:22,1601.56,Debit Card,Kotak,expired_card,9,0,892,1.0,,False
txn_001629,2025-06-01 06:20:16,383.18,Credit Card,Axis,insufficient_funds,1,1,355,12.1,3.77,False
txn_001630,2026-04-23 19:58:21,89.86,Debit Card,HDFC,insufficient_funds,23,1,207,1.7,3.67,True
txn_001631,2025-10-07 10:02:22,517.46,Debit Card,HDFC,bank_timeout,7,2,650,0.5,0.0,False
txn_001632,2025-05-03 06:58:59,751.82,Credit Card,Kotak,insufficient_funds,3,1,231,4.0,4.35,True
txn_001633,2025-11-07 05:59:01,557.8,UPI,IDFC,network_error,7,1,162,2.1,0.0,True
txn_001634,2025-11-11 22:09:13,152.46,Wallet,Axis,insufficient_funds,11,0,894,0.3,4.74,False
txn_001635,2026-02-07 03:25:24,222.96,Credit Card,ICICI,invalid_cvv,7,1,17,0.6,1.06,False
txn_001636,2025-03-12 00:48:48,214.46,Wallet,Kotak,bank_timeout,12,1,245,1.5,0.81,False
txn_001637,2026-07-19 00:12:23,5066.72,Wallet,Yes Bank,otp_failure,19,3,822,1.1,0.0,False
txn_001638,2025-09-27 21:24:18,102.54,UPI,Axis,insufficient_funds,27,0,753,5.3,3.74,False
txn_001639,2026-04-16 23:25:59,546.38,Debit Card,PNB,bank_timeout,16,2,203,0.2,0.95,True
txn_001640,2025-11-10 18:17:39,4866.01,Wallet,HDFC,network_error,10,2,293,1.7,0.05,True
txn_001641,2025-07-22 19:23:48,359.27,Debit Card,IDFC,bank_timeout,22,0,275,3.7,0.11,True
txn_001642,2026-01-29 04:57:43,656.36,Credit Card,ICICI,otp_failure,29,0,41,0.2,0.0,False
txn_001643,2026-01-26 19:45:11,620.66,UPI,Yes Bank,insufficient_funds,26,3,10,4.6,3.24,False
txn_001644,2025-04-01 21:12:20,469.06,Wallet,Kotak,bank_timeout,1,1,663,1.8,0.32,False
txn_001645,2026-02-22 19:14:45,329.91,Wallet,Kotak,insufficient_funds,22,1,145,7.4,4.53,False
txn_001646,2026-06-24 04:40:27,1709.65,Netbanking,IDFC,otp_failure,24,1,593,1.4,0.57,True
txn_001647,2026-03-14 10:13:25,547.54,Netbanking,Axis,network_error,14,1,479,2.7,0.79,True
txn_001648,2025-09-21 19:44:07,195.35,Netbanking,PNB,otp_failure,21,2,797,8.6,1.02,True
txn_001649,2026-04-01 19:14:20,263.57,Credit Card,PNB,invalid_cvv,1,0,63,0.8,1.95,False
txn_001650,2025-04-01 07:23:53,985.64,UPI,ICICI,bank_timeout,1,2,346,3.1,0.42,True
txn_001651,2025-10-25 05:32:46,1593.18,Debit Card,Axis,insufficient_funds,25,2,51,1.6,3.57,True
txn_001652,2025-09-03 05:38:48,2439.6,Netbanking,Yes Bank,insufficient_funds,3,1,598,0.5,4.45,False
txn_001653,2026-02-06 04:20:11,235.63,Wallet,HDFC,insufficient_funds,6,1,213,1.2,4.25,True
txn_001654,2026-06-29 08:12:16,214.63,UPI,Axis,bank_timeout,29,0,898,1.2,0.55,True
txn_001655,2025-08-12 03:27:57,2073.38,Credit Card,IDFC,expired_card,12,2,810,1.4,,True
txn_001656,2026-06-08 06:38:21,238.83,UPI,ICICI,invalid_cvv,8,0,199,0.1,0.4,False
txn_001657,2026-03-07 17:35:21,528.74,Debit Card,PNB,insufficient_funds,7,1,777,1.7,4.25,False
txn_001658,2025-09-01 19:00:45,2870.88,UPI,Axis,insufficient_funds,1,1,158,5.4,2.83,True
txn_001659,2026-03-22 14:46:42,980.51,UPI,SBI,insufficient_funds,22,2,869,4.1,3.59,True
txn_001660,2026-06-15 14:02:35,2379.07,Debit Card,PNB,insufficient_funds,15,2,514,1.9,4.41,True
txn_001661,2026-07-27 12:46:05,6634.04,Debit Card,Axis,network_error,27,3,18,0.2,0.0,False
txn_001662,2026-07-26 05:23:29,69.59,Debit Card,Kotak,network_error,26,3,351,0.5,0.15,True
txn_001663,2025-06-10 14:37:59,807.65,Debit Card,Axis,bank_timeout,10,0,12,2.2,0.0,False
txn_001664,2025-07-13 22:39:36,408.64,Wallet,Yes Bank,insufficient_funds,13,1,39,0.9,2.89,False
txn_001665,2025-05-02 03:58:05,765.07,Credit Card,ICICI,fraud_block,2,1,293,0.2,,False
txn_001666,2025-03-02 23:06:51,1053.96,Netbanking,HDFC,invalid_cvv,2,3,66,2.5,1.67,False
txn_001667,2026-02-25 13:48:21,375.19,Credit Card,PNB,insufficient_funds,25,0,814,0.2,3.92,True
txn_001668,2025-10-16 07:36:17,933.17,Wallet,Yes Bank,bank_timeout,16,2,882,2.9,0.85,True
txn_001669,2026-01-18 09:53:23,332.68,Wallet,Kotak,insufficient_funds,18,1,648,1.0,4.61,False
txn_001670,2026-01-17 05:16:29,878.58,Debit Card,Kotak,insufficient_funds,17,3,207,2.4,4.77,True
txn_001671,2025-11-06 01:00:41,8997.06,Debit Card,SBI,expired_card,6,1,894,2.8,,False
txn_001672,2025-02-12 01:23:42,1687.3,Wallet,IDFC,bank_timeout,12,1,604,1.3,1.01,True
txn_001673,2026-01-07 12:31:56,718.57,Wallet,HDFC,insufficient_funds,7,2,238,0.0,2.78,False
txn_001674,2026-01-26 06:49:00,302.56,UPI,IDFC,fraud_block,26,3,329,0.4,,False
txn_001675,2026-06-18 02:16:46,834.05,Debit Card,PNB,insufficient_funds,18,2,204,3.4,4.1,False
txn_001676,2025-04-04 11:49:31,1018.04,Wallet,PNB,insufficient_funds,4,1,160,5.3,4.7,True
txn_001677,2025-09-03 04:09:57,850.0,Credit Card,HDFC,expired_card,3,1,531,0.4,,False
txn_001678,2026-06-08 14:11:30,695.04,Debit Card,IDFC,insufficient_funds,8,3,80,0.3,3.27,True
txn_001679,2026-03-28 06:46:41,798.55,Credit Card,Yes Bank,network_error,28,1,380,9.5,0.76,True
txn_001680,2025-10-08 20:45:21,235.03,Wallet,Kotak,invalid_cvv,8,1,81,3.2,0.89,False
txn_001681,2025-05-26 08:46:27,399.14,Wallet,Kotak,bank_timeout,26,1,257,4.4,0.54,True
txn_001682,2025-07-04 04:35:39,337.13,UPI,PNB,invalid_cvv,4,2,92,0.5,1.2,False
txn_001683,2026-04-22 04:42:53,436.38,UPI,Yes Bank,insufficient_funds,22,1,888,1.8,4.64,True
txn_001684,2025-05-23 20:23:57,278.07,Netbanking,IDFC,bank_timeout,23,2,660,1.0,0.66,False
txn_001685,2025-06-13 12:36:35,1438.35,Netbanking,Yes Bank,expired_card,13,2,808,6.9,,False
txn_001686,2025-10-11 13:32:48,2981.06,Netbanking,Kotak,otp_failure,11,0,495,3.0,0.01,True
txn_001687,2025-12-17 02:11:50,842.35,Debit Card,SBI,bank_timeout,17,1,475,0.5,0.49,True
txn_001688,2026-03-24 07:25:06,575.75,Debit Card,ICICI,network_error,24,1,843,0.9,0.28,True
txn_001689,2026-07-14 20:58:26,395.17,UPI,Axis,bank_timeout,14,0,614,0.0,0.0,True
txn_001690,2026-03-08 08:17:19,238.58,Netbanking,IDFC,otp_failure,8,0,169,0.7,0.0,False
txn_001691,2025-06-02 06:52:59,332.59,Debit Card,SBI,insufficient_funds,2,0,874,1.8,2.88,False
txn_001692,2026-01-03 09:07:01,215.92,Credit Card,SBI,bank_timeout,3,0,752,1.1,0.0,False
txn_001693,2025-11-24 09:42:53,697.73,Netbanking,SBI,invalid_cvv,24,2,528,1.9,1.07,False
txn_001694,2026-05-05 20:12:18,4768.1,Wallet,Yes Bank,bank_timeout,5,2,252,0.8,1.13,True
txn_001695,2026-01-13 23:15:28,659.43,UPI,Kotak,invalid_cvv,13,0,165,1.6,1.19,True
txn_001696,2026-03-13 15:01:12,716.87,Wallet,HDFC,expired_card,13,1,283,0.5,,False
txn_001697,2025-11-06 10:44:59,730.93,Credit Card,SBI,bank_timeout,6,0,841,4.0,0.0,False
txn_001698,2025-02-16 15:09:33,513.49,Debit Card,Kotak,invalid_cvv,16,1,493,4.3,0.75,True
txn_001699,2026-01-06 03:20:19,4515.27,Credit Card,PNB,insufficient_funds,6,1,562,1.7,3.91,True
txn_001700,2025-09-17 22:27:00,634.58,UPI,Yes Bank,insufficient_funds,17,1,106,1.4,4.73,False
txn_001701,2025-10-07 20:36:05,383.02,Wallet,Kotak,expired_card,7,1,476,1.4,,False
txn_001702,2025-09-25 07:14:23,1941.15,Credit Card,IDFC,bank_timeout,25,0,767,7.7,0.47,False
txn_001703,2025-04-05 04:01:50,658.77,UPI,Axis,insufficient_funds,5,1,521,0.5,4.72,True
txn_001704,2026-03-25 01:20:00,884.1,Wallet,SBI,expired_card,25,0,570,4.0,,True
txn_001705,2025-08-10 01:29:28,208.23,UPI,Yes Bank,bank_timeout,10,1,638,0.2,0.0,True
txn_001706,2026-06-07 21:13:26,739.72,Wallet,PNB,insufficient_funds,7,0,170,4.8,4.39,True
txn_001707,2026-07-27 01:50:34,465.0,Netbanking,ICICI,network_error,27,0,317,2.3,0.37,True
txn_001708,2025-10-23 23:40:41,791.97,Wallet,Kotak,expired_card,23,2,107,0.6,,True
txn_001709,2025-12-27 04:57:55,1156.2,Debit Card,SBI,insufficient_funds,27,0,242,6.2,4.67,True
txn_001710,2026-05-13 13:17:19,651.18,UPI,IDFC,fraud_block,13,1,345,1.3,,False
txn_001711,2026-05-06 07:47:21,794.49,Wallet,IDFC,fraud_block,6,0,525,4.5,,False
txn_001712,2025-02-25 09:57:00,300.47,Credit Card,SBI,insufficient_funds,25,0,363,1.0,4.7,False
txn_001713,2025-09-24 21:38:36,925.68,Debit Card,Yes Bank,otp_failure,24,1,694,2.9,0.68,True
txn_001714,2025-09-04 03:02:18,498.85,UPI,Kotak,fraud_block,4,2,223,2.0,,False
txn_001715,2026-04-16 05:11:37,1076.47,Netbanking,Kotak,network_error,16,5,822,1.8,0.37,True
txn_001716,2025-12-12 13:30:25,1606.19,UPI,PNB,expired_card,12,1,892,0.0,,False
txn_001717,2025-11-18 13:18:55,517.43,Debit Card,SBI,expired_card,18,0,400,3.4,,False
txn_001718,2025-01-18 22:38:08,572.56,Debit Card,Axis,invalid_cvv,18,2,656,1.8,0.91,True
txn_001719,2026-05-30 04:59:41,626.47,UPI,ICICI,insufficient_funds,30,0,356,0.3,3.19,True
txn_001720,2025-06-13 13:20:13,3378.98,Debit Card,IDFC,invalid_cvv,13,2,316,7.9,0.32,False
txn_001721,2025-03-22 00:13:58,504.18,Credit Card,ICICI,otp_failure,22,1,624,0.3,0.01,True
txn_001722,2026-01-03 12:49:21,852.22,Wallet,HDFC,invalid_cvv,3,0,507,0.5,0.46,True
txn_001723,2025-01-21 11:28:39,720.48,Netbanking,ICICI,bank_timeout,21,4,360,3.2,0.0,False
txn_001724,2025-03-22 17:21:57,1321.0,UPI,SBI,bank_timeout,22,1,641,1.5,0.0,True
txn_001725,2025-03-07 11:40:33,334.88,Netbanking,Kotak,network_error,7,0,214,0.3,0.0,True
txn_001726,2025-06-28 03:30:17,5446.43,Debit Card,Kotak,fraud_block,28,1,273,0.5,,True
txn_001727,2025-12-11 05:06:32,729.72,Debit Card,SBI,otp_failure,11,2,420,2.4,0.0,True
txn_001728,2026-02-14 03:11:19,852.61,Debit Card,HDFC,invalid_cvv,14,0,428,1.5,1.48,True
txn_001729,2025-01-28 07:20:10,1915.59,UPI,Yes Bank,bank_timeout,28,1,403,0.5,0.57,False
txn_001730,2026-01-05 20:10:03,808.48,Netbanking,Kotak,bank_timeout,5,4,752,0.8,0.45,True
txn_001731,2026-03-03 01:37:30,2618.66,Netbanking,SBI,bank_timeout,3,2,671,0.9,0.13,True
txn_001732,2026-06-26 20:37:58,820.55,Wallet,SBI,insufficient_funds,26,2,82,0.6,3.93,False
txn_001733,2026-04-04 21:53:12,1059.99,Wallet,PNB,otp_failure,4,1,583,1.5,0.0,True
txn_001734,2026-05-06 03:34:42,833.31,Wallet,IDFC,bank_timeout,6,1,279,3.1,0.13,True
txn_001735,2026-02-11 13:59:52,967.64,Wallet,Kotak,bank_timeout,11,0,399,2.9,0.0,False
txn_001736,2025-09-27 15:41:10,734.77,Netbanking,Axis,bank_timeout,27,3,726,0.1,0.0,True
txn_001737,2025-03-11 13:24:28,836.95,Netbanking,Kotak,expired_card,11,0,712,6.4,,False
txn_001738,2025-10-12 02:41:43,352.84,Netbanking,Kotak,insufficient_funds,12,0,604,0.6,3.82,True
txn_001739,2025-05-01 22:47:07,541.49,UPI,HDFC,insufficient_funds,1,1,264,0.2,3.7,False
txn_001740,2025-01-01 01:43:17,856.78,Wallet,SBI,bank_timeout,1,2,77,8.0,0.0,True
txn_001741,2025-09-25 02:28:46,1519.98,UPI,PNB,insufficient_funds,25,0,334,6.1,3.63,False
txn_001742,2026-02-20 14:57:58,4175.2,Credit Card,PNB,bank_timeout,20,0,723,1.8,0.0,True
txn_001743,2026-01-06 13:10:29,2461.37,UPI,HDFC,insufficient_funds,6,0,161,1.3,3.37,False
txn_001744,2025-12-01 07:53:44,300.6,UPI,Axis,bank_timeout,1,1,802,0.1,0.0,True
txn_001745,2025-01-06 14:33:10,969.94,Wallet,Yes Bank,insufficient_funds,6,0,516,0.4,3.48,True
txn_001746,2025-05-27 11:13:04,204.99,Netbanking,IDFC,otp_failure,27,1,133,1.3,0.83,True
txn_001747,2025-11-03 14:42:43,263.05,Debit Card,SBI,network_error,3,0,60,1.3,0.41,True
txn_001748,2026-07-10 07:24:35,1086.81,Netbanking,IDFC,invalid_cvv,10,1,694,0.6,1.16,False
txn_001749,2025-06-21 08:08:27,894.26,UPI,ICICI,insufficient_funds,21,1,649,0.8,4.5,True
txn_001750,2025-11-24 23:06:45,178.76,Debit Card,Kotak,network_error,24,1,618,2.6,0.33,True
txn_001751,2025-08-10 02:45:40,260.22,Wallet,Kotak,insufficient_funds,10,0,512,1.1,4.09,True
txn_001752,2025-11-17 17:05:10,1083.03,Debit Card,ICICI,invalid_cvv,17,4,842,0.7,1.85,False
txn_001753,2025-05-22 16:18:58,137.51,Debit Card,Kotak,network_error,22,0,380,1.1,0.4,True
txn_001754,2025-03-27 17:11:29,626.92,Netbanking,PNB,insufficient_funds,27,0,415,2.1,3.61,True
txn_001755,2025-07-31 08:56:52,2630.83,Wallet,PNB,otp_failure,31,1,749,0.1,0.0,True
txn_001756,2025-05-26 20:38:56,145.05,UPI,HDFC,bank_timeout,26,1,336,0.6,0.0,True
txn_001757,2025-04-29 04:16:07,1028.31,Credit Card,HDFC,insufficient_funds,29,1,720,0.7,4.83,True
txn_001758,2025-05-25 10:07:40,597.06,Credit Card,Kotak,otp_failure,25,2,778,4.3,0.0,False
txn_001759,2025-07-29 02:09:39,1849.67,Debit Card,PNB,insufficient_funds,29,0,184,2.3,4.15,True
txn_001760,2026-07-19 18:15:29,493.4,Credit Card,Axis,invalid_cvv,19,0,293,0.9,1.35,True
txn_001761,2025-03-12 01:23:37,1814.14,Debit Card,HDFC,invalid_cvv,12,1,478,0.1,1.27,False
txn_001762,2026-01-19 08:59:23,640.5,Debit Card,Yes Bank,bank_timeout,19,2,420,2.0,0.17,True
txn_001763,2025-11-23 09:53:52,342.17,UPI,PNB,bank_timeout,23,1,355,1.9,0.04,True
txn_001764,2025-10-16 11:20:36,851.46,Netbanking,HDFC,insufficient_funds,16,0,140,3.3,3.22,False
txn_001765,2025-09-14 12:16:51,1103.88,Credit Card,SBI,bank_timeout,14,2,823,0.1,0.66,False
txn_001766,2025-02-13 12:37:49,215.91,UPI,IDFC,bank_timeout,13,2,61,1.2,0.14,False
txn_001767,2025-02-25 10:42:25,8971.16,Wallet,PNB,bank_timeout,25,1,425,0.8,1.18,True
txn_001768,2025-05-22 01:20:20,4264.49,Debit Card,Kotak,expired_card,22,1,512,3.6,,True
txn_001769,2025-10-24 09:07:06,2961.43,Credit Card,ICICI,network_error,24,1,716,1.1,0.02,False
txn_001770,2026-07-10 02:38:52,834.91,Debit Card,IDFC,insufficient_funds,10,3,639,1.5,3.97,False
txn_001771,2025-12-11 01:23:25,759.1,Debit Card,HDFC,expired_card,11,1,376,1.1,,True
txn_001772,2025-06-04 16:58:55,599.29,Netbanking,ICICI,network_error,4,1,7,4.6,0.84,True
txn_001773,2026-02-09 18:44:14,666.12,Debit Card,PNB,bank_timeout,9,0,839,2.4,0.0,True
txn_001774,2025-10-30 05:46:39,15607.98,UPI,Yes Bank,otp_failure,30,0,500,2.3,0.31,True
txn_001775,2025-05-04 04:43:53,368.15,Credit Card,ICICI,otp_failure,4,0,465,2.4,1.03,False
txn_001776,2025-07-16 18:05:30,354.29,Netbanking,Kotak,insufficient_funds,16,0,880,0.0,3.34,False
txn_001777,2025-06-04 08:28:37,4399.66,UPI,HDFC,insufficient_funds,4,1,784,1.4,4.01,True
txn_001778,2026-06-02 20:05:29,726.84,Debit Card,ICICI,otp_failure,2,3,18,3.0,0.11,True
txn_001779,2025-07-03 06:43:19,345.93,Netbanking,Yes Bank,insufficient_funds,3,1,637,6.4,4.19,False
txn_001780,2025-01-12 16:52:56,1897.58,Debit Card,Kotak,network_error,12,0,664,0.3,0.0,True
txn_001781,2026-03-31 03:32:22,492.47,Credit Card,IDFC,expired_card,31,3,218,0.4,,False
txn_001782,2025-07-08 19:30:49,425.4,Credit Card,HDFC,invalid_cvv,8,3,434,0.4,0.54,False
txn_001783,2026-03-28 08:03:38,476.1,Netbanking,SBI,bank_timeout,28,0,811,3.2,0.37,True
txn_001784,2025-10-16 11:22:22,140.17,Credit Card,Axis,bank_timeout,16,0,851,3.1,0.55,False
txn_001785,2025-05-03 11:42:44,998.1,Netbanking,ICICI,insufficient_funds,3,4,96,0.4,3.74,True
txn_001786,2026-06-17 18:56:05,1842.18,Wallet,Yes Bank,insufficient_funds,17,2,870,1.8,3.6,False
txn_001787,2026-05-01 13:18:40,420.57,Credit Card,HDFC,network_error,1,3,214,3.3,0.1,False
txn_001788,2025-10-04 03:19:47,685.31,Debit Card,ICICI,fraud_block,4,0,108,0.1,,False
txn_001789,2025-04-08 17:35:37,615.03,Netbanking,Axis,insufficient_funds,8,2,210,0.2,3.74,True
txn_001790,2025-09-04 00:27:11,278.34,Wallet,Yes Bank,otp_failure,4,0,541,1.9,0.89,True
txn_001791,2025-12-07 18:18:46,2668.96,Debit Card,HDFC,otp_failure,7,1,457,0.7,0.43,True
txn_001792,2026-06-20 08:33:03,6602.22,Netbanking,Yes Bank,insufficient_funds,20,0,61,1.6,3.94,True
txn_001793,2026-07-17 15:46:44,2515.07,Debit Card,Kotak,bank_timeout,17,1,498,0.6,0.0,False
txn_001794,2025-01-31 16:07:11,571.54,Netbanking,PNB,insufficient_funds,31,3,32,2.0,4.62,True
txn_001795,2026-03-11 04:58:38,837.63,UPI,PNB,bank_timeout,11,1,366,18.3,0.0,True
txn_001796,2025-05-28 09:40:40,380.66,Wallet,SBI,network_error,28,5,595,0.2,0.11,False
txn_001797,2026-02-27 05:49:17,490.1,UPI,Yes Bank,bank_timeout,27,2,864,1.6,0.61,False
txn_001798,2026-07-23 20:58:13,403.24,Netbanking,Kotak,otp_failure,23,3,549,4.1,0.0,True
txn_001799,2026-04-11 00:12:10,295.34,Wallet,SBI,insufficient_funds,11,1,410,2.0,4.36,False
txn_001800,2025-02-23 11:57:09,1517.23,Wallet,SBI,expired_card,23,0,897,0.1,,False
txn_001801,2025-12-16 01:07:43,1517.61,UPI,Kotak,bank_timeout,16,2,651,3.7,0.6,True
txn_001802,2026-02-25 16:16:00,474.4,UPI,PNB,insufficient_funds,25,0,773,0.0,3.54,False
txn_001803,2025-01-01 13:25:06,2010.9,Wallet,IDFC,expired_card,1,1,628,0.9,,False
txn_001804,2026-07-24 20:22:17,551.61,Debit Card,HDFC,bank_timeout,24,1,703,2.0,0.74,True
txn_001805,2026-04-27 08:41:25,159.51,UPI,Axis,otp_failure,27,2,135,0.7,0.28,True
txn_001806,2025-09-07 02:10:16,108.56,Credit Card,IDFC,bank_timeout,7,2,4,6.9,0.0,False
txn_001807,2025-05-28 11:25:23,128.46,Wallet,PNB,bank_timeout,28,0,728,2.6,1.11,True
txn_001808,2026-03-05 08:06:18,631.43,Debit Card,Kotak,network_error,5,1,396,0.6,0.0,True
txn_001809,2025-09-08 13:42:02,97.15,Netbanking,Yes Bank,fraud_block,8,2,256,8.5,,False
txn_001810,2025-03-27 19:12:02,192.06,Credit Card,ICICI,bank_timeout,27,0,402,0.5,0.25,True
txn_001811,2025-02-04 00:04:02,291.82,Debit Card,SBI,invalid_cvv,4,1,270,1.8,1.12,True
txn_001812,2025-01-25 06:59:06,439.2,Debit Card,ICICI,invalid_cvv,25,2,520,0.2,0.37,True
txn_001813,2026-01-12 23:57:28,472.22,Debit Card,ICICI,insufficient_funds,12,1,585,2.9,4.2,True
txn_001814,2025-01-25 17:06:52,1108.01,Wallet,IDFC,otp_failure,25,2,98,0.5,0.0,False
txn_001815,2026-05-27 00:32:28,1271.0,Netbanking,Kotak,bank_timeout,27,1,755,1.5,0.0,True
txn_001816,2025-02-08 03:01:20,266.23,UPI,Axis,otp_failure,8,0,800,2.2,0.0,True
txn_001817,2026-04-16 15:47:39,1363.56,Credit Card,HDFC,bank_timeout,16,0,535,2.4,0.35,True
txn_001818,2025-06-12 03:09:36,5902.4,Netbanking,ICICI,fraud_block,12,3,421,2.0,,False
txn_001819,2025-12-30 13:15:17,124.97,Credit Card,Yes Bank,invalid_cvv,30,0,428,3.6,0.64,False
txn_001820,2026-03-10 10:14:40,2156.0,Netbanking,Yes Bank,insufficient_funds,10,3,631,1.5,4.57,True
txn_001821,2026-07-05 06:09:46,789.33,Credit Card,Kotak,otp_failure,5,1,540,2.0,0.0,True
txn_001822,2026-02-15 21:39:47,718.66,Credit Card,ICICI,fraud_block,15,0,215,0.0,,False
txn_001823,2025-08-25 01:11:29,353.65,Credit Card,Axis,otp_failure,25,0,142,0.7,0.11,False
txn_001824,2026-02-08 11:54:26,476.98,Credit Card,ICICI,fraud_block,8,1,62,2.1,,False
txn_001825,2026-07-18 06:11:04,362.86,Debit Card,IDFC,insufficient_funds,18,1,224,1.7,3.53,True
txn_001826,2025-05-28 03:47:53,108.22,Debit Card,Axis,expired_card,28,1,532,0.6,,False
txn_001827,2026-03-19 18:05:09,2153.06,Debit Card,IDFC,insufficient_funds,19,1,779,2.0,3.98,False
txn_001828,2025-03-23 22:55:36,856.37,Wallet,Yes Bank,insufficient_funds,23,3,250,1.9,4.47,False
txn_001829,2026-06-08 21:27:09,227.91,Netbanking,IDFC,insufficient_funds,8,0,606,0.2,4.04,False
txn_001830,2025-03-22 20:36:33,1087.93,Debit Card,SBI,insufficient_funds,22,1,96,4.1,4.4,False
txn_001831,2026-03-04 04:05:57,495.94,Netbanking,Yes Bank,bank_timeout,4,2,136,4.6,0.0,False
txn_001832,2026-05-26 17:16:57,3538.62,Debit Card,PNB,bank_timeout,26,1,326,3.5,0.09,True
txn_001833,2025-10-01 15:47:48,3328.03,UPI,Yes Bank,insufficient_funds,1,1,219,5.2,3.71,True
txn_001834,2025-10-16 17:21:14,81.62,Netbanking,IDFC,invalid_cvv,16,0,110,1.5,0.94,True
txn_001835,2026-07-18 19:09:15,1228.69,UPI,Axis,otp_failure,18,7,617,1.2,0.42,False
txn_001836,2026-03-14 09:46:41,1550.37,Wallet,Axis,bank_timeout,14,0,709,1.2,0.0,True
txn_001837,2025-10-19 07:40:56,3226.44,Wallet,Kotak,insufficient_funds,19,1,201,1.0,3.12,True
txn_001838,2025-10-07 15:02:44,1079.36,Netbanking,PNB,network_error,7,2,270,0.1,0.06,True
txn_001839,2025-11-05 10:18:16,1147.89,Credit Card,HDFC,fraud_block,5,0,324,0.0,,False
txn_001840,2025-08-09 23:07:55,220.49,Wallet,HDFC,expired_card,9,0,312,4.4,,False
txn_001841,2026-02-07 00:56:16,255.21,Debit Card,Kotak,expired_card,7,2,519,2.4,,False
txn_001842,2025-01-06 02:27:06,94.14,UPI,Axis,fraud_block,6,0,496,2.2,,False
txn_001843,2025-06-16 20:35:14,140.56,UPI,HDFC,otp_failure,16,0,133,3.1,0.0,False
txn_001844,2026-06-20 17:17:50,3133.23,UPI,SBI,network_error,20,2,534,2.1,0.01,True
txn_001845,2025-03-15 05:38:22,169.68,Credit Card,PNB,network_error,15,0,680,0.3,0.75,True
txn_001846,2025-10-04 05:54:13,1646.53,Debit Card,SBI,insufficient_funds,4,1,19,0.0,3.17,False
txn_001847,2025-07-25 19:44:15,792.64,UPI,Axis,insufficient_funds,25,1,285,5.3,3.75,True
txn_001848,2025-06-30 23:19:32,1132.32,UPI,Kotak,bank_timeout,30,1,847,4.1,0.0,True
txn_001849,2025-03-13 09:14:08,344.86,Wallet,IDFC,expired_card,13,1,352,0.1,,True
txn_001850,2026-03-19 00:08:21,195.29,Debit Card,ICICI,insufficient_funds,19,1,477,0.4,4.07,True
txn_001851,2026-07-17 00:31:07,545.47,UPI,PNB,expired_card,17,1,757,0.6,,True
txn_001852,2025-05-15 07:08:09,709.07,Netbanking,ICICI,bank_timeout,15,2,143,2.2,0.15,True
txn_001853,2026-04-08 07:54:49,86.66,UPI,HDFC,otp_failure,8,2,590,0.0,0.0,True
txn_001854,2026-07-22 14:54:03,314.31,Wallet,IDFC,insufficient_funds,22,2,590,0.1,3.79,True
txn_001855,2025-03-02 22:55:28,1897.71,Credit Card,Yes Bank,fraud_block,2,1,449,2.6,,False
txn_001856,2025-09-28 05:53:20,6733.31,Netbanking,IDFC,bank_timeout,28,1,68,0.8,0.2,False
txn_001857,2025-04-04 15:02:17,3307.23,Debit Card,HDFC,network_error,4,2,380,1.0,0.54,True
txn_001858,2026-05-08 08:30:43,773.78,Netbanking,HDFC,insufficient_funds,8,2,122,17.1,4.31,False
txn_001859,2025-08-25 17:34:27,153.2,Wallet,HDFC,insufficient_funds,25,0,354,3.8,3.98,False
txn_001860,2025-09-06 00:29:30,251.56,Wallet,SBI,expired_card,6,1,158,2.9,,False
txn_001861,2025-09-11 20:34:59,454.19,Wallet,Axis,bank_timeout,11,5,811,1.6,0.0,True
txn_001862,2025-04-29 23:48:29,479.97,Credit Card,IDFC,network_error,29,0,356,0.4,0.0,True
txn_001863,2025-12-13 02:53:19,290.49,Wallet,ICICI,bank_timeout,13,1,545,9.3,0.03,True
txn_001864,2025-06-22 11:58:34,615.23,Netbanking,Kotak,insufficient_funds,22,4,568,0.2,3.85,False
txn_001865,2025-11-03 06:42:08,812.97,Debit Card,SBI,network_error,3,1,800,5.0,1.04,True
txn_001866,2025-09-19 02:37:44,271.95,Credit Card,PNB,otp_failure,19,2,161,7.2,0.59,False
txn_001867,2026-03-20 20:25:28,221.52,Credit Card,IDFC,insufficient_funds,20,0,291,0.3,2.99,False
txn_001868,2025-07-23 22:26:07,310.0,Credit Card,IDFC,bank_timeout,23,2,430,0.4,0.07,True
txn_001869,2026-01-25 18:39:39,408.08,Netbanking,SBI,network_error,25,0,442,0.3,0.1,True
txn_001870,2025-04-15 18:10:23,490.14,Netbanking,Axis,insufficient_funds,15,1,458,0.9,4.03,True
txn_001871,2026-01-14 22:23:24,62.94,Netbanking,Axis,insufficient_funds,14,1,650,0.1,3.7,False
txn_001872,2026-03-12 20:55:20,532.28,Wallet,Axis,expired_card,12,2,880,0.5,,False
txn_001873,2025-07-08 05:04:50,233.7,Credit Card,Kotak,bank_timeout,8,2,630,1.3,0.18,True
txn_001874,2025-12-01 01:00:22,988.71,UPI,ICICI,insufficient_funds,1,1,471,0.3,3.79,True
txn_001875,2025-03-29 09:42:31,1442.13,Netbanking,IDFC,network_error,29,0,598,1.1,0.62,False
txn_001876,2025-10-11 17:04:56,256.25,UPI,Axis,bank_timeout,11,0,58,0.4,0.0,True
txn_001877,2025-09-07 02:59:47,1532.9,UPI,HDFC,bank_timeout,7,1,695,4.6,0.0,True
txn_001878,2025-08-25 18:14:06,605.22,Debit Card,Yes Bank,otp_failure,25,1,75,3.4,0.21,True
txn_001879,2026-04-24 15:11:30,350.33,Netbanking,SBI,otp_failure,24,4,582,2.1,0.88,False
txn_001880,2025-12-09 02:50:00,2633.84,Credit Card,Axis,bank_timeout,9,1,695,0.8,0.0,True
txn_001881,2025-06-05 02:24:07,2378.12,UPI,SBI,bank_timeout,5,1,403,0.4,0.0,True
txn_001882,2026-07-20 19:58:38,2656.78,Credit Card,ICICI,insufficient_funds,20,0,568,3.3,4.2,False
txn_001883,2026-07-29 10:48:03,1636.25,Credit Card,Axis,bank_timeout,29,1,220,1.4,0.0,False
txn_001884,2026-04-28 08:19:28,977.56,Debit Card,Kotak,insufficient_funds,28,2,267,0.6,2.65,True
txn_001885,2025-01-11 16:00:25,2118.67,UPI,ICICI,network_error,11,0,118,0.0,0.0,True
txn_001886,2025-08-25 23:48:45,633.51,Netbanking,PNB,insufficient_funds,25,0,361,2.9,3.87,False
txn_001887,2025-01-18 16:03:20,718.64,UPI,Axis,network_error,18,0,565,0.5,0.64,True
txn_001888,2026-07-29 18:50:30,268.6,Wallet,Axis,insufficient_funds,29,2,521,0.0,3.69,False
txn_001889,2025-06-08 07:07:57,1861.98,Wallet,Kotak,network_error,8,0,864,1.0,0.0,True
txn_001890,2026-03-03 06:22:28,546.47,Netbanking,SBI,fraud_block,3,2,261,0.6,,False
txn_001891,2026-06-24 21:03:54,1664.42,Credit Card,IDFC,fraud_block,24,0,16,1.7,,False
txn_001892,2026-03-29 19:59:59,1725.21,Wallet,HDFC,invalid_cvv,29,1,434,2.1,0.21,False
txn_001893,2025-07-18 10:03:05,1747.86,Debit Card,HDFC,bank_timeout,18,1,44,0.2,0.35,True
txn_001894,2025-08-09 14:23:46,1506.5,Debit Card,Kotak,bank_timeout,9,3,664,1.0,0.43,True
txn_001895,2025-02-11 05:34:50,182.54,Netbanking,HDFC,invalid_cvv,11,4,446,4.4,1.68,False
txn_001896,2025-02-21 17:28:22,1840.02,Netbanking,Kotak,otp_failure,21,1,756,0.1,0.0,False
txn_001897,2026-05-30 22:52:24,601.9,UPI,ICICI,network_error,30,1,809,2.1,0.35,True
txn_001898,2025-01-15 19:38:44,792.47,UPI,IDFC,invalid_cvv,15,1,157,0.4,0.64,False
txn_001899,2025-06-29 13:17:43,113.73,Netbanking,ICICI,expired_card,29,1,334,1.8,,False
txn_001900,2025-09-03 00:31:31,896.78,Netbanking,ICICI,fraud_block,3,1,223,7.9,,False
txn_001901,2025-05-25 19:04:19,689.98,Debit Card,PNB,expired_card,25,0,703,5.5,,True
txn_001902,2026-03-12 11:58:23,455.46,Credit Card,HDFC,bank_timeout,12,3,473,0.9,0.0,True
txn_001903,2025-07-12 03:43:25,191.87,Wallet,Kotak,insufficient_funds,12,0,490,3.6,4.62,False
txn_001904,2025-09-17 02:11:19,88.23,Netbanking,IDFC,insufficient_funds,17,1,38,0.3,3.26,False
txn_001905,2025-05-02 22:47:24,784.65,Credit Card,Yes Bank,otp_failure,2,1,804,0.2,0.0,True
txn_001906,2026-06-16 12:29:17,2022.91,UPI,Yes Bank,insufficient_funds,16,1,466,0.7,4.22,False
txn_001907,2026-05-01 15:09:00,1852.39,UPI,Axis,expired_card,1,2,587,0.8,,False
txn_001908,2026-01-25 08:00:16,788.15,UPI,HDFC,insufficient_funds,25,0,360,2.0,4.24,True
txn_001909,2026-05-02 01:36:54,90.45,UPI,IDFC,insufficient_funds,2,1,446,3.1,4.12,True
txn_001910,2025-01-23 21:17:02,147.84,Wallet,Kotak,insufficient_funds,23,2,161,3.9,3.97,True
txn_001911,2025-06-25 05:09:58,757.86,Debit Card,Yes Bank,expired_card,25,0,202,0.7,,False
txn_001912,2025-11-02 03:11:28,179.26,Debit Card,ICICI,otp_failure,2,1,548,0.3,0.63,True
txn_001913,2026-07-21 22:07:46,366.49,Netbanking,Axis,otp_failure,21,1,226,0.2,0.37,True
txn_001914,2025-11-21 03:39:26,859.29,Debit Card,SBI,bank_timeout,21,0,230,2.6,0.0,True
txn_001915,2025-11-28 05:53:01,610.41,UPI,Yes Bank,fraud_block,28,0,80,4.0,,True
txn_001916,2025-12-15 21:07:13,700.09,Wallet,SBI,bank_timeout,15,1,374,6.0,0.0,False
txn_001917,2025-06-10 14:14:05,662.99,Debit Card,Axis,bank_timeout,10,0,423,4.0,0.21,True
txn_001918,2025-04-18 06:33:01,189.11,UPI,SBI,network_error,18,1,815,7.1,0.29,True
txn_001919,2025-12-01 00:58:46,2470.93,Debit Card,SBI,network_error,1,2,556,1.4,0.0,True
txn_001920,2025-09-04 14:33:30,813.09,Credit Card,ICICI,bank_timeout,4,1,562,1.0,0.0,True
txn_001921,2025-05-24 00:31:45,1045.31,UPI,SBI,network_error,24,2,52,1.0,0.0,True
txn_001922,2026-07-19 17:44:41,455.96,Credit Card,Yes Bank,insufficient_funds,19,0,831,0.5,4.63,False
txn_001923,2025-11-18 14:16:04,773.86,Netbanking,Kotak,network_error,18,1,561,3.1,0.0,True
txn_001924,2025-12-11 02:12:07,2523.5,UPI,SBI,insufficient_funds,11,2,431,1.9,3.31,True
txn_001925,2025-05-26 23:20:10,1816.98,Credit Card,SBI,bank_timeout,26,0,412,0.6,0.0,True
txn_001926,2025-05-24 11:55:27,160.1,Credit Card,Kotak,insufficient_funds,24,0,389,1.5,3.89,False
txn_001927,2026-04-16 09:17:10,143.05,Wallet,Axis,expired_card,16,0,540,0.9,,False
txn_001928,2026-04-09 04:58:08,3858.01,Debit Card,Axis,invalid_cvv,9,2,186,0.7,1.56,False
txn_001929,2026-06-18 21:39:09,383.17,Credit Card,Yes Bank,network_error,18,4,263,0.6,0.24,True
txn_001930,2025-03-03 17:31:45,136.89,Netbanking,SBI,expired_card,3,0,61,0.2,,False
txn_001931,2026-01-26 04:00:32,581.92,Wallet,PNB,otp_failure,26,1,83,3.2,0.52,False
txn_001932,2026-07-08 00:59:54,180.67,UPI,SBI,bank_timeout,8,0,420,1.2,0.0,True
txn_001933,2025-10-28 22:46:59,349.59,Netbanking,PNB,expired_card,28,0,169,0.7,,False
txn_001934,2025-04-17 19:25:22,781.38,Debit Card,Axis,insufficient_funds,17,2,734,0.2,4.92,False
txn_001935,2025-06-25 18:02:08,915.47,Credit Card,IDFC,insufficient_funds,25,2,439,0.6,4.44,False
txn_001936,2025-01-12 15:53:09,469.43,UPI,IDFC,expired_card,12,3,698,5.2,,False
txn_001937,2025-06-22 20:42:40,2278.68,Debit Card,Axis,bank_timeout,22,1,348,0.9,0.08,True
txn_001938,2025-02-21 08:52:13,163.92,Debit Card,PNB,network_error,21,0,428,3.6,0.17,True
txn_001939,2026-04-25 06:49:12,516.39,Netbanking,Yes Bank,bank_timeout,25,1,445,1.7,0.91,True
txn_001940,2025-12-22 09:15:20,3498.6,Debit Card,IDFC,insufficient_funds,22,1,449,0.5,4.61,False
txn_001941,2025-11-11 11:15:48,264.94,Credit Card,IDFC,expired_card,11,1,862,0.7,,False
txn_001942,2026-07-14 09:31:05,1556.25,UPI,IDFC,bank_timeout,14,2,671,0.1,0.0,True
txn_001943,2026-04-20 23:16:37,771.83,Wallet,HDFC,otp_failure,20,1,849,0.9,0.39,True
txn_001944,2026-02-09 09:36:09,439.62,Credit Card,PNB,insufficient_funds,9,0,415,8.5,5.18,True
txn_001945,2025-12-21 21:14:28,279.87,Credit Card,Axis,insufficient_funds,21,0,184,0.4,4.16,False
txn_001946,2026-02-07 21:19:05,4761.15,Wallet,IDFC,insufficient_funds,7,0,283,0.3,3.86,False
txn_001947,2026-07-26 00:33:49,683.68,Credit Card,IDFC,bank_timeout,26,1,570,0.5,0.0,True
txn_001948,2026-02-05 21:17:55,135.44,Credit Card,Axis,insufficient_funds,5,2,585,3.2,4.18,True
txn_001949,2025-08-15 03:58:36,8395.74,Netbanking,IDFC,insufficient_funds,15,1,674,2.5,4.22,False
txn_001950,2025-08-25 13:18:02,488.64,UPI,PNB,bank_timeout,25,1,84,1.0,0.45,True
txn_001951,2025-05-10 07:32:06,311.25,Netbanking,Kotak,fraud_block,10,2,79,0.1,,False
txn_001952,2026-04-22 05:39:04,230.04,Credit Card,SBI,bank_timeout,22,2,539,0.1,0.0,True
txn_001953,2025-12-27 01:44:16,2402.06,Netbanking,ICICI,expired_card,27,2,700,0.2,,False
txn_001954,2026-07-16 07:06:45,561.06,Wallet,ICICI,insufficient_funds,16,0,446,2.2,4.31,False
txn_001955,2025-05-20 15:10:53,907.44,Wallet,SBI,bank_timeout,20,2,566,0.2,0.25,True
txn_001956,2025-11-02 07:17:40,537.69,Netbanking,Yes Bank,invalid_cvv,2,3,304,0.2,1.7,False
txn_001957,2025-12-17 05:07:17,1429.82,Credit Card,SBI,expired_card,17,1,336,6.4,,False
txn_001958,2025-12-19 09:13:18,546.98,Wallet,Axis,insufficient_funds,19,1,515,4.1,4.7,False
txn_001959,2025-12-20 03:54:33,232.22,Credit Card,Kotak,otp_failure,20,2,491,0.2,0.45,True
txn_001960,2025-09-09 17:11:30,861.09,Debit Card,ICICI,network_error,9,0,844,0.8,0.06,True
txn_001961,2025-03-12 19:55:40,1350.99,Credit Card,PNB,otp_failure,12,1,609,0.4,0.2,True
txn_001962,2026-05-08 11:57:59,944.91,UPI,ICICI,insufficient_funds,8,0,566,2.9,4.69,False
txn_001963,2026-02-11 20:39:44,435.62,Netbanking,SBI,network_error,11,1,487,1.7,0.0,True
txn_001964,2025-10-22 03:04:52,658.16,Wallet,IDFC,invalid_cvv,22,3,408,0.7,1.47,False
txn_001965,2025-02-04 02:28:07,849.92,Debit Card,Yes Bank,bank_timeout,4,1,617,0.5,0.0,False
txn_001966,2026-03-16 05:31:37,1442.57,Debit Card,SBI,bank_timeout,16,0,83,1.0,0.0,False
txn_001967,2025-04-23 07:40:36,2658.04,Debit Card,HDFC,insufficient_funds,23,0,108,5.2,3.86,False
txn_001968,2025-11-22 21:34:10,466.74,UPI,Kotak,expired_card,22,0,140,3.5,,False
txn_001969,2026-07-22 03:12:05,1537.91,Netbanking,Kotak,expired_card,22,1,136,0.5,,True
txn_001970,2026-05-02 13:55:39,667.27,Debit Card,ICICI,expired_card,2,0,669,1.4,,False
txn_001971,2025-04-13 04:39:42,393.52,Debit Card,HDFC,bank_timeout,13,0,545,0.1,0.69,False
txn_001972,2026-04-29 13:21:56,665.72,UPI,HDFC,bank_timeout,29,0,600,0.3,0.0,True
txn_001973,2025-12-23 05:43:07,1194.5,Netbanking,PNB,insufficient_funds,23,2,468,0.3,3.67,True
txn_001974,2026-02-27 03:35:45,311.64,Credit Card,PNB,invalid_cvv,27,2,870,0.1,0.53,True
txn_001975,2025-07-04 18:22:26,581.92,Debit Card,PNB,otp_failure,4,1,691,1.1,0.05,True
txn_001976,2025-12-19 10:17:54,660.03,Netbanking,PNB,expired_card,19,1,12,0.3,,False
txn_001977,2025-03-03 16:12:53,445.66,Wallet,HDFC,invalid_cvv,3,1,226,1.1,0.7,False
txn_001978,2025-07-10 01:47:02,1241.03,Wallet,Kotak,insufficient_funds,10,0,38,0.0,3.21,True
txn_001979,2026-04-27 09:16:34,433.44,Wallet,Axis,insufficient_funds,27,1,808,1.5,3.65,True
txn_001980,2025-02-07 23:54:45,725.05,Debit Card,SBI,fraud_block,7,1,405,2.9,,False
txn_001981,2025-02-12 18:27:58,335.53,UPI,HDFC,insufficient_funds,12,1,214,0.0,4.01,False
txn_001982,2025-04-23 21:58:31,1413.25,Credit Card,Kotak,otp_failure,23,3,32,0.9,0.27,False
txn_001983,2025-09-15 04:21:28,3251.58,Credit Card,HDFC,expired_card,15,0,85,1.5,,False
txn_001984,2025-03-26 13:48:46,144.23,Netbanking,SBI,invalid_cvv,26,2,515,4.4,1.78,False
txn_001985,2025-05-06 07:30:23,844.1,UPI,SBI,insufficient_funds,6,0,415,1.5,4.88,True
txn_001986,2025-12-20 16:06:44,414.23,Wallet,Yes Bank,expired_card,20,2,352,3.6,,False
txn_001987,2025-01-28 20:06:24,587.07,Credit Card,Kotak,otp_failure,28,0,230,2.4,0.0,True
txn_001988,2025-09-08 17:50:07,253.31,UPI,IDFC,network_error,8,2,643,0.6,0.72,True
txn_001989,2025-02-22 13:23:53,544.95,Netbanking,ICICI,fraud_block,22,3,231,4.5,,False
txn_001990,2025-08-16 10:47:50,2589.93,Netbanking,SBI,invalid_cvv,16,0,660,11.0,0.32,False
txn_001991,2025-04-05 18:40:40,368.22,UPI,Yes Bank,network_error,5,0,1,0.9,0.76,True
txn_001992,2026-02-14 08:58:30,629.08,Netbanking,Axis,insufficient_funds,14,0,554,1.6,3.9,True
txn_001993,2026-06-25 11:12:07,1211.28,Debit Card,HDFC,insufficient_funds,25,1,719,6.7,4.09,False
txn_001994,2025-03-26 21:32:28,382.17,Wallet,ICICI,insufficient_funds,26,1,396,0.6,3.62,True
txn_001995,2026-01-11 16:07:53,858.33,Wallet,Kotak,network_error,11,2,159,1.6,0.8,False
txn_001996,2025-11-28 16:51:22,2227.05,Wallet,Yes Bank,bank_timeout,28,0,574,3.8,0.0,True
txn_001997,2025-07-21 16:24:50,443.63,Wallet,Yes Bank,bank_timeout,21,0,29,1.1,0.16,True
txn_001998,2025-04-11 18:01:41,1013.22,Wallet,PNB,otp_failure,11,2,752,3.5,0.31,False
txn_001999,2026-02-08 16:01:05,184.75,Netbanking,PNB,insufficient_funds,8,2,768,2.4,3.5,True
txn_002000,2025-05-20 17:42:49,3397.04,Wallet,Axis,otp_failure,20,0,759,5.3,1.23,False
txn_002001,2026-07-05 09:01:13,593.73,UPI,Axis,bank_timeout,5,2,621,0.9,0.0,True
txn_002002,2025-01-02 05:28:13,509.09,Credit Card,HDFC,insufficient_funds,2,2,523,7.4,3.98,False
txn_002003,2025-12-28 02:05:46,4825.17,Credit Card,Axis,expired_card,28,1,51,1.1,,True
txn_002004,2026-04-23 22:10:20,3805.53,Netbanking,IDFC,fraud_block,23,2,556,1.1,,False
txn_002005,2025-02-05 08:02:09,608.05,UPI,Yes Bank,invalid_cvv,5,1,765,0.6,1.63,True
txn_002006,2026-03-12 06:54:07,1196.55,Debit Card,HDFC,bank_timeout,12,3,12,4.8,0.0,False
txn_002007,2026-05-13 13:59:27,116.66,Debit Card,Kotak,insufficient_funds,13,1,264,3.6,3.8,True
txn_002008,2025-07-17 14:41:10,507.47,Credit Card,Kotak,insufficient_funds,17,4,331,2.9,3.96,False
txn_002009,2025-08-22 05:41:57,1341.11,Wallet,Yes Bank,insufficient_funds,22,2,42,2.3,4.36,True
txn_002010,2025-01-05 18:17:42,804.25,Credit Card,Yes Bank,insufficient_funds,5,1,492,1.8,3.97,True
txn_002011,2025-09-23 03:26:28,674.4,Netbanking,HDFC,invalid_cvv,23,2,217,0.1,0.47,False
txn_002012,2025-05-17 09:57:48,475.75,Debit Card,Yes Bank,insufficient_funds,17,1,70,0.4,4.16,True
txn_002013,2025-09-20 11:35:58,1692.02,Netbanking,PNB,network_error,20,2,353,1.6,0.89,True
txn_002014,2025-01-28 14:51:13,84.1,Debit Card,PNB,otp_failure,28,1,412,1.0,0.0,True
txn_002015,2025-05-01 16:36:37,298.21,Netbanking,Yes Bank,otp_failure,1,0,869,0.0,0.72,True
txn_002016,2025-12-26 05:04:01,413.99,Netbanking,HDFC,fraud_block,26,2,598,1.7,,False
txn_002017,2026-02-09 17:30:32,3677.33,UPI,Yes Bank,insufficient_funds,9,2,736,2.0,3.73,False
txn_002018,2026-03-08 05:15:11,1076.65,Wallet,HDFC,insufficient_funds,8,1,365,4.8,4.49,False
txn_002019,2025-06-11 18:17:37,1974.71,Wallet,Yes Bank,bank_timeout,11,4,454,0.4,0.3,True
txn_002020,2025-10-02 15:29:55,951.75,Credit Card,SBI,insufficient_funds,2,1,555,2.2,4.57,True
txn_002021,2025-08-06 20:09:13,232.33,Credit Card,Yes Bank,expired_card,6,0,553,1.8,,False
txn_002022,2025-10-19 10:59:42,304.24,Wallet,SBI,expired_card,19,1,668,0.8,,False
txn_002023,2026-03-20 11:52:09,419.66,Wallet,IDFC,bank_timeout,20,1,26,0.6,0.57,True
txn_002024,2025-05-26 12:59:45,838.59,Wallet,ICICI,network_error,26,3,567,4.0,0.45,True
txn_002025,2025-08-28 10:46:55,112.73,UPI,HDFC,invalid_cvv,28,0,447,0.8,1.3,False
txn_002026,2025-07-30 21:04:43,83.57,Netbanking,ICICI,expired_card,30,0,321,1.0,,False
txn_002027,2026-01-22 01:45:58,3428.68,Debit Card,Yes Bank,insufficient_funds,22,0,577,2.8,3.89,True
txn_002028,2025-12-18 00:08:40,961.91,UPI,Axis,insufficient_funds,18,1,358,0.6,4.01,True
txn_002029,2026-02-12 20:34:52,469.44,UPI,SBI,insufficient_funds,12,1,226,0.4,4.5,True
txn_002030,2025-03-29 04:08:33,1149.19,UPI,HDFC,insufficient_funds,29,1,779,1.5,3.93,True
txn_002031,2025-06-06 23:23:14,1266.57,Credit Card,PNB,bank_timeout,6,1,524,0.9,1.31,True
txn_002032,2026-01-29 00:25:29,2089.14,Credit Card,PNB,insufficient_funds,29,2,892,1.2,4.88,True
txn_002033,2026-01-24 09:41:16,739.1,Debit Card,Axis,fraud_block,24,1,651,1.5,,False
txn_002034,2025-09-22 04:13:11,1188.35,Netbanking,Kotak,expired_card,22,0,657,0.8,,False
txn_002035,2025-09-12 06:01:18,2476.84,Debit Card,ICICI,fraud_block,12,1,1,2.9,,False
txn_002036,2026-02-05 21:40:13,1737.43,Debit Card,Axis,bank_timeout,5,3,150,2.3,0.43,True
txn_002037,2026-07-17 18:58:32,144.44,Credit Card,PNB,bank_timeout,17,1,847,1.2,0.55,False
txn_002038,2025-10-29 01:10:04,7326.5,Wallet,ICICI,invalid_cvv,29,2,677,0.6,1.24,True
txn_002039,2025-01-04 04:36:48,283.28,UPI,HDFC,insufficient_funds,4,4,230,1.9,4.91,True
txn_002040,2026-06-18 15:35:01,677.21,Wallet,ICICI,insufficient_funds,18,2,542,0.1,3.83,False
txn_002041,2025-09-16 20:58:16,934.46,Netbanking,HDFC,otp_failure,16,0,395,1.7,0.72,False
txn_002042,2025-03-22 01:58:33,738.23,Wallet,Kotak,otp_failure,22,1,82,3.4,0.0,True
txn_002043,2025-01-18 11:03:44,108.6,Wallet,Kotak,bank_timeout,18,1,349,1.0,0.0,True
txn_002044,2026-05-12 05:02:34,1052.88,Debit Card,Yes Bank,bank_timeout,12,0,279,0.4,0.0,True
txn_002045,2025-06-05 18:37:32,265.1,Debit Card,Kotak,insufficient_funds,5,1,313,1.4,3.76,True
txn_002046,2025-08-03 21:07:16,71.58,Wallet,Yes Bank,network_error,3,1,4,1.8,0.0,True
txn_002047,2025-12-09 14:59:28,359.34,Credit Card,Kotak,insufficient_funds,9,2,159,2.0,4.27,False
txn_002048,2025-04-26 23:32:24,139.95,Debit Card,Kotak,insufficient_funds,26,1,856,3.6,5.08,False
txn_002049,2025-03-30 21:41:47,3967.71,Credit Card,ICICI,otp_failure,30,1,371,4.3,0.18,False
txn_002050,2025-06-10 10:52:53,307.63,Wallet,Yes Bank,network_error,10,2,327,1.0,0.0,True
txn_002051,2026-03-03 16:55:05,101.06,UPI,Kotak,insufficient_funds,3,2,864,0.1,3.55,False
txn_002052,2025-04-20 22:48:37,652.18,UPI,Axis,insufficient_funds,20,1,133,0.2,3.3,False
txn_002053,2025-05-14 00:47:49,699.94,Credit Card,Kotak,network_error,14,0,106,4.7,0.23,True
txn_002054,2026-04-22 08:02:55,1626.36,UPI,PNB,otp_failure,22,1,416,6.1,0.0,False
txn_002055,2025-02-09 09:36:16,377.05,Debit Card,HDFC,insufficient_funds,9,1,455,1.4,4.2,True
txn_002056,2026-01-01 15:08:49,4251.33,Credit Card,ICICI,otp_failure,1,2,676,3.8,0.79,True
txn_002057,2025-10-25 22:48:56,2495.58,Credit Card,ICICI,invalid_cvv,25,3,184,2.0,1.62,True
txn_002058,2025-11-28 05:53:51,1257.8,Netbanking,SBI,bank_timeout,28,3,827,0.5,0.04,True
txn_002059,2026-07-02 08:08:32,170.55,Wallet,PNB,network_error,2,1,812,1.7,0.0,True
txn_002060,2026-04-24 16:57:02,391.38,UPI,Kotak,expired_card,24,0,692,3.0,,False
txn_002061,2025-09-16 03:07:09,345.74,Debit Card,ICICI,expired_card,16,1,376,1.7,,False
txn_002062,2025-12-28 17:11:26,421.3,Wallet,SBI,insufficient_funds,28,0,542,0.2,4.17,True
txn_002063,2025-03-14 04:04:58,56.22,Netbanking,ICICI,network_error,14,0,439,2.5,1.36,False
txn_002064,2025-12-20 20:42:16,421.61,UPI,PNB,bank_timeout,20,1,656,0.8,0.4,True
txn_002065,2026-01-01 11:36:39,575.66,Debit Card,Axis,network_error,1,1,43,0.1,0.0,True
txn_002066,2025-04-22 15:09:58,1023.25,Wallet,Kotak,network_error,22,1,34,4.6,0.0,True
txn_002067,2025-10-10 07:11:12,2456.65,Netbanking,SBI,bank_timeout,10,2,379,1.4,0.29,False
txn_002068,2026-06-28 09:45:42,456.13,UPI,Yes Bank,bank_timeout,28,2,125,0.7,0.76,True
txn_002069,2025-12-19 01:48:31,6454.47,Netbanking,HDFC,bank_timeout,19,1,362,0.8,0.0,True
txn_002070,2025-02-20 18:29:44,464.14,Netbanking,ICICI,insufficient_funds,20,1,893,0.1,4.12,False
txn_002071,2025-09-30 23:19:54,216.6,Netbanking,PNB,otp_failure,30,0,566,1.8,0.0,True
txn_002072,2025-05-13 15:58:17,672.26,UPI,Yes Bank,otp_failure,13,2,457,0.6,0.0,False
txn_002073,2026-04-15 11:34:57,242.78,Wallet,SBI,bank_timeout,15,1,63,5.1,0.35,True
txn_002074,2026-01-30 12:52:05,393.72,Credit Card,IDFC,bank_timeout,30,2,596,0.6,0.58,True
txn_002075,2026-07-09 19:00:55,960.73,Credit Card,Yes Bank,network_error,9,1,399,1.1,0.09,True
txn_002076,2026-03-08 23:23:05,2243.71,Credit Card,Kotak,insufficient_funds,8,3,243,1.3,4.53,True
txn_002077,2026-02-18 19:05:49,2796.4,Netbanking,IDFC,bank_timeout,18,2,232,1.2,0.73,True
txn_002078,2026-04-04 16:23:17,321.36,Netbanking,Axis,expired_card,4,3,571,2.1,,False
txn_002079,2026-04-28 05:56:45,968.04,Debit Card,SBI,expired_card,28,2,228,0.9,,False
txn_002080,2026-01-10 16:06:55,3708.76,Netbanking,ICICI,otp_failure,10,0,146,1.8,0.7,True
txn_002081,2025-09-22 15:22:20,138.5,Debit Card,IDFC,network_error,22,2,445,0.2,0.0,True
txn_002082,2025-12-05 03:34:52,1349.81,Wallet,Yes Bank,expired_card,5,0,118,2.4,,False
txn_002083,2026-02-27 22:43:00,1074.39,Debit Card,SBI,network_error,27,3,882,1.5,0.47,False
txn_002084,2026-05-30 15:59:15,1109.89,Credit Card,PNB,bank_timeout,30,1,54,1.5,0.43,True
txn_002085,2025-03-30 19:07:57,396.38,Wallet,PNB,bank_timeout,30,0,126,1.1,0.38,False
txn_002086,2025-09-10 17:29:14,511.21,Wallet,ICICI,network_error,10,2,611,2.2,0.45,True
txn_002087,2025-12-12 19:25:55,1150.01,Debit Card,Kotak,otp_failure,12,3,158,0.7,0.41,False
txn_002088,2025-11-12 04:32:34,4298.07,Credit Card,ICICI,network_error,12,2,145,0.7,0.0,False
txn_002089,2026-06-17 10:48:28,103.25,Wallet,IDFC,insufficient_funds,17,1,561,2.5,3.73,False
txn_002090,2025-09-12 07:19:55,716.15,Netbanking,HDFC,insufficient_funds,12,0,620,3.8,3.71,True
txn_002091,2025-03-12 07:39:27,6857.07,Debit Card,SBI,insufficient_funds,12,1,47,8.8,4.2,False
txn_002092,2026-03-28 02:17:53,1011.79,Credit Card,SBI,fraud_block,28,0,316,1.6,,False
txn_002093,2026-05-29 07:43:19,2970.78,Debit Card,PNB,insufficient_funds,29,0,453,3.8,3.25,False
txn_002094,2026-02-17 15:19:34,2245.53,UPI,IDFC,otp_failure,17,2,565,0.7,0.0,False
txn_002095,2026-04-24 03:05:48,200.92,Wallet,PNB,expired_card,24,2,127,3.4,,True
txn_002096,2025-06-01 23:29:24,419.48,Debit Card,Yes Bank,network_error,1,0,96,1.3,0.23,True
txn_002097,2025-08-21 19:28:17,93.38,Wallet,Kotak,invalid_cvv,21,2,631,4.6,0.71,False
txn_002098,2025-12-04 15:53:57,4789.71,UPI,ICICI,invalid_cvv,4,0,472,1.9,1.04,False
txn_002099,2026-03-29 14:49:05,270.08,Credit Card,IDFC,insufficient_funds,29,0,636,0.4,3.75,True
txn_002100,2025-04-10 01:48:37,5469.1,UPI,HDFC,insufficient_funds,10,3,883,3.4,3.56,False
txn_002101,2025-10-14 18:48:48,1048.0,Wallet,HDFC,otp_failure,14,3,783,0.4,0.1,True
txn_002102,2025-01-01 15:43:13,829.32,Wallet,Yes Bank,network_error,1,3,55,2.4,0.12,True
txn_002103,2025-03-27 04:55:29,1181.31,UPI,HDFC,bank_timeout,27,1,70,5.5,0.0,True
txn_002104,2025-07-02 17:12:47,1047.68,Netbanking,IDFC,insufficient_funds,2,1,78,0.4,3.49,False
txn_002105,2026-05-01 14:50:21,427.24,UPI,IDFC,otp_failure,1,1,358,4.4,0.0,True
txn_002106,2025-11-12 08:59:50,8451.56,Netbanking,IDFC,insufficient_funds,12,1,312,0.8,3.25,False
txn_002107,2026-02-28 09:45:02,904.49,Debit Card,SBI,bank_timeout,28,1,567,4.0,0.0,False
txn_002108,2026-01-04 20:14:41,86.62,Debit Card,Axis,invalid_cvv,4,4,560,2.2,0.47,False
txn_002109,2026-03-08 09:48:31,2484.95,Netbanking,Yes Bank,network_error,8,1,493,0.0,0.0,True
txn_002110,2025-11-21 01:50:00,344.5,Debit Card,Kotak,network_error,21,2,634,0.7,0.72,True
txn_002111,2026-06-05 10:56:13,1068.4,Debit Card,SBI,insufficient_funds,5,0,539,7.6,4.28,True
txn_002112,2025-01-10 00:17:27,890.1,Credit Card,HDFC,bank_timeout,10,0,885,2.4,1.41,True
txn_002113,2025-04-22 20:16:40,285.39,Netbanking,IDFC,otp_failure,22,0,30,0.1,0.0,True
txn_002114,2025-04-16 11:02:36,281.72,Credit Card,SBI,bank_timeout,16,2,120,1.1,0.11,True
txn_002115,2026-05-14 20:16:31,685.11,Netbanking,PNB,invalid_cvv,14,0,310,0.9,0.91,False
txn_002116,2026-06-25 03:01:07,5511.54,Wallet,IDFC,expired_card,25,1,133,1.6,,False
txn_002117,2026-04-30 02:11:37,1801.05,Debit Card,PNB,expired_card,30,1,298,4.7,,False
txn_002118,2026-01-31 16:10:56,2807.67,Netbanking,PNB,fraud_block,31,0,540,0.1,,False
txn_002119,2025-10-26 19:36:07,946.17,UPI,Axis,invalid_cvv,26,1,466,5.4,0.59,False
txn_002120,2025-05-25 07:23:45,1421.46,Netbanking,HDFC,expired_card,25,0,657,0.3,,True
txn_002121,2026-03-25 21:33:16,248.31,Netbanking,Axis,otp_failure,25,1,212,3.5,0.0,False
txn_002122,2026-07-08 03:03:55,1363.55,Wallet,Kotak,bank_timeout,8,2,618,0.7,0.78,True
txn_002123,2025-11-16 02:34:18,298.96,Wallet,Yes Bank,invalid_cvv,16,0,358,0.3,1.36,False
txn_002124,2025-01-26 23:46:28,275.86,Credit Card,PNB,network_error,26,1,414,0.5,0.0,True
txn_002125,2026-07-02 11:57:46,779.94,UPI,ICICI,insufficient_funds,2,0,21,2.4,4.18,False
txn_002126,2026-03-27 16:59:38,738.68,Netbanking,ICICI,otp_failure,27,3,358,6.1,0.3,True
txn_002127,2025-04-21 08:42:09,113.57,Wallet,Kotak,expired_card,21,1,365,1.9,,False
txn_002128,2025-12-28 03:02:28,1274.0,Wallet,ICICI,otp_failure,28,0,218,0.1,0.1,True
txn_002129,2026-02-11 12:04:39,961.27,Wallet,ICICI,insufficient_funds,11,0,870,3.6,3.74,False
txn_002130,2025-07-10 11:26:34,130.09,Netbanking,ICICI,insufficient_funds,10,0,646,2.2,4.24,True
txn_002131,2026-06-16 08:03:50,2154.53,Wallet,Kotak,otp_failure,16,1,51,1.2,0.0,False
txn_002132,2026-04-22 03:52:38,325.24,Credit Card,Yes Bank,insufficient_funds,22,2,499,0.1,3.95,True
txn_002133,2026-02-20 13:44:34,535.67,Credit Card,PNB,expired_card,20,0,16,1.5,,False
txn_002134,2025-12-19 15:49:17,738.44,Wallet,PNB,bank_timeout,19,2,598,1.4,0.03,True
txn_002135,2026-03-22 19:29:19,3590.1,UPI,IDFC,network_error,22,1,716,2.8,0.09,True
txn_002136,2025-10-02 02:48:13,567.44,UPI,Kotak,insufficient_funds,2,0,44,5.1,4.53,True
txn_002137,2025-05-11 02:34:42,974.14,Credit Card,Kotak,insufficient_funds,11,2,363,1.9,4.04,False
txn_002138,2026-07-19 15:44:05,1650.38,Wallet,Kotak,fraud_block,19,1,663,1.6,,False
txn_002139,2025-02-17 16:54:36,1473.93,Netbanking,SBI,bank_timeout,17,0,30,0.5,1.34,True
txn_002140,2026-03-21 22:53:03,762.14,Credit Card,Kotak,insufficient_funds,21,3,214,0.8,4.87,True
txn_002141,2026-07-27 17:45:39,700.41,Wallet,HDFC,insufficient_funds,27,0,474,2.8,3.7,False
txn_002142,2025-08-11 18:37:52,2665.02,Netbanking,ICICI,fraud_block,11,2,103,0.8,,False
txn_002143,2025-04-09 12:07:15,506.21,Wallet,ICICI,network_error,9,1,807,0.9,0.0,True
txn_002144,2025-08-04 19:28:37,1770.3,UPI,SBI,bank_timeout,4,0,30,0.8,0.52,False
txn_002145,2026-04-24 07:18:08,7057.81,UPI,Kotak,insufficient_funds,24,2,394,1.3,4.02,True
txn_002146,2025-07-19 14:00:06,868.98,Credit Card,ICICI,insufficient_funds,19,0,810,2.8,3.31,False
txn_002147,2026-04-15 00:02:57,3160.95,Debit Card,SBI,insufficient_funds,15,0,298,0.1,2.9,True
txn_002148,2026-05-27 23:33:06,337.83,Netbanking,Yes Bank,network_error,27,1,556,1.1,0.81,True
txn_002149,2025-05-17 05:40:52,2881.12,UPI,Axis,bank_timeout,17,0,822,1.0,1.24,True
txn_002150,2026-01-12 15:32:10,668.05,Debit Card,HDFC,network_error,12,1,360,1.4,0.0,True
txn_002151,2025-09-24 07:08:59,389.1,Credit Card,SBI,otp_failure,24,0,863,0.0,0.0,False
txn_002152,2026-04-08 13:44:47,294.56,Debit Card,PNB,insufficient_funds,8,3,780,0.9,3.68,False
txn_002153,2025-11-17 17:54:22,4531.99,Netbanking,Axis,bank_timeout,17,1,805,1.2,0.0,True
txn_002154,2026-05-29 03:43:51,1864.64,Netbanking,SBI,network_error,29,2,458,5.0,0.16,True
txn_002155,2025-06-13 18:39:16,1151.26,Wallet,Yes Bank,invalid_cvv,13,3,474,0.0,0.71,False
txn_002156,2025-02-12 04:42:21,211.54,UPI,ICICI,network_error,12,1,178,2.6,0.65,True
txn_002157,2025-02-10 19:06:12,304.78,Debit Card,PNB,bank_timeout,10,1,276,0.4,0.46,False
txn_002158,2025-11-06 17:08:30,263.83,Netbanking,Kotak,bank_timeout,6,0,708,1.0,0.71,True
txn_002159,2026-01-05 22:14:46,639.12,Wallet,Axis,otp_failure,5,0,742,7.5,0.13,True
txn_002160,2025-10-22 23:59:59,4351.62,Netbanking,PNB,bank_timeout,22,1,190,0.2,0.0,True
txn_002161,2025-07-23 23:41:15,131.88,Debit Card,IDFC,expired_card,23,0,119,5.0,,True
txn_002162,2025-01-10 05:08:35,555.87,UPI,PNB,bank_timeout,10,1,814,0.3,0.0,True
txn_002163,2025-10-24 17:04:20,2084.77,UPI,HDFC,bank_timeout,24,0,253,0.7,0.0,False
txn_002164,2025-03-17 15:00:08,727.81,Wallet,Yes Bank,insufficient_funds,17,1,544,5.4,4.95,True
txn_002165,2025-12-02 09:04:19,935.3,Wallet,Kotak,network_error,2,0,82,2.3,0.0,True
txn_002166,2025-09-18 04:14:42,174.47,UPI,Kotak,insufficient_funds,18,0,84,0.2,4.15,False
txn_002167,2025-03-18 08:00:43,91.9,UPI,IDFC,invalid_cvv,18,1,110,1.4,0.53,False
txn_002168,2025-12-25 03:41:13,460.75,Debit Card,Axis,insufficient_funds,25,1,742,8.2,3.92,True
txn_002169,2026-02-08 20:36:49,586.82,UPI,SBI,expired_card,8,2,604,4.4,,False
txn_002170,2025-09-01 07:46:22,292.7,Wallet,HDFC,bank_timeout,1,2,289,0.9,0.32,False
txn_002171,2026-06-07 13:56:08,2475.71,Credit Card,ICICI,insufficient_funds,7,1,136,0.1,3.85,False
txn_002172,2025-01-10 06:58:36,743.28,Netbanking,ICICI,bank_timeout,10,1,670,4.2,0.0,False
txn_002173,2026-02-12 23:38:08,932.81,Credit Card,PNB,insufficient_funds,12,2,12,3.8,4.19,True
txn_002174,2025-10-01 00:44:27,499.16,Debit Card,Kotak,insufficient_funds,1,3,141,0.3,3.48,True
txn_002175,2025-07-15 15:41:01,3198.32,Debit Card,HDFC,insufficient_funds,15,1,828,2.6,3.58,False
txn_002176,2025-01-19 09:48:31,6190.79,Wallet,ICICI,expired_card,19,4,801,0.7,,False
txn_002177,2025-02-14 04:21:20,762.19,Wallet,Axis,insufficient_funds,14,1,790,1.2,4.46,False
txn_002178,2026-04-11 13:20:44,1299.24,Credit Card,ICICI,bank_timeout,11,2,274,1.0,0.0,True
txn_002179,2025-03-09 02:21:31,645.91,Wallet,SBI,fraud_block,9,0,680,6.4,,False
txn_002180,2025-10-20 00:22:23,2393.12,Wallet,SBI,bank_timeout,20,0,836,4.2,0.87,True
txn_002181,2025-03-28 02:18:07,1254.89,Debit Card,Kotak,network_error,28,0,513,1.2,0.34,True
txn_002182,2025-08-17 19:09:25,671.07,Netbanking,ICICI,expired_card,17,0,213,1.9,,False
txn_002183,2026-05-12 03:43:54,3855.57,Netbanking,Kotak,network_error,12,0,135,2.1,0.63,True
txn_002184,2025-11-28 15:32:50,342.69,UPI,Kotak,insufficient_funds,28,0,743,0.1,4.56,False
txn_002185,2025-05-06 19:15:56,408.81,Credit Card,Kotak,network_error,6,1,72,1.4,0.17,True
txn_002186,2025-02-18 10:59:06,530.5,Netbanking,IDFC,insufficient_funds,18,1,163,0.9,3.66,True
txn_002187,2025-09-16 09:08:01,2496.26,Credit Card,Kotak,otp_failure,16,1,603,0.2,0.1,False
txn_002188,2025-07-25 13:42:37,445.99,Debit Card,PNB,invalid_cvv,25,2,108,2.5,0.38,False
txn_002189,2025-02-23 21:40:53,540.56,Netbanking,Axis,bank_timeout,23,1,437,1.2,0.76,True
txn_002190,2026-04-20 00:51:06,634.57,Netbanking,SBI,insufficient_funds,20,1,813,0.3,3.69,True
txn_002191,2026-05-17 08:40:42,1592.38,Netbanking,ICICI,otp_failure,17,0,801,2.5,0.0,True
txn_002192,2025-04-22 17:58:46,394.21,Wallet,IDFC,invalid_cvv,22,2,212,0.3,1.38,False
txn_002193,2025-06-19 15:01:09,2011.16,Wallet,ICICI,bank_timeout,19,3,149,0.2,0.0,False
txn_002194,2025-12-09 23:40:46,1517.27,UPI,ICICI,bank_timeout,9,2,722,6.0,0.15,False
txn_002195,2025-01-28 01:51:15,4521.27,Credit Card,ICICI,insufficient_funds,28,0,336,4.7,3.72,True
txn_002196,2026-03-20 18:38:04,556.2,UPI,PNB,otp_failure,20,0,827,1.2,0.08,False
txn_002197,2025-01-15 13:48:03,199.95,Netbanking,SBI,insufficient_funds,15,2,259,0.0,4.21,False
txn_002198,2026-05-23 02:17:30,345.65,Credit Card,HDFC,network_error,23,1,196,3.0,0.03,True
txn_002199,2026-06-01 05:09:02,1156.72,Netbanking,Kotak,insufficient_funds,1,0,60,3.6,4.1,True
txn_002200,2025-04-28 18:10:05,740.37,UPI,IDFC,insufficient_funds,28,0,509,0.3,3.63,True
txn_002201,2026-03-23 08:04:14,571.13,Credit Card,PNB,fraud_block,23,1,124,1.2,,False
txn_002202,2026-01-07 09:09:53,191.84,Netbanking,IDFC,bank_timeout,7,0,678,0.1,0.0,True
txn_002203,2026-07-20 06:34:04,1706.66,Credit Card,Axis,insufficient_funds,20,3,181,2.6,4.48,False
txn_002204,2025-01-03 13:39:13,263.87,Netbanking,PNB,insufficient_funds,3,2,266,3.0,4.14,True
txn_002205,2025-04-05 03:23:59,1259.05,Wallet,Yes Bank,insufficient_funds,5,1,37,0.7,3.99,False
txn_002206,2025-09-16 23:46:00,1478.05,UPI,IDFC,insufficient_funds,16,1,736,0.9,4.26,False
txn_002207,2025-02-12 20:54:11,674.28,Credit Card,Yes Bank,network_error,12,2,605,3.8,0.25,True
txn_002208,2026-02-20 06:09:23,577.22,UPI,ICICI,insufficient_funds,20,2,682,5.7,3.92,False
txn_002209,2025-12-24 00:17:54,278.4,UPI,Axis,invalid_cvv,24,1,202,2.2,0.63,True
txn_002210,2025-05-18 04:24:13,119.29,Wallet,HDFC,insufficient_funds,18,1,761,3.4,3.53,True
txn_002211,2025-10-26 09:19:47,1400.82,Debit Card,Kotak,bank_timeout,26,0,97,4.7,0.0,True
txn_002212,2026-06-25 12:11:09,580.36,Netbanking,ICICI,expired_card,25,2,654,0.5,,False
txn_002213,2026-05-05 19:33:14,1052.66,UPI,PNB,insufficient_funds,5,2,466,1.7,4.79,True
txn_002214,2025-03-07 21:57:04,2629.29,Netbanking,Axis,network_error,7,1,506,1.2,1.11,True
txn_002215,2025-04-19 16:43:32,1061.65,Credit Card,Axis,bank_timeout,19,2,499,0.4,0.44,False
txn_002216,2025-01-20 16:49:49,934.76,Wallet,Axis,bank_timeout,20,1,76,6.3,0.37,True
txn_002217,2026-01-15 23:57:20,3300.73,Netbanking,ICICI,insufficient_funds,15,0,741,3.0,4.37,True
txn_002218,2026-02-24 20:37:13,1295.1,UPI,PNB,invalid_cvv,24,0,250,0.8,1.75,False
txn_002219,2026-02-19 17:21:49,766.4,Netbanking,HDFC,fraud_block,19,1,216,5.7,,False
txn_002220,2025-01-29 18:31:32,1430.1,UPI,HDFC,expired_card,29,3,429,0.0,,False
txn_002221,2025-09-20 07:31:51,758.36,Credit Card,IDFC,bank_timeout,20,2,789,0.3,0.02,True
txn_002222,2025-04-02 19:10:02,955.01,Debit Card,PNB,insufficient_funds,2,0,148,0.9,3.69,True
txn_002223,2026-06-11 16:17:12,1506.04,Wallet,SBI,network_error,11,0,105,3.0,0.0,False
txn_002224,2026-07-30 14:12:04,206.94,Wallet,Axis,expired_card,30,1,1,2.8,,False
txn_002225,2025-02-25 22:48:04,9779.21,Credit Card,SBI,insufficient_funds,25,3,376,0.2,4.32,False
txn_002226,2026-01-15 17:39:28,263.08,Credit Card,PNB,insufficient_funds,15,5,210,1.5,4.28,False
txn_002227,2026-04-26 07:17:28,552.66,Credit Card,Axis,network_error,26,1,380,0.8,0.0,True
txn_002228,2026-06-29 17:07:12,27.12,Debit Card,HDFC,insufficient_funds,29,0,767,0.7,3.58,True
txn_002229,2025-05-14 18:57:15,256.57,Credit Card,Kotak,bank_timeout,14,0,265,1.2,0.81,True
txn_002230,2025-03-17 13:39:31,556.07,Netbanking,SBI,insufficient_funds,17,1,735,0.4,4.7,True
txn_002231,2026-04-05 01:49:50,542.56,Credit Card,ICICI,bank_timeout,5,1,98,1.9,0.0,True
txn_002232,2025-03-30 16:27:48,1478.3,Netbanking,Axis,otp_failure,30,2,285,5.4,0.51,True
txn_002233,2025-02-19 00:27:27,787.63,Debit Card,IDFC,expired_card,19,0,63,2.2,,False
txn_002234,2025-09-20 00:31:52,626.53,Netbanking,Yes Bank,invalid_cvv,20,2,625,8.7,1.3,True
txn_002235,2025-04-04 19:55:14,488.2,Wallet,SBI,expired_card,4,0,667,6.3,,False
txn_002236,2025-09-07 18:52:11,1324.03,Debit Card,HDFC,bank_timeout,7,3,764,1.0,0.27,True
txn_002237,2026-04-06 15:54:37,419.83,Debit Card,Yes Bank,bank_timeout,6,2,472,4.3,0.15,True
txn_002238,2025-02-19 02:32:29,330.8,Credit Card,Kotak,network_error,19,2,172,4.8,0.16,False
txn_002239,2025-04-20 16:50:41,324.37,Netbanking,SBI,insufficient_funds,20,2,451,1.1,5.33,True
txn_002240,2026-06-25 19:53:39,293.47,UPI,SBI,network_error,25,4,816,2.9,0.14,True
txn_002241,2025-12-07 17:14:15,3416.88,Debit Card,HDFC,network_error,7,0,516,1.0,0.0,True
txn_002242,2025-04-14 14:12:48,779.52,Credit Card,IDFC,expired_card,14,2,372,4.9,,False
txn_002243,2025-05-03 12:44:29,447.61,Credit Card,PNB,expired_card,3,1,165,1.7,,False
txn_002244,2025-03-04 16:46:42,470.14,Credit Card,HDFC,bank_timeout,4,1,357,0.8,0.0,True
txn_002245,2025-05-20 08:29:52,159.02,Credit Card,Kotak,otp_failure,20,3,380,1.1,0.03,True
txn_002246,2025-11-20 06:56:41,680.0,Netbanking,SBI,insufficient_funds,20,0,560,1.2,3.38,False
txn_002247,2025-06-10 03:06:18,397.92,Debit Card,Kotak,network_error,10,1,824,2.9,0.78,False
txn_002248,2026-02-11 07:02:45,133.57,Netbanking,IDFC,insufficient_funds,11,3,232,2.6,4.65,False
txn_002249,2025-07-05 20:00:47,458.05,Debit Card,HDFC,insufficient_funds,5,0,384,0.5,3.24,False
txn_002250,2026-04-09 03:18:54,494.5,Debit Card,PNB,expired_card,9,1,201,1.6,,False
txn_002251,2026-04-21 09:26:07,1395.11,Credit Card,Kotak,otp_failure,21,1,670,4.5,0.0,False
txn_002252,2025-09-28 04:27:37,520.18,Netbanking,HDFC,expired_card,28,2,13,2.2,,False
txn_002253,2026-03-10 04:28:31,1489.7,Debit Card,Axis,fraud_block,10,1,404,0.9,,False
txn_002254,2025-04-02 06:30:16,1211.08,Wallet,ICICI,bank_timeout,2,0,889,0.4,0.0,False
txn_002255,2026-04-26 17:31:21,1017.77,UPI,Axis,expired_card,26,1,274,0.1,,False
txn_002256,2025-12-27 13:36:48,749.32,Debit Card,Kotak,bank_timeout,27,1,396,4.9,0.09,True
txn_002257,2025-02-11 05:16:41,2836.54,Debit Card,ICICI,insufficient_funds,11,0,104,2.0,3.44,False
txn_002258,2025-04-26 21:36:51,224.24,Netbanking,PNB,invalid_cvv,26,0,796,9.3,0.9,False
txn_002259,2025-05-17 22:54:51,1373.56,Debit Card,HDFC,otp_failure,17,2,50,3.2,0.0,False
txn_002260,2025-02-11 23:08:51,365.08,UPI,Kotak,insufficient_funds,11,0,327,2.4,3.75,True
txn_002261,2025-06-12 19:02:10,2837.84,Netbanking,Kotak,network_error,12,1,539,0.9,0.0,True
txn_002262,2025-09-17 15:42:12,444.33,Wallet,PNB,insufficient_funds,17,2,225,2.5,3.53,True
txn_002263,2025-02-03 15:29:47,281.89,Credit Card,HDFC,insufficient_funds,3,1,31,0.2,3.74,True
txn_002264,2026-02-22 09:07:42,1755.72,Debit Card,SBI,insufficient_funds,22,1,30,6.3,3.36,True
txn_002265,2025-01-23 13:48:54,1473.95,Netbanking,ICICI,insufficient_funds,23,2,160,0.7,4.27,False
txn_002266,2025-02-25 00:55:00,127.47,Debit Card,PNB,insufficient_funds,25,3,788,3.9,3.62,False
txn_002267,2026-04-06 08:51:10,487.9,Wallet,Yes Bank,bank_timeout,6,1,784,2.4,0.0,True
txn_002268,2025-11-22 11:57:41,1503.5,Debit Card,Yes Bank,invalid_cvv,22,0,262,1.3,0.57,True
txn_002269,2025-06-28 16:41:22,784.43,Credit Card,Yes Bank,insufficient_funds,28,2,17,0.3,4.57,True
txn_002270,2025-06-26 22:09:55,764.32,Credit Card,Axis,network_error,26,0,497,0.3,0.0,False
txn_002271,2026-07-28 00:37:01,1389.39,Netbanking,Axis,insufficient_funds,28,0,518,0.2,4.66,True
txn_002272,2025-10-19 16:25:51,1796.67,Debit Card,ICICI,bank_timeout,19,1,50,1.3,0.14,False
txn_002273,2026-01-01 19:53:41,412.82,Wallet,PNB,otp_failure,1,1,497,4.4,0.0,False
txn_002274,2025-02-12 04:57:32,557.99,Netbanking,SBI,expired_card,12,1,355,1.1,,False
txn_002275,2025-06-17 21:36:38,593.43,Wallet,PNB,expired_card,17,2,115,2.8,,False
txn_002276,2025-05-19 07:17:35,1661.24,Netbanking,Yes Bank,expired_card,19,1,381,3.0,,False
txn_002277,2025-04-16 22:45:58,1206.05,Netbanking,Axis,invalid_cvv,16,0,795,0.1,0.75,True
txn_002278,2026-05-06 21:43:39,87.2,UPI,Kotak,otp_failure,6,2,761,0.0,0.0,True
txn_002279,2025-06-07 01:29:03,2509.88,UPI,SBI,insufficient_funds,7,1,398,2.5,4.93,False
txn_002280,2025-01-25 22:17:11,1958.87,Wallet,HDFC,insufficient_funds,25,1,858,2.6,3.85,True
txn_002281,2025-08-06 22:50:26,672.61,Debit Card,ICICI,bank_timeout,6,0,195,1.0,0.17,True
txn_002282,2025-12-28 14:11:17,3278.78,Netbanking,IDFC,insufficient_funds,28,2,245,2.4,3.57,True
txn_002283,2025-05-13 23:25:25,222.81,UPI,Axis,otp_failure,13,1,604,8.6,0.0,True
txn_002284,2025-08-18 06:12:33,752.34,Wallet,SBI,insufficient_funds,18,2,112,1.8,4.77,False
txn_002285,2026-05-11 13:10:02,481.58,Wallet,SBI,insufficient_funds,11,0,652,6.6,3.59,False
txn_002286,2026-03-26 00:57:53,765.48,Wallet,Axis,bank_timeout,26,1,351,1.1,0.23,False
txn_002287,2025-03-09 03:59:54,414.4,Netbanking,PNB,expired_card,9,1,404,2.7,,False
txn_002288,2025-06-18 02:46:57,250.55,Wallet,PNB,fraud_block,18,1,98,2.5,,False
txn_002289,2025-12-26 10:31:33,6037.75,UPI,HDFC,insufficient_funds,26,1,469,0.1,4.04,False
txn_002290,2026-07-22 00:31:02,459.36,Netbanking,Axis,fraud_block,22,1,387,2.2,,False
txn_002291,2025-07-12 11:54:46,623.66,UPI,IDFC,insufficient_funds,12,2,53,5.1,2.34,True
txn_002292,2026-03-27 02:02:54,982.96,Debit Card,SBI,invalid_cvv,27,2,263,1.7,0.73,False
txn_002293,2026-03-22 14:33:27,1292.18,Credit Card,IDFC,bank_timeout,22,3,771,3.3,0.0,True
txn_002294,2025-02-04 08:23:55,324.31,Credit Card,PNB,insufficient_funds,4,3,62,4.4,3.81,True
txn_002295,2026-07-24 16:59:21,235.62,Wallet,HDFC,otp_failure,24,1,529,8.0,0.79,True
txn_002296,2025-11-27 15:34:45,1057.73,Wallet,IDFC,insufficient_funds,27,2,68,0.9,3.54,False
txn_002297,2026-01-08 06:13:40,316.95,Credit Card,PNB,insufficient_funds,8,1,751,1.8,4.77,True
txn_002298,2026-01-20 16:46:56,949.95,Debit Card,ICICI,otp_failure,20,2,463,0.5,0.25,True
txn_002299,2026-03-10 18:57:05,91.49,Credit Card,IDFC,otp_failure,10,1,720,0.7,0.0,False
txn_002300,2025-06-19 07:56:07,1250.65,Debit Card,Yes Bank,insufficient_funds,19,2,181,1.2,3.86,False
txn_002301,2025-08-18 17:55:59,25.78,Debit Card,ICICI,expired_card,18,1,98,0.6,,False
txn_002302,2025-01-13 08:57:35,5497.72,Netbanking,Kotak,network_error,13,3,816,2.8,0.56,False
txn_002303,2025-05-06 16:13:24,2284.24,Netbanking,HDFC,bank_timeout,6,0,605,1.8,1.42,True
txn_002304,2025-12-20 06:50:49,707.85,Netbanking,SBI,otp_failure,20,3,564,2.9,0.35,False
txn_002305,2026-07-01 03:23:03,284.9,Netbanking,SBI,otp_failure,1,1,732,0.7,0.22,False
txn_002306,2025-10-15 17:08:16,3550.89,Netbanking,HDFC,expired_card,15,0,701,2.4,,True
txn_002307,2026-05-03 05:48:47,263.47,Credit Card,IDFC,bank_timeout,3,0,772,1.4,0.0,True
txn_002308,2026-06-21 12:31:30,525.62,UPI,HDFC,expired_card,21,2,383,1.0,,False
txn_002309,2025-08-19 08:50:16,650.92,Netbanking,Kotak,fraud_block,19,1,347,1.6,,False
txn_002310,2026-06-27 04:41:16,1993.07,Wallet,Axis,insufficient_funds,27,1,588,0.2,3.45,False
txn_002311,2026-06-16 19:05:02,1007.42,Credit Card,Yes Bank,expired_card,16,2,109,2.8,,False
txn_002312,2026-07-26 11:34:30,834.24,Credit Card,Yes Bank,bank_timeout,26,2,46,1.0,0.08,True
txn_002313,2025-02-10 01:11:46,2395.85,Credit Card,IDFC,insufficient_funds,10,1,321,0.5,4.51,False
txn_002314,2025-10-11 23:06:27,1669.26,Netbanking,HDFC,insufficient_funds,11,1,260,1.8,3.93,False
txn_002315,2025-10-11 22:44:24,1218.18,UPI,SBI,bank_timeout,11,0,816,1.7,0.34,True
txn_002316,2026-05-19 10:48:50,374.97,Wallet,ICICI,network_error,19,1,255,2.9,0.36,True
txn_002317,2026-03-12 13:17:26,417.8,Debit Card,SBI,bank_timeout,12,2,19,0.2,0.0,True
txn_002318,2025-09-18 03:32:30,1027.51,Debit Card,ICICI,bank_timeout,18,1,191,0.6,0.31,True
txn_002319,2026-05-20 02:57:09,1161.17,Netbanking,Axis,expired_card,20,0,519,2.7,,False
txn_002320,2025-06-25 02:27:16,1804.35,UPI,Yes Bank,expired_card,25,1,587,3.4,,False
txn_002321,2025-07-27 15:54:41,444.38,Wallet,IDFC,invalid_cvv,27,2,21,0.2,1.15,False
txn_002322,2025-08-04 06:21:48,4049.53,Credit Card,ICICI,insufficient_funds,4,0,711,1.2,4.36,False
txn_002323,2025-10-17 13:45:09,1486.24,UPI,PNB,bank_timeout,17,1,425,0.5,0.7,True
txn_002324,2026-01-13 15:55:35,673.41,Wallet,ICICI,network_error,13,2,444,0.1,0.81,False
txn_002325,2026-01-01 04:29:21,1241.85,Wallet,Kotak,bank_timeout,1,3,505,0.0,0.0,False
txn_002326,2025-12-18 01:29:15,429.23,Wallet,Yes Bank,fraud_block,18,0,129,1.9,,False
txn_002327,2026-06-07 23:20:32,3136.92,Credit Card,Axis,insufficient_funds,7,3,626,4.3,4.06,True
txn_002328,2025-12-22 15:23:32,1149.12,Credit Card,ICICI,expired_card,22,3,816,0.7,,False
txn_002329,2025-10-31 10:50:58,2320.5,Debit Card,Kotak,otp_failure,31,0,72,0.2,0.0,False
txn_002330,2025-03-01 18:24:06,941.8,Credit Card,SBI,expired_card,1,0,219,2.1,,False
txn_002331,2025-08-03 07:56:43,645.1,Credit Card,SBI,bank_timeout,3,3,648,0.2,0.21,True
txn_002332,2026-01-21 12:14:17,363.23,Debit Card,Axis,insufficient_funds,21,1,794,0.6,3.62,True
txn_002333,2026-02-09 10:19:15,1039.15,Credit Card,Kotak,invalid_cvv,9,0,580,1.1,1.59,False
txn_002334,2025-11-20 12:48:21,204.92,Wallet,SBI,insufficient_funds,20,1,385,1.2,3.87,True
txn_002335,2026-01-04 02:13:40,897.99,UPI,IDFC,otp_failure,4,4,878,4.2,0.39,True
txn_002336,2025-12-11 18:09:03,1629.21,Credit Card,Kotak,insufficient_funds,11,2,256,0.1,4.05,False
txn_002337,2025-05-27 20:20:46,400.28,Credit Card,HDFC,insufficient_funds,27,3,31,0.1,3.44,False
txn_002338,2025-06-30 10:54:32,572.51,Wallet,Yes Bank,expired_card,30,1,740,1.1,,False
txn_002339,2025-11-16 18:29:24,218.02,Wallet,Yes Bank,insufficient_funds,16,1,361,0.4,4.36,False
txn_002340,2026-05-25 08:15:42,346.64,UPI,PNB,insufficient_funds,25,1,674,3.0,3.02,True
txn_002341,2026-04-06 20:58:51,593.69,Wallet,PNB,insufficient_funds,6,2,171,1.1,3.27,True
txn_002342,2025-12-22 17:52:15,2065.15,UPI,SBI,network_error,22,1,182,0.2,0.02,False
txn_002343,2025-08-27 01:28:51,100.0,Debit Card,Kotak,bank_timeout,27,1,804,1.1,0.44,True
txn_002344,2025-06-26 03:31:18,1149.79,Netbanking,Yes Bank,otp_failure,26,2,449,1.2,0.31,True
txn_002345,2025-08-12 19:26:10,1216.85,Credit Card,SBI,bank_timeout,12,0,250,0.3,0.54,True
txn_002346,2025-10-02 06:39:02,2001.71,UPI,PNB,bank_timeout,2,1,263,10.5,0.0,True
txn_002347,2025-05-10 05:13:56,617.54,Wallet,SBI,otp_failure,10,0,879,1.8,0.0,True
txn_002348,2026-07-07 21:08:26,994.83,Wallet,Kotak,network_error,7,1,208,0.7,0.35,True
txn_002349,2025-05-22 13:57:17,820.29,Debit Card,SBI,fraud_block,22,3,484,5.7,,False
txn_002350,2025-05-06 06:00:20,886.49,Debit Card,ICICI,insufficient_funds,6,2,138,0.4,3.98,False
txn_002351,2025-02-01 23:07:07,413.97,UPI,SBI,bank_timeout,1,0,391,1.0,1.4,False
txn_002352,2025-12-09 10:45:35,978.79,UPI,Yes Bank,insufficient_funds,9,1,742,1.0,4.5,True
txn_002353,2025-05-24 07:15:56,554.52,Debit Card,HDFC,otp_failure,24,0,96,2.1,0.11,False
txn_002354,2026-06-01 22:48:44,243.39,UPI,Yes Bank,insufficient_funds,1,2,699,1.1,4.48,True
txn_002355,2025-04-25 21:52:48,209.57,UPI,PNB,invalid_cvv,25,0,23,0.0,1.33,False
txn_002356,2026-02-24 07:50:33,709.31,Debit Card,Kotak,network_error,24,0,477,2.1,0.67,True
txn_002357,2025-04-05 08:44:17,474.47,Credit Card,IDFC,bank_timeout,5,1,123,1.2,0.64,False
txn_002358,2026-01-23 21:48:21,1677.11,Debit Card,PNB,insufficient_funds,23,0,37,2.0,4.57,True
txn_002359,2025-09-06 17:17:41,173.57,Debit Card,HDFC,invalid_cvv,6,0,27,1.1,1.44,True
txn_002360,2026-07-28 14:32:39,806.63,Wallet,Yes Bank,invalid_cvv,28,1,125,1.5,1.45,False
txn_002361,2026-05-18 17:30:06,1546.15,UPI,PNB,invalid_cvv,18,2,516,0.9,0.39,False
txn_002362,2025-08-14 02:46:12,1337.86,Wallet,SBI,otp_failure,14,4,517,7.0,0.0,True
txn_002363,2026-03-16 00:40:44,648.43,Netbanking,Yes Bank,invalid_cvv,16,1,839,2.0,1.35,False
txn_002364,2026-06-20 06:37:51,359.98,Credit Card,PNB,insufficient_funds,20,0,290,2.1,3.96,True
txn_002365,2025-02-01 03:09:44,2717.62,Debit Card,ICICI,otp_failure,1,0,848,2.1,0.0,True
txn_002366,2025-08-28 07:04:06,3249.04,Credit Card,IDFC,insufficient_funds,28,3,626,0.5,4.02,False
txn_002367,2026-04-25 15:26:39,610.65,Debit Card,PNB,expired_card,25,0,620,1.9,,False
txn_002368,2025-10-05 14:17:55,744.93,Credit Card,Yes Bank,insufficient_funds,5,2,624,1.4,4.09,False
txn_002369,2025-02-12 17:54:04,627.58,Wallet,Axis,bank_timeout,12,0,231,1.4,0.48,True
txn_002370,2026-03-30 03:57:01,70.47,Wallet,Axis,expired_card,30,1,757,1.4,,False
txn_002371,2025-08-04 20:56:16,1168.15,Debit Card,HDFC,otp_failure,4,3,839,0.7,0.3,False
txn_002372,2025-03-06 22:13:19,1317.99,Wallet,PNB,expired_card,6,1,19,1.8,,False
txn_002373,2026-06-10 21:22:34,183.74,Credit Card,IDFC,insufficient_funds,10,1,593,2.3,3.48,False
txn_002374,2025-06-01 00:48:41,783.9,Netbanking,Yes Bank,insufficient_funds,1,0,399,1.9,3.5,True
txn_002375,2026-04-14 11:56:19,2148.73,Wallet,HDFC,otp_failure,14,2,240,0.1,0.2,False
txn_002376,2026-06-02 21:25:34,334.88,UPI,IDFC,insufficient_funds,2,1,203,3.1,3.97,False
txn_002377,2025-04-25 21:54:43,522.85,Netbanking,Yes Bank,insufficient_funds,25,3,652,2.5,4.95,False
txn_002378,2025-10-27 21:39:39,440.92,UPI,HDFC,bank_timeout,27,1,171,4.7,0.42,True
txn_002379,2025-08-10 02:16:02,1167.11,UPI,Yes Bank,bank_timeout,10,0,456,1.6,0.48,True
txn_002380,2025-08-28 07:07:37,1128.06,Netbanking,ICICI,otp_failure,28,1,171,1.6,0.48,True
txn_002381,2025-06-17 12:50:56,452.71,Netbanking,IDFC,insufficient_funds,17,4,655,0.3,3.76,False
txn_002382,2025-12-10 16:52:45,4216.26,UPI,SBI,network_error,10,1,568,2.0,0.0,True
txn_002383,2026-07-20 10:54:57,407.34,Netbanking,IDFC,invalid_cvv,20,2,741,0.4,1.06,False
txn_002384,2025-04-19 09:43:48,1128.92,Wallet,ICICI,fraud_block,19,3,663,1.5,,False
txn_002385,2025-04-22 13:37:49,818.74,Debit Card,Kotak,insufficient_funds,22,4,588,0.8,4.24,False
txn_002386,2026-01-04 15:25:47,2780.46,Wallet,Yes Bank,insufficient_funds,4,0,253,0.9,4.41,True
txn_002387,2025-02-21 08:29:14,502.1,Wallet,IDFC,network_error,21,1,346,0.5,0.07,True
txn_002388,2025-03-10 16:47:43,254.62,Credit Card,IDFC,network_error,10,1,287,0.1,0.0,True
txn_002389,2026-05-12 04:12:24,136.4,UPI,IDFC,invalid_cvv,12,2,303,0.5,0.13,False
txn_002390,2025-05-16 20:14:31,969.06,Wallet,PNB,otp_failure,16,4,145,0.8,0.35,False
txn_002391,2026-07-06 15:57:49,1073.49,Wallet,SBI,otp_failure,6,1,297,3.6,0.36,True
txn_002392,2025-06-04 18:25:48,3528.96,Debit Card,IDFC,invalid_cvv,4,2,614,7.9,0.78,False
txn_002393,2025-08-13 19:59:04,660.06,Wallet,PNB,invalid_cvv,13,1,290,0.7,1.08,False
txn_002394,2025-02-02 19:16:42,465.99,UPI,Kotak,bank_timeout,2,0,201,1.8,0.56,False
txn_002395,2026-01-19 18:42:02,890.96,Wallet,PNB,invalid_cvv,19,2,465,0.0,1.31,False
txn_002396,2025-06-24 09:21:37,2104.48,Credit Card,HDFC,invalid_cvv,24,1,312,2.3,0.19,False
txn_002397,2025-04-30 15:12:53,2200.89,UPI,Kotak,network_error,30,2,407,0.7,0.01,True
txn_002398,2026-05-13 12:48:52,1800.72,Netbanking,ICICI,insufficient_funds,13,1,672,3.0,4.11,True
txn_002399,2026-05-23 19:57:25,605.46,UPI,IDFC,otp_failure,23,1,619,1.0,0.03,True
txn_002400,2025-05-20 07:44:31,1309.36,Netbanking,Axis,insufficient_funds,20,3,402,4.3,3.61,False
txn_002401,2025-01-23 02:12:29,1000.93,Credit Card,Kotak,bank_timeout,23,3,362,1.7,0.0,False
txn_002402,2026-01-18 23:07:20,217.72,Credit Card,Yes Bank,bank_timeout,18,0,58,2.5,0.94,True
txn_002403,2026-03-28 07:51:03,320.54,Netbanking,IDFC,insufficient_funds,28,0,10,0.6,4.44,False
txn_002404,2025-07-20 07:49:10,658.35,Netbanking,ICICI,bank_timeout,20,0,53,3.9,0.39,False
txn_002405,2025-10-17 20:59:36,1150.4,Wallet,HDFC,insufficient_funds,17,1,169,0.8,4.23,True
txn_002406,2025-07-21 14:07:25,116.41,Debit Card,HDFC,fraud_block,21,1,474,0.9,,False
txn_002407,2025-04-24 12:11:36,75.54,UPI,PNB,invalid_cvv,24,2,36,5.3,0.31,False
txn_002408,2026-06-23 11:43:57,733.65,Debit Card,Yes Bank,insufficient_funds,23,1,833,0.9,4.36,True
txn_002409,2025-05-07 20:17:51,3990.89,Credit Card,Kotak,invalid_cvv,7,1,40,2.5,1.52,False
txn_002410,2025-10-08 12:34:28,925.29,Netbanking,Yes Bank,expired_card,8,2,37,7.4,,True
txn_002411,2025-02-07 20:06:41,449.77,UPI,Kotak,expired_card,7,0,264,6.7,,False
txn_002412,2026-02-16 08:41:21,273.44,Credit Card,Axis,fraud_block,16,0,25,2.1,,False
txn_002413,2026-05-03 19:19:36,696.72,Debit Card,ICICI,insufficient_funds,3,3,149,0.8,3.34,True
txn_002414,2026-04-11 01:44:30,198.91,Debit Card,Yes Bank,otp_failure,11,2,652,0.9,0.1,True
txn_002415,2025-09-03 14:35:22,981.01,UPI,Kotak,insufficient_funds,3,3,693,0.5,4.87,True
txn_002416,2026-06-17 09:35:49,1373.48,UPI,ICICI,otp_failure,17,1,317,1.9,0.2,True
txn_002417,2026-02-20 02:19:00,3308.61,Wallet,Yes Bank,fraud_block,20,1,500,4.2,,False
txn_002418,2025-04-22 15:05:19,744.5,Credit Card,SBI,insufficient_funds,22,1,830,1.1,3.93,True
txn_002419,2026-02-07 11:24:10,252.22,UPI,Yes Bank,bank_timeout,7,0,136,0.1,0.0,True
txn_002420,2026-01-12 15:10:22,403.17,Netbanking,Yes Bank,bank_timeout,12,1,583,1.2,0.1,False
txn_002421,2025-05-07 15:05:00,1432.32,Credit Card,Axis,otp_failure,7,0,555,1.0,0.48,False
txn_002422,2025-05-01 01:06:44,860.08,Wallet,Axis,network_error,1,1,879,2.6,0.28,True
txn_002423,2025-05-27 08:20:36,306.19,Wallet,ICICI,bank_timeout,27,3,174,0.5,0.01,True
txn_002424,2025-11-21 03:53:53,506.62,Netbanking,ICICI,network_error,21,1,272,1.7,0.61,False
txn_002425,2025-04-01 12:56:28,1512.44,Debit Card,HDFC,insufficient_funds,1,0,376,0.6,4.13,True
txn_002426,2026-01-08 10:52:03,2209.05,UPI,Kotak,insufficient_funds,8,0,651,0.1,4.92,True
txn_002427,2026-06-21 18:07:07,1014.49,UPI,SBI,invalid_cvv,21,2,292,0.2,1.25,True
txn_002428,2025-12-10 06:19:10,129.51,Wallet,Yes Bank,invalid_cvv,10,0,424,1.9,1.46,True
txn_002429,2025-05-14 18:10:26,346.6,UPI,HDFC,fraud_block,14,2,395,1.8,,False
txn_002430,2025-04-03 02:48:22,171.59,Debit Card,SBI,invalid_cvv,3,2,807,1.4,0.89,False
txn_002431,2026-06-24 05:39:02,3325.39,Debit Card,Axis,insufficient_funds,24,0,33,0.8,3.16,False
txn_002432,2025-08-27 18:52:45,353.57,Debit Card,Axis,network_error,27,1,180,1.8,0.04,False
txn_002433,2025-04-12 03:26:38,424.56,Credit Card,IDFC,bank_timeout,12,1,364,0.6,0.0,True
txn_002434,2026-06-21 13:47:00,2056.2,Credit Card,ICICI,expired_card,21,1,820,1.8,,False
txn_002435,2025-01-15 14:34:36,424.48,Netbanking,IDFC,insufficient_funds,15,1,546,2.2,4.5,False
txn_002436,2025-02-03 00:34:23,3589.87,Debit Card,ICICI,insufficient_funds,3,1,374,0.5,4.25,True
txn_002437,2025-01-26 11:18:01,1650.89,Wallet,HDFC,bank_timeout,26,1,507,2.0,0.02,False
txn_002438,2025-12-31 08:19:43,1133.01,Credit Card,Kotak,invalid_cvv,31,0,728,1.8,0.82,True
txn_002439,2025-02-03 14:49:32,4662.49,Credit Card,Kotak,expired_card,3,2,78,3.5,,False
txn_002440,2026-06-03 12:42:46,3400.02,Credit Card,ICICI,bank_timeout,3,1,468,1.1,0.84,True
txn_002441,2025-04-07 03:40:44,647.4,Wallet,Axis,otp_failure,7,2,464,0.6,0.0,True
txn_002442,2026-04-02 09:42:52,324.97,Debit Card,SBI,insufficient_funds,2,2,529,0.5,4.19,True
txn_002443,2026-06-05 20:54:07,120.38,UPI,HDFC,bank_timeout,5,1,585,1.1,0.41,True
txn_002444,2025-03-12 12:14:56,1264.35,Debit Card,Kotak,bank_timeout,12,5,196,0.8,0.0,True
txn_002445,2026-03-27 07:20:54,792.03,UPI,Yes Bank,bank_timeout,27,1,318,0.8,0.0,True
txn_002446,2025-05-05 17:00:20,489.31,Wallet,Axis,expired_card,5,1,504,0.1,,False
txn_002447,2026-01-28 04:11:24,1193.6,Wallet,ICICI,network_error,28,1,718,2.5,0.0,False
txn_002448,2025-03-18 23:27:49,1036.51,Wallet,HDFC,bank_timeout,18,1,561,1.7,0.42,True
txn_002449,2026-02-15 18:16:07,245.44,Debit Card,Axis,insufficient_funds,15,3,287,1.4,3.64,True
txn_002450,2025-08-07 22:11:29,662.17,Debit Card,HDFC,otp_failure,7,2,27,0.5,0.08,True
txn_002451,2026-07-18 09:29:31,599.74,Credit Card,Axis,bank_timeout,18,0,117,2.0,0.12,False
txn_002452,2026-01-27 14:52:51,536.07,Netbanking,Yes Bank,bank_timeout,27,0,792,1.1,0.5,True
txn_002453,2026-06-27 06:08:26,211.9,Wallet,SBI,insufficient_funds,27,1,518,1.4,4.31,False
txn_002454,2025-12-08 11:57:54,573.45,Credit Card,SBI,bank_timeout,8,2,53,1.5,0.38,True
txn_002455,2025-10-03 14:22:04,437.52,Netbanking,IDFC,otp_failure,3,2,8,1.0,0.06,True
txn_002456,2025-06-16 10:21:24,803.1,Wallet,Axis,fraud_block,16,2,238,0.9,,False
txn_002457,2025-11-13 13:48:14,1069.59,Credit Card,Yes Bank,insufficient_funds,13,0,91,3.2,4.74,True
txn_002458,2025-04-07 00:21:29,825.76,Netbanking,ICICI,insufficient_funds,7,3,709,3.7,4.06,True
txn_002459,2026-02-08 16:25:27,153.96,Debit Card,PNB,network_error,8,1,655,0.3,0.0,True
txn_002460,2025-10-08 14:11:47,594.32,UPI,HDFC,insufficient_funds,8,3,243,8.1,2.85,False
txn_002461,2025-03-05 21:12:46,1069.0,UPI,PNB,network_error,5,0,782,3.2,0.98,True
txn_002462,2025-03-31 21:13:32,531.5,Netbanking,Kotak,bank_timeout,31,0,630,0.3,0.01,True
txn_002463,2025-12-21 22:05:11,1475.06,Wallet,Kotak,invalid_cvv,21,1,12,3.1,1.31,False
txn_002464,2026-06-18 15:28:33,257.59,Netbanking,Axis,otp_failure,18,1,241,1.4,0.09,True
txn_002465,2026-03-07 05:44:26,188.9,Netbanking,Kotak,insufficient_funds,7,1,651,0.1,3.88,False
txn_002466,2025-11-29 09:47:01,1150.71,Debit Card,ICICI,insufficient_funds,29,2,727,2.7,4.06,True
txn_002467,2026-01-05 11:15:29,349.15,UPI,SBI,otp_failure,5,1,426,0.7,0.43,True
txn_002468,2025-01-10 22:20:43,506.22,Netbanking,ICICI,expired_card,10,1,405,1.5,,False
txn_002469,2025-11-04 20:52:04,542.99,Netbanking,ICICI,invalid_cvv,4,2,225,1.4,1.28,False
txn_002470,2025-04-03 14:22:54,261.49,Debit Card,IDFC,insufficient_funds,3,0,148,0.2,3.55,True
txn_002471,2025-11-08 04:10:40,1698.34,Wallet,ICICI,otp_failure,8,1,242,1.9,0.0,False
txn_002472,2026-07-30 21:17:49,199.11,Debit Card,ICICI,invalid_cvv,30,1,388,4.4,1.59,False
txn_002473,2025-10-10 12:02:44,595.94,Debit Card,Yes Bank,expired_card,10,2,571,0.8,,False
txn_002474,2025-06-05 13:10:55,1791.68,Wallet,IDFC,insufficient_funds,5,1,337,0.1,4.3,False
txn_002475,2025-04-06 08:27:09,393.53,Debit Card,IDFC,insufficient_funds,6,1,269,0.2,3.09,True
txn_002476,2026-07-18 06:43:01,3150.57,Netbanking,Kotak,otp_failure,18,2,275,0.1,0.09,True
txn_002477,2026-07-09 04:29:18,1203.0,Wallet,Kotak,network_error,9,0,646,0.6,0.0,True
txn_002478,2026-05-16 01:52:58,199.22,Netbanking,Yes Bank,expired_card,16,2,860,0.3,,True
txn_002479,2026-01-05 14:02:41,209.92,Wallet,IDFC,insufficient_funds,5,2,381,0.2,4.16,True
txn_002480,2026-01-12 08:20:49,2398.24,Wallet,Kotak,insufficient_funds,12,1,824,15.1,4.01,True
txn_002481,2025-04-25 11:15:08,259.33,Netbanking,ICICI,network_error,25,0,296,1.5,0.4,True
txn_002482,2025-04-05 21:47:16,2950.22,UPI,PNB,bank_timeout,5,2,713,3.0,0.41,False
txn_002483,2026-01-22 05:51:18,269.55,Debit Card,SBI,insufficient_funds,22,1,78,0.7,3.45,True
txn_002484,2025-01-24 02:05:11,4073.9,Credit Card,HDFC,bank_timeout,24,1,544,0.7,0.0,True
txn_002485,2025-02-22 23:52:28,346.73,Netbanking,HDFC,otp_failure,22,0,494,0.6,0.0,True
txn_002486,2025-05-20 02:35:08,753.62,Netbanking,Yes Bank,insufficient_funds,20,1,260,5.9,4.09,False
txn_002487,2025-04-29 15:13:03,343.73,UPI,ICICI,insufficient_funds,29,1,147,0.4,3.45,False
txn_002488,2025-03-01 10:23:06,243.77,Wallet,PNB,otp_failure,1,0,126,1.7,0.0,False
txn_002489,2025-12-28 23:16:35,464.85,Debit Card,Kotak,otp_failure,28,1,500,1.2,0.0,True
txn_002490,2026-05-30 06:18:44,349.11,Netbanking,PNB,otp_failure,30,4,605,1.9,0.0,False
txn_002491,2026-01-28 02:03:22,1055.85,UPI,Yes Bank,expired_card,28,2,324,3.0,,False
txn_002492,2026-02-24 20:11:26,1841.47,Wallet,HDFC,insufficient_funds,24,2,496,0.5,3.7,False
txn_002493,2025-01-25 13:02:20,183.43,Netbanking,ICICI,expired_card,25,2,252,1.9,,False
txn_002494,2025-10-25 23:22:45,1341.34,Netbanking,Yes Bank,insufficient_funds,25,0,232,0.7,3.4,False
txn_002495,2025-10-20 07:25:19,3397.28,Netbanking,PNB,bank_timeout,20,1,569,3.8,0.0,True
txn_002496,2025-01-28 22:44:12,491.14,Credit Card,SBI,network_error,28,0,671,1.6,0.0,False
txn_002497,2026-03-09 09:00:59,148.54,UPI,SBI,network_error,9,2,298,2.5,1.01,True
txn_002498,2026-01-17 17:50:38,2274.17,Netbanking,SBI,otp_failure,17,1,766,0.6,1.19,False
txn_002499,2025-08-31 16:40:13,5844.58,Netbanking,PNB,network_error,31,2,783,1.8,0.0,True
txn_002500,2025-03-26 23:01:41,351.91,Wallet,PNB,insufficient_funds,26,0,519,3.0,3.58,True
txn_002501,2026-05-28 16:45:24,373.57,Wallet,PNB,bank_timeout,28,1,648,1.9,0.36,False
txn_002502,2026-01-05 15:37:30,1940.42,Wallet,SBI,bank_timeout,5,0,22,0.4,0.0,False
txn_002503,2026-01-29 13:17:38,366.82,Credit Card,IDFC,network_error,29,2,384,4.2,0.0,True
txn_002504,2025-07-24 13:57:49,1531.65,Netbanking,IDFC,expired_card,24,4,584,0.3,,False
txn_002505,2026-04-25 04:35:20,240.58,UPI,Kotak,otp_failure,25,2,691,1.0,0.0,True
txn_002506,2025-09-06 22:13:55,3224.6,Credit Card,HDFC,bank_timeout,6,3,366,1.2,0.51,True
txn_002507,2026-04-04 15:02:09,260.67,Credit Card,SBI,network_error,4,3,821,2.1,0.0,True
txn_002508,2025-10-12 14:22:45,362.83,UPI,HDFC,insufficient_funds,12,2,27,4.5,5.19,False
txn_002509,2026-05-01 13:41:47,400.86,UPI,IDFC,network_error,1,3,887,4.9,0.0,True
txn_002510,2025-03-17 14:44:11,110.99,Netbanking,Yes Bank,insufficient_funds,17,0,543,2.1,3.71,True
txn_002511,2025-10-05 13:47:11,742.3,Netbanking,Yes Bank,otp_failure,5,1,487,2.9,0.0,False
txn_002512,2025-02-13 20:17:24,690.71,Debit Card,Axis,expired_card,13,0,527,3.0,,True
txn_002513,2025-07-02 05:40:21,82.9,UPI,ICICI,otp_failure,2,0,843,1.1,1.01,True
txn_002514,2026-06-19 09:05:12,685.09,Credit Card,Kotak,bank_timeout,19,0,379,2.8,0.94,True
txn_002515,2025-03-30 21:53:58,2882.21,UPI,SBI,insufficient_funds,30,2,555,0.8,3.79,True
txn_002516,2025-01-16 07:27:29,2214.54,Wallet,Yes Bank,bank_timeout,16,0,824,1.2,0.0,True
txn_002517,2025-01-30 00:46:09,2157.67,Netbanking,IDFC,insufficient_funds,30,2,756,1.8,3.61,True
txn_002518,2026-03-18 05:12:30,278.09,Wallet,IDFC,network_error,18,0,484,0.6,0.39,True
txn_002519,2025-07-27 02:08:10,390.45,Credit Card,PNB,invalid_cvv,27,1,227,2.2,0.71,True
txn_002520,2026-04-02 16:54:49,89.53,Credit Card,Yes Bank,bank_timeout,2,1,466,1.7,0.0,False
txn_002521,2025-10-21 09:32:20,234.4,Wallet,IDFC,expired_card,21,1,750,3.8,,False
txn_002522,2025-09-08 10:22:11,1377.43,Wallet,ICICI,otp_failure,8,1,216,1.1,0.0,True
txn_002523,2026-01-15 07:39:52,538.98,Credit Card,Axis,network_error,15,2,17,3.1,0.0,False
txn_002524,2025-09-18 22:53:14,866.05,Netbanking,Yes Bank,insufficient_funds,18,1,470,0.6,3.32,False
txn_002525,2025-05-10 10:09:23,281.01,Wallet,Kotak,fraud_block,10,0,552,4.4,,False
txn_002526,2025-10-10 05:02:32,2584.83,Netbanking,Axis,expired_card,10,2,746,1.6,,False
txn_002527,2026-01-21 23:51:04,4013.23,Credit Card,Axis,network_error,21,2,781,3.7,0.0,True
txn_002528,2025-08-12 04:41:45,3082.89,UPI,HDFC,expired_card,12,1,548,0.8,,False
txn_002529,2025-08-19 22:27:05,3071.89,Wallet,IDFC,insufficient_funds,19,2,513,0.3,4.41,True
txn_002530,2025-06-25 10:49:11,676.69,Wallet,ICICI,network_error,25,3,473,0.8,0.37,True
txn_002531,2026-07-12 11:01:30,1496.04,Wallet,ICICI,expired_card,12,3,357,1.9,,False
txn_002532,2026-04-05 17:09:24,1212.35,UPI,Kotak,otp_failure,5,2,235,3.7,0.0,True
txn_002533,2025-02-22 05:59:58,2326.69,Wallet,PNB,expired_card,22,1,588,5.2,,False
txn_002534,2025-11-28 17:49:51,626.05,Debit Card,Yes Bank,network_error,28,1,558,6.5,0.02,True
txn_002535,2025-03-01 13:04:32,619.85,UPI,Kotak,otp_failure,1,0,842,0.2,0.0,False
txn_002536,2025-12-03 06:02:10,323.57,Wallet,Yes Bank,otp_failure,3,1,549,1.3,0.42,True
txn_002537,2025-06-05 09:42:19,454.38,Netbanking,IDFC,otp_failure,5,1,256,1.4,0.54,False
txn_002538,2025-07-15 03:54:54,312.32,Wallet,PNB,insufficient_funds,15,2,55,5.5,3.18,False
txn_002539,2026-06-06 14:47:25,648.26,Wallet,SBI,bank_timeout,6,1,674,1.0,1.19,True
txn_002540,2025-01-15 10:47:27,329.71,Wallet,SBI,otp_failure,15,1,630,0.0,0.69,True
txn_002541,2026-03-25 01:08:18,915.51,Netbanking,Axis,insufficient_funds,25,0,655,1.6,3.69,False
txn_002542,2026-05-29 06:19:14,649.35,Netbanking,Kotak,bank_timeout,29,2,852,9.0,0.0,True
txn_002543,2026-05-11 11:48:33,2716.46,Wallet,IDFC,insufficient_funds,11,1,364,2.3,3.39,False
txn_002544,2026-03-16 17:10:31,163.11,Credit Card,Axis,expired_card,16,1,323,5.7,,False
txn_002545,2025-10-10 22:34:19,2486.67,Netbanking,SBI,otp_failure,10,2,861,1.0,0.3,False
txn_002546,2025-07-06 16:53:42,3304.69,Debit Card,Kotak,insufficient_funds,6,1,11,1.5,4.04,False
txn_002547,2025-12-05 04:14:06,645.5,Netbanking,Yes Bank,otp_failure,5,0,733,5.0,0.62,False
txn_002548,2025-02-20 01:00:58,159.12,Debit Card,IDFC,network_error,20,0,533,2.3,0.0,False
txn_002549,2025-07-27 08:01:28,3177.85,UPI,SBI,insufficient_funds,27,0,128,3.2,3.58,True
txn_002550,2025-07-19 04:30:42,1160.31,Wallet,Axis,network_error,19,1,521,7.7,0.11,True
txn_002551,2025-11-12 05:53:22,209.45,Debit Card,ICICI,bank_timeout,12,3,333,1.0,0.0,True
txn_002552,2025-04-27 11:29:56,520.63,Debit Card,HDFC,otp_failure,27,0,403,1.8,0.38,False
txn_002553,2025-07-10 18:03:58,494.39,UPI,PNB,invalid_cvv,10,2,667,4.2,0.5,True
txn_002554,2026-01-13 00:10:58,556.56,Wallet,IDFC,fraud_block,13,0,551,0.0,,False
txn_002555,2025-11-24 19:00:24,283.6,Credit Card,Axis,otp_failure,24,2,564,1.2,0.48,False
txn_002556,2025-05-04 18:39:27,1517.65,UPI,SBI,invalid_cvv,4,0,336,0.7,0.95,True
txn_002557,2025-01-23 15:14:37,1866.35,UPI,Kotak,otp_failure,23,1,635,0.4,0.68,True
txn_002558,2026-05-27 14:30:43,3672.27,Wallet,SBI,insufficient_funds,27,0,27,0.1,3.67,True
txn_002559,2026-05-16 10:30:26,143.43,Credit Card,PNB,bank_timeout,16,1,364,3.8,0.0,True
txn_002560,2025-01-16 11:07:33,1014.15,Credit Card,ICICI,expired_card,16,5,653,7.9,,False
txn_002561,2025-09-01 19:36:32,1613.28,Wallet,Kotak,expired_card,1,2,253,6.8,,False
txn_002562,2025-02-19 09:14:55,892.66,Netbanking,Yes Bank,insufficient_funds,19,0,675,0.6,4.35,False
txn_002563,2026-06-06 16:52:29,42.33,Credit Card,IDFC,insufficient_funds,6,1,359,1.3,3.78,False
txn_002564,2026-07-17 12:42:31,1746.86,Debit Card,Axis,invalid_cvv,17,0,451,1.2,2.23,False
txn_002565,2025-03-28 22:34:13,3637.81,Wallet,ICICI,insufficient_funds,28,2,187,0.8,2.8,True
txn_002566,2026-02-10 09:59:38,3635.69,Wallet,Kotak,insufficient_funds,10,0,846,2.6,4.48,True
txn_002567,2026-01-21 14:31:09,2440.62,Credit Card,Axis,network_error,21,3,73,4.5,0.0,True
txn_002568,2026-04-11 21:28:47,1104.75,Credit Card,Yes Bank,otp_failure,11,1,566,0.1,0.0,True
txn_002569,2025-09-13 18:20:03,234.53,Wallet,IDFC,network_error,13,1,175,0.5,0.0,True
txn_002570,2025-07-03 06:12:16,950.67,Netbanking,Axis,insufficient_funds,3,0,590,8.3,4.06,True
txn_002571,2025-04-23 01:32:06,174.8,Credit Card,SBI,insufficient_funds,23,0,508,4.5,4.4,False
txn_002572,2025-06-16 07:16:27,1966.9,UPI,PNB,insufficient_funds,16,2,214,0.6,4.16,False
txn_002573,2025-11-14 04:40:19,201.75,UPI,HDFC,insufficient_funds,14,2,22,1.8,4.49,False
txn_002574,2026-01-16 20:56:47,708.98,Wallet,Yes Bank,insufficient_funds,16,0,397,1.4,2.91,True
txn_002575,2026-06-28 09:49:10,533.83,Credit Card,Yes Bank,fraud_block,28,0,580,0.9,,True
txn_002576,2026-02-28 21:25:29,1359.2,Netbanking,PNB,otp_failure,28,0,376,0.5,0.0,True
txn_002577,2026-06-15 07:10:01,688.67,Debit Card,Kotak,otp_failure,15,1,629,3.7,0.61,True
txn_002578,2025-04-23 13:20:48,132.42,UPI,PNB,expired_card,23,2,789,1.8,,False
txn_002579,2026-07-10 21:04:43,2012.17,UPI,Kotak,insufficient_funds,10,1,134,4.7,4.21,False
txn_002580,2025-01-17 08:51:06,376.31,Wallet,HDFC,invalid_cvv,17,1,99,5.0,1.15,False
txn_002581,2026-07-29 08:20:30,62.31,Credit Card,Axis,bank_timeout,29,2,56,2.1,0.0,False
txn_002582,2025-07-16 11:56:34,902.03,Wallet,IDFC,bank_timeout,16,1,137,2.2,0.0,True
txn_002583,2025-08-29 05:10:57,741.37,UPI,ICICI,bank_timeout,29,0,549,0.7,0.61,False
txn_002584,2026-02-20 11:27:28,153.39,Debit Card,PNB,fraud_block,20,2,533,4.4,,True
txn_002585,2025-10-29 17:37:28,205.43,Credit Card,IDFC,insufficient_funds,29,0,316,0.6,3.76,False
txn_002586,2025-07-18 11:29:35,1354.42,UPI,ICICI,insufficient_funds,18,0,877,5.9,3.71,False
txn_002587,2025-07-02 21:18:03,1720.26,UPI,Axis,network_error,2,1,67,1.2,0.0,True
txn_002588,2025-05-05 10:51:07,252.19,Netbanking,Yes Bank,insufficient_funds,5,2,830,0.5,4.01,True
txn_002589,2026-05-16 13:02:11,770.27,Netbanking,HDFC,insufficient_funds,16,1,674,1.2,4.16,True
txn_002590,2025-08-01 20:24:39,1889.15,Credit Card,PNB,invalid_cvv,1,3,720,0.9,0.38,True
txn_002591,2026-01-01 21:46:40,2019.18,Netbanking,Yes Bank,fraud_block,1,3,594,10.2,,False
txn_002592,2026-07-12 05:02:40,1092.69,Netbanking,ICICI,bank_timeout,12,2,858,1.5,0.03,True
txn_002593,2025-05-05 13:00:59,956.35,UPI,ICICI,expired_card,5,1,26,4.6,,False
txn_002594,2025-10-01 07:04:39,2956.67,Netbanking,Yes Bank,insufficient_funds,1,0,339,0.6,3.88,True
txn_002595,2025-12-19 01:24:41,510.65,Credit Card,HDFC,expired_card,19,0,179,2.5,,False
txn_002596,2026-05-14 04:03:19,1125.2,Debit Card,PNB,bank_timeout,14,0,183,2.9,0.19,True
txn_002597,2026-05-13 22:56:52,2397.01,Debit Card,HDFC,otp_failure,13,2,866,0.9,0.0,True
txn_002598,2025-11-08 04:52:41,260.91,Debit Card,Kotak,expired_card,8,2,522,3.1,,False
txn_002599,2025-09-01 16:11:53,1267.23,Wallet,ICICI,insufficient_funds,1,0,101,0.6,4.04,False
txn_002600,2025-03-28 01:59:14,1455.33,Debit Card,Axis,insufficient_funds,28,1,557,0.3,4.49,True
txn_002601,2026-02-06 01:45:28,564.74,Debit Card,IDFC,otp_failure,6,1,844,0.2,0.28,False
txn_002602,2025-09-06 02:01:52,1872.69,Netbanking,PNB,insufficient_funds,6,0,405,0.5,3.78,False
txn_002603,2026-07-26 00:36:05,690.35,Debit Card,Kotak,insufficient_funds,26,1,456,0.0,3.31,False
txn_002604,2025-05-15 17:53:00,633.74,Wallet,Yes Bank,expired_card,15,0,312,6.3,,False
txn_002605,2025-08-07 21:04:58,783.23,Debit Card,ICICI,insufficient_funds,7,1,880,1.9,4.1,False
txn_002606,2025-11-18 22:46:24,1888.97,UPI,SBI,bank_timeout,18,1,240,1.3,0.0,True
txn_002607,2025-11-02 15:15:47,155.17,Netbanking,Axis,bank_timeout,2,2,296,2.0,0.3,True
txn_002608,2025-01-17 02:31:17,275.75,Credit Card,Axis,fraud_block,17,1,785,1.1,,True
txn_002609,2025-03-11 02:38:36,1067.78,Netbanking,Axis,expired_card,11,0,273,1.3,,False
txn_002610,2025-07-23 07:59:30,535.5,Debit Card,HDFC,otp_failure,23,1,805,0.2,0.41,True
txn_002611,2025-11-08 11:49:57,1456.43,Wallet,IDFC,otp_failure,8,0,514,2.3,0.0,True
txn_002612,2026-04-12 08:07:54,348.84,UPI,SBI,bank_timeout,12,0,669,1.6,0.0,True
txn_002613,2025-03-11 04:13:20,1077.17,UPI,SBI,otp_failure,11,1,858,0.0,0.0,True
txn_002614,2026-03-17 14:10:26,214.86,Credit Card,HDFC,network_error,17,0,704,3.2,0.0,True
txn_002615,2026-07-13 03:21:57,2027.62,Wallet,IDFC,insufficient_funds,13,1,763,2.7,4.99,True
txn_002616,2025-12-19 09:43:39,298.75,Netbanking,ICICI,otp_failure,19,0,203,3.3,0.0,True
txn_002617,2025-06-24 08:41:02,435.48,Debit Card,Axis,bank_timeout,24,2,347,2.4,0.2,True
txn_002618,2025-07-26 18:22:50,1072.41,UPI,PNB,otp_failure,26,0,740,0.0,0.0,False
txn_002619,2025-10-24 18:21:59,355.05,Debit Card,IDFC,bank_timeout,24,1,271,1.0,0.09,True
txn_002620,2025-06-10 11:24:50,208.34,Wallet,Axis,expired_card,10,2,704,9.0,,False
txn_002621,2025-08-08 18:53:30,325.88,Debit Card,IDFC,expired_card,8,0,543,3.7,,False
txn_002622,2025-05-21 02:20:17,3482.25,Netbanking,SBI,insufficient_funds,21,2,45,5.4,3.49,True
txn_002623,2025-01-23 08:22:11,164.34,UPI,Kotak,bank_timeout,23,2,335,1.7,0.18,True
txn_002624,2025-07-02 21:46:12,426.27,Wallet,PNB,insufficient_funds,2,0,85,0.5,4.13,True
txn_002625,2025-07-12 20:58:56,384.27,UPI,PNB,otp_failure,12,0,800,1.5,0.0,True
txn_002626,2025-03-08 14:17:05,164.58,Credit Card,PNB,invalid_cvv,8,1,751,4.7,0.81,False
txn_002627,2025-04-14 11:07:11,1382.91,UPI,IDFC,fraud_block,14,2,672,0.3,,False
txn_002628,2026-06-18 11:51:27,1066.3,Debit Card,IDFC,expired_card,18,0,664,3.2,,False
txn_002629,2026-07-05 06:31:27,247.09,Netbanking,Kotak,otp_failure,5,0,541,0.7,0.62,True
txn_002630,2025-02-26 17:51:19,471.13,Credit Card,HDFC,expired_card,26,0,371,6.0,,False
txn_002631,2025-02-10 11:26:58,438.47,UPI,Axis,fraud_block,10,0,853,1.4,,False
txn_002632,2026-01-01 18:48:59,450.45,UPI,HDFC,insufficient_funds,1,1,329,7.7,3.85,True
txn_002633,2025-01-05 03:56:09,267.35,UPI,IDFC,invalid_cvv,5,2,12,1.7,1.18,False
txn_002634,2025-08-23 23:08:44,335.73,Netbanking,Yes Bank,otp_failure,23,1,277,0.1,1.16,False
txn_002635,2025-04-13 17:05:58,2069.21,Wallet,HDFC,insufficient_funds,13,0,339,1.9,3.76,False
txn_002636,2026-03-27 21:03:37,1489.05,Debit Card,Kotak,network_error,27,1,83,0.7,0.0,True
txn_002637,2025-05-12 22:32:27,413.16,Wallet,PNB,expired_card,12,2,403,1.1,,False
txn_002638,2025-09-21 10:42:45,743.18,Netbanking,SBI,network_error,21,2,11,3.5,0.0,True
txn_002639,2025-03-11 15:09:34,749.44,UPI,IDFC,insufficient_funds,11,3,533,0.5,3.83,False
txn_002640,2025-04-21 03:15:50,1103.3,UPI,ICICI,expired_card,21,0,53,1.2,,False
txn_002641,2025-09-01 07:46:07,347.6,Credit Card,SBI,otp_failure,1,2,71,1.0,0.0,False
txn_002642,2026-01-23 17:57:37,315.7,UPI,Yes Bank,otp_failure,23,2,18,1.5,0.3,True
txn_002643,2025-12-01 01:23:04,208.93,UPI,Kotak,bank_timeout,1,1,164,0.1,0.14,True
txn_002644,2026-04-22 01:52:21,391.77,UPI,Yes Bank,network_error,22,1,725,0.6,0.43,True
txn_002645,2025-12-05 11:26:29,338.2,Debit Card,Yes Bank,bank_timeout,5,0,255,0.0,0.26,False
txn_002646,2026-07-27 08:14:17,6747.68,Netbanking,SBI,expired_card,27,3,426,1.5,,False
txn_002647,2026-03-08 14:31:38,739.61,Netbanking,HDFC,otp_failure,8,0,783,0.3,0.0,True
txn_002648,2025-05-27 17:43:23,1016.39,Debit Card,HDFC,network_error,27,1,834,1.3,0.92,True
txn_002649,2025-06-28 12:54:40,577.53,Debit Card,HDFC,insufficient_funds,28,3,762,3.8,3.59,True
txn_002650,2026-01-01 06:02:57,851.67,UPI,SBI,otp_failure,1,0,276,6.0,0.93,False
txn_002651,2026-07-03 08:06:05,1134.83,Netbanking,IDFC,network_error,3,0,421,0.8,0.24,False
txn_002652,2025-04-01 02:50:41,1656.73,Netbanking,HDFC,insufficient_funds,1,1,36,2.7,4.45,True
txn_002653,2025-12-09 22:31:24,442.2,UPI,PNB,bank_timeout,9,0,186,3.0,0.0,True
txn_002654,2025-12-22 13:15:33,251.15,Netbanking,ICICI,bank_timeout,22,3,510,5.0,0.0,True
txn_002655,2026-07-14 01:22:21,3426.79,Debit Card,ICICI,bank_timeout,14,2,894,1.5,0.43,True
txn_002656,2025-09-29 13:05:47,97.88,Credit Card,Axis,network_error,29,0,335,1.0,0.18,True
txn_002657,2025-08-09 16:18:52,169.3,Debit Card,SBI,insufficient_funds,9,0,532,0.3,4.08,True
txn_002658,2026-01-31 03:33:33,2761.88,UPI,Axis,otp_failure,31,3,373,0.4,0.64,True
txn_002659,2026-03-30 06:06:42,444.8,Credit Card,SBI,otp_failure,30,1,360,6.7,0.29,False
txn_002660,2025-11-20 10:36:45,980.71,Credit Card,Axis,expired_card,20,0,394,0.4,,False
txn_002661,2026-01-22 21:27:28,13093.28,Credit Card,Yes Bank,invalid_cvv,22,0,879,5.5,0.77,False
txn_002662,2025-01-21 03:58:11,1242.47,UPI,ICICI,bank_timeout,21,4,734,2.4,0.24,False
txn_002663,2025-11-03 03:51:27,567.57,UPI,ICICI,insufficient_funds,3,1,696,2.4,3.99,False
txn_002664,2025-09-09 07:11:30,242.23,Debit Card,HDFC,bank_timeout,9,0,898,0.9,0.0,True
txn_002665,2025-03-04 23:07:41,221.4,Netbanking,PNB,otp_failure,4,1,763,2.1,0.26,False
txn_002666,2025-12-19 16:12:29,379.98,UPI,HDFC,insufficient_funds,19,2,454,3.2,3.44,True
txn_002667,2025-09-13 20:57:46,471.38,Credit Card,PNB,insufficient_funds,13,1,533,1.4,4.09,True
txn_002668,2025-09-10 08:51:47,686.61,Wallet,SBI,bank_timeout,10,0,224,0.3,0.54,False
txn_002669,2025-06-14 04:09:49,1180.96,Credit Card,Kotak,bank_timeout,14,2,117,7.1,0.0,False
txn_002670,2025-09-09 00:20:28,1362.35,Credit Card,ICICI,expired_card,9,1,664,1.9,,True
txn_002671,2026-03-01 23:43:52,179.16,Wallet,IDFC,bank_timeout,1,1,863,1.2,0.35,True
txn_002672,2025-03-13 21:16:33,577.21,Netbanking,Kotak,bank_timeout,13,4,761,3.8,0.4,False
txn_002673,2025-05-19 06:21:42,1940.84,Debit Card,IDFC,insufficient_funds,19,1,115,0.1,3.93,False
txn_002674,2025-03-11 06:35:26,1907.05,Credit Card,Axis,otp_failure,11,8,154,5.2,1.12,False
txn_002675,2025-05-07 13:26:04,349.88,Netbanking,IDFC,expired_card,7,2,549,3.2,,False
txn_002676,2025-08-10 07:35:23,2803.95,Debit Card,ICICI,expired_card,10,1,446,0.2,,False
txn_002677,2025-08-20 21:18:47,1011.17,Netbanking,IDFC,bank_timeout,20,1,537,0.0,0.0,True
txn_002678,2026-07-26 13:58:13,2137.8,UPI,SBI,bank_timeout,26,1,787,0.1,0.34,True
txn_002679,2025-10-06 21:04:12,482.0,Credit Card,Yes Bank,invalid_cvv,6,1,735,0.8,1.24,False
txn_002680,2026-02-03 04:32:55,225.89,Debit Card,PNB,otp_failure,3,1,22,2.1,0.0,False
txn_002681,2025-12-12 23:38:54,1342.63,Netbanking,PNB,insufficient_funds,12,1,513,0.2,3.62,False
txn_002682,2025-07-28 12:49:07,320.07,Wallet,IDFC,bank_timeout,28,0,754,5.7,0.75,False
txn_002683,2025-03-12 01:51:59,228.2,Netbanking,Yes Bank,expired_card,12,1,271,4.9,,False
txn_002684,2026-04-22 19:19:29,1284.72,Debit Card,IDFC,insufficient_funds,22,0,381,3.0,4.07,True
txn_002685,2026-05-05 20:50:38,483.61,Netbanking,ICICI,network_error,5,1,457,0.4,0.0,True
txn_002686,2025-02-01 09:49:14,903.42,Wallet,Yes Bank,otp_failure,1,0,198,0.8,0.0,False
txn_002687,2025-12-27 00:43:47,409.42,Debit Card,SBI,fraud_block,27,1,734,0.1,,False
txn_002688,2026-01-20 17:28:33,2323.4,Wallet,ICICI,fraud_block,20,1,429,2.6,,False
txn_002689,2025-08-14 19:05:49,356.8,Netbanking,IDFC,bank_timeout,14,0,425,3.0,0.0,True
txn_002690,2025-03-03 12:04:49,266.52,Netbanking,Kotak,bank_timeout,3,1,451,1.2,0.57,True
txn_002691,2025-04-26 10:13:35,3334.9,Debit Card,Kotak,invalid_cvv,26,0,648,2.5,0.99,False
txn_002692,2025-07-13 03:14:14,881.82,Wallet,IDFC,invalid_cvv,13,1,349,1.3,0.57,False
txn_002693,2025-08-18 12:10:36,3350.07,Wallet,HDFC,insufficient_funds,18,3,489,1.2,3.86,True
txn_002694,2026-03-04 23:16:43,414.68,Credit Card,HDFC,insufficient_funds,4,2,338,0.4,3.97,True
txn_002695,2026-02-03 18:44:25,728.54,Credit Card,IDFC,expired_card,3,3,112,7.6,,False
txn_002696,2025-11-17 19:14:23,572.89,Credit Card,PNB,expired_card,17,3,701,2.8,,False
txn_002697,2026-05-29 07:14:05,51.1,Wallet,Kotak,network_error,29,0,281,5.0,0.41,True
txn_002698,2025-10-04 02:12:38,3556.92,UPI,ICICI,bank_timeout,4,2,62,2.9,0.0,True
txn_002699,2026-01-27 00:53:13,64.72,Credit Card,ICICI,insufficient_funds,27,0,818,2.4,4.87,False
txn_002700,2026-07-30 04:13:18,144.8,Netbanking,SBI,bank_timeout,30,2,895,4.4,0.76,False
txn_002701,2025-05-22 12:36:20,270.04,Netbanking,HDFC,expired_card,22,2,604,1.8,,True
txn_002702,2025-03-06 16:38:55,385.4,Netbanking,Kotak,expired_card,6,1,289,1.1,,False
txn_002703,2025-09-01 20:23:03,553.86,Wallet,PNB,otp_failure,1,1,18,3.0,0.0,False
txn_002704,2026-06-05 14:32:58,157.21,Netbanking,Kotak,bank_timeout,5,2,493,3.0,0.0,True
txn_002705,2025-09-23 02:56:02,385.99,Debit Card,Axis,insufficient_funds,23,2,795,0.7,4.23,False
txn_002706,2025-05-24 18:16:44,883.31,Credit Card,Kotak,insufficient_funds,24,2,491,1.9,3.88,True
txn_002707,2026-06-08 01:14:57,1256.48,Credit Card,IDFC,bank_timeout,8,1,883,2.4,0.0,True
txn_002708,2026-02-20 01:29:26,618.67,Credit Card,HDFC,bank_timeout,20,0,612,1.1,1.79,False
txn_002709,2025-11-03 18:06:01,488.05,Credit Card,HDFC,insufficient_funds,3,1,899,0.4,4.62,False
txn_002710,2025-05-14 09:22:44,1550.53,Netbanking,PNB,insufficient_funds,14,0,727,3.7,2.42,True
txn_002711,2026-06-22 08:12:10,1095.45,Netbanking,PNB,insufficient_funds,22,2,396,0.8,4.19,True
txn_002712,2025-08-24 04:36:02,2521.21,Wallet,Yes Bank,insufficient_funds,24,1,672,1.4,4.6,True
txn_002713,2026-06-21 10:52:41,787.86,Netbanking,Kotak,invalid_cvv,21,1,32,0.7,0.1,False
txn_002714,2025-03-10 01:38:14,578.53,Debit Card,SBI,otp_failure,10,1,171,5.1,0.0,True
txn_002715,2025-01-11 18:39:57,332.65,Debit Card,ICICI,bank_timeout,11,1,150,3.0,0.76,False
txn_002716,2025-01-13 08:07:20,230.17,Debit Card,HDFC,insufficient_funds,13,3,344,1.1,4.47,True
txn_002717,2025-06-12 12:19:12,3664.54,Netbanking,SBI,insufficient_funds,12,2,421,0.2,3.24,False
txn_002718,2026-05-20 16:01:41,439.74,Debit Card,IDFC,otp_failure,20,3,185,0.1,0.0,True
txn_002719,2026-05-02 06:35:18,947.7,Wallet,Axis,insufficient_funds,2,0,458,0.4,3.86,False
txn_002720,2025-03-08 20:54:00,481.12,UPI,PNB,bank_timeout,8,2,572,1.4,0.45,True
txn_002721,2025-04-26 02:00:28,121.41,Netbanking,IDFC,invalid_cvv,26,2,28,1.2,1.56,True
txn_002722,2025-01-17 22:41:42,1566.98,Credit Card,SBI,fraud_block,17,1,445,3.1,,True
txn_002723,2025-04-29 09:21:23,667.96,Netbanking,PNB,invalid_cvv,29,1,631,1.7,0.0,False
txn_002724,2026-01-02 05:11:44,597.13,Credit Card,PNB,bank_timeout,2,3,175,2.9,0.0,True
txn_002725,2026-03-31 13:24:30,3734.27,Debit Card,Axis,bank_timeout,31,0,259,3.2,0.42,True
txn_002726,2025-08-18 00:03:20,3618.27,Wallet,IDFC,invalid_cvv,18,3,257,0.1,1.43,False
txn_002727,2025-02-09 13:15:29,960.07,UPI,HDFC,invalid_cvv,9,0,44,0.4,1.03,True
txn_002728,2025-03-21 17:47:12,552.42,Netbanking,IDFC,network_error,21,1,89,1.9,0.0,True
txn_002729,2026-01-21 00:34:39,74.02,Wallet,Kotak,insufficient_funds,21,0,667,2.6,3.71,True
txn_002730,2025-01-29 18:03:03,832.52,Netbanking,IDFC,invalid_cvv,29,0,350,0.0,0.67,True
txn_002731,2026-01-13 13:34:43,455.33,Wallet,PNB,bank_timeout,13,2,116,1.1,0.5,True
txn_002732,2025-06-30 03:02:13,498.08,Credit Card,HDFC,insufficient_funds,30,1,863,1.4,3.62,True
txn_002733,2025-11-24 18:44:05,2615.25,Wallet,Yes Bank,bank_timeout,24,0,559,4.2,0.0,True
txn_002734,2026-03-06 17:26:00,1056.71,Credit Card,Kotak,network_error,6,0,598,0.3,0.39,True
txn_002735,2026-05-19 13:11:35,438.47,Netbanking,PNB,expired_card,19,0,536,0.4,,False
txn_002736,2025-04-01 19:56:00,829.9,Netbanking,Yes Bank,expired_card,1,4,657,0.3,,False
txn_002737,2025-12-15 05:23:27,935.51,Netbanking,HDFC,fraud_block,15,1,871,0.2,,False
txn_002738,2025-05-06 07:28:23,2348.25,UPI,Axis,insufficient_funds,6,2,151,5.8,3.82,True
txn_002739,2025-12-31 11:16:32,273.65,UPI,PNB,expired_card,31,2,874,1.4,,False
txn_002740,2025-06-30 06:42:56,290.08,Wallet,Axis,network_error,30,2,294,0.6,0.0,True
txn_002741,2026-04-02 10:45:08,3124.39,UPI,PNB,network_error,2,1,792,2.6,0.81,True
txn_002742,2025-04-12 20:58:22,402.96,UPI,IDFC,otp_failure,12,1,508,0.9,1.41,True
txn_002743,2025-11-20 18:51:13,220.73,UPI,PNB,bank_timeout,20,2,326,0.5,0.0,True
txn_002744,2025-05-06 20:22:44,166.7,Wallet,Axis,insufficient_funds,6,1,829,0.9,4.61,False
txn_002745,2025-08-08 09:23:02,1074.45,Credit Card,PNB,network_error,8,0,416,5.1,0.59,True
txn_002746,2025-04-11 06:32:03,227.76,Debit Card,Axis,insufficient_funds,11,0,79,0.5,4.41,True
txn_002747,2025-05-02 09:54:21,414.29,Wallet,PNB,bank_timeout,2,2,24,2.1,0.0,False
txn_002748,2025-03-20 08:58:54,567.16,Netbanking,PNB,insufficient_funds,20,2,484,0.8,3.68,False
txn_002749,2025-08-24 20:28:53,304.66,Debit Card,Axis,invalid_cvv,24,0,695,5.9,0.0,False
txn_002750,2026-03-09 12:04:23,1555.45,Credit Card,HDFC,insufficient_funds,9,1,317,0.9,3.57,False
txn_002751,2025-10-06 16:16:11,237.93,UPI,Yes Bank,bank_timeout,6,1,270,0.4,0.13,False
txn_002752,2026-06-10 18:50:59,422.28,Debit Card,SBI,fraud_block,10,0,877,0.6,,False
txn_002753,2026-01-27 01:31:37,399.65,Credit Card,ICICI,invalid_cvv,27,2,52,2.0,0.22,False
txn_002754,2025-09-20 07:49:55,2362.65,Netbanking,ICICI,bank_timeout,20,2,5,3.1,0.0,True
txn_002755,2026-04-25 16:12:26,517.1,Debit Card,ICICI,fraud_block,25,2,683,3.4,,False
txn_002756,2026-03-13 12:05:36,1454.84,Debit Card,PNB,network_error,13,1,605,1.9,0.0,True
txn_002757,2025-07-20 06:09:10,117.74,UPI,Yes Bank,invalid_cvv,20,1,750,1.2,1.31,False
txn_002758,2025-02-06 06:06:37,1515.43,Wallet,Kotak,bank_timeout,6,2,810,0.2,0.0,True
txn_002759,2025-04-28 10:10:08,660.78,Wallet,ICICI,insufficient_funds,28,0,19,2.4,4.62,True
txn_002760,2026-07-03 16:20:31,227.52,Credit Card,PNB,invalid_cvv,3,1,767,1.0,1.24,False
txn_002761,2025-12-22 01:37:33,1778.41,Credit Card,ICICI,insufficient_funds,22,2,645,6.8,3.78,True
txn_002762,2026-04-20 05:53:49,149.05,Wallet,ICICI,network_error,20,1,670,0.4,0.0,False
txn_002763,2026-03-13 21:15:15,1893.37,Credit Card,ICICI,bank_timeout,13,2,699,0.8,1.04,True
txn_002764,2025-05-10 17:58:07,1528.71,Credit Card,Axis,bank_timeout,10,0,748,4.9,0.02,True
txn_002765,2025-10-08 21:25:44,494.98,Debit Card,Kotak,expired_card,8,2,726,5.0,,True
txn_002766,2026-07-05 01:07:18,1650.38,Netbanking,PNB,insufficient_funds,5,0,85,5.0,3.75,True
txn_002767,2026-07-23 23:45:25,897.42,Credit Card,SBI,bank_timeout,23,0,691,1.5,0.38,True
txn_002768,2026-05-18 14:41:14,634.34,UPI,Yes Bank,insufficient_funds,18,0,438,1.9,3.72,True
txn_002769,2025-04-18 00:15:53,701.58,Credit Card,Axis,network_error,18,3,676,4.2,0.15,True
txn_002770,2025-12-08 01:34:29,1691.42,Netbanking,HDFC,bank_timeout,8,0,254,4.9,0.0,False
txn_002771,2025-07-10 13:01:22,419.33,Netbanking,Yes Bank,otp_failure,10,1,113,1.3,0.04,True
txn_002772,2025-08-11 17:33:43,189.13,Wallet,SBI,bank_timeout,11,1,355,0.5,0.53,True
txn_002773,2025-03-08 04:52:27,370.01,UPI,Yes Bank,network_error,8,1,869,1.6,0.23,True
txn_002774,2026-07-10 12:17:22,293.8,Netbanking,Yes Bank,fraud_block,10,0,746,1.7,,False
txn_002775,2026-05-04 21:37:10,4698.54,Debit Card,SBI,network_error,4,0,115,0.0,0.0,True
txn_002776,2026-02-16 09:23:48,791.18,Netbanking,Axis,insufficient_funds,16,0,9,3.4,4.26,False
txn_002777,2025-04-18 04:24:02,782.61,Netbanking,IDFC,bank_timeout,18,1,382,0.1,0.33,True
txn_002778,2025-11-14 22:04:43,885.6,Netbanking,Yes Bank,invalid_cvv,14,1,33,0.5,1.25,False
txn_002779,2025-01-24 02:49:16,1026.87,Netbanking,SBI,insufficient_funds,24,0,357,0.5,4.13,False
txn_002780,2025-01-08 17:27:26,322.83,Wallet,ICICI,network_error,8,2,778,5.6,0.56,True
txn_002781,2025-03-07 20:22:49,807.48,UPI,Yes Bank,bank_timeout,7,2,133,2.9,0.13,True
txn_002782,2025-11-08 23:18:53,614.22,Debit Card,IDFC,otp_failure,8,3,881,1.3,0.17,False
txn_002783,2025-02-17 17:51:09,1858.74,Netbanking,HDFC,bank_timeout,17,0,878,3.2,0.38,True
txn_002784,2026-05-28 18:34:32,722.54,Debit Card,HDFC,otp_failure,28,5,750,2.4,0.0,True
txn_002785,2026-05-06 14:01:05,503.63,Wallet,Kotak,otp_failure,6,1,172,0.2,0.25,True
txn_002786,2025-11-22 16:25:02,1088.93,Netbanking,Kotak,expired_card,22,3,602,0.9,,False
txn_002787,2026-07-15 10:41:10,480.38,UPI,Yes Bank,invalid_cvv,15,3,155,3.0,0.52,False
txn_002788,2025-01-07 03:18:29,597.57,UPI,SBI,insufficient_funds,7,2,625,0.2,5.02,True
txn_002789,2026-06-28 22:26:46,2573.83,Netbanking,PNB,network_error,28,1,594,2.7,0.82,True
txn_002790,2026-05-16 02:46:51,236.99,Debit Card,PNB,network_error,16,0,623,2.6,0.12,True
txn_002791,2026-06-26 17:48:04,982.24,UPI,IDFC,network_error,26,1,156,1.0,0.0,True
txn_002792,2025-06-03 05:51:33,97.65,UPI,ICICI,otp_failure,3,3,445,0.7,0.38,False
txn_002793,2025-01-29 17:10:26,629.69,Wallet,Yes Bank,otp_failure,29,0,881,2.8,0.0,True
txn_002794,2025-10-30 22:00:23,293.38,Debit Card,Kotak,insufficient_funds,30,3,61,5.9,3.42,False
txn_002795,2025-06-16 00:18:00,1372.97,Credit Card,Kotak,fraud_block,16,1,718,2.3,,False
txn_002796,2026-02-09 22:24:17,1918.58,UPI,SBI,bank_timeout,9,0,163,0.1,0.45,True
txn_002797,2025-01-19 04:36:46,1374.61,Credit Card,Kotak,bank_timeout,19,1,261,0.7,0.85,True
txn_002798,2025-07-07 10:53:58,581.7,UPI,IDFC,insufficient_funds,7,0,25,2.5,2.8,False
txn_002799,2026-01-28 11:00:03,135.07,Credit Card,HDFC,network_error,28,0,111,2.4,0.22,True
txn_002800,2025-10-17 16:49:48,460.64,UPI,Yes Bank,insufficient_funds,17,1,456,0.8,3.96,False
txn_002801,2025-04-07 04:02:31,452.41,Credit Card,ICICI,network_error,7,3,327,11.3,0.28,False
txn_002802,2025-12-15 13:03:42,1433.81,UPI,HDFC,expired_card,15,1,175,7.3,,True
txn_002803,2025-12-18 23:16:31,231.9,UPI,Axis,insufficient_funds,18,1,318,4.3,3.61,False
txn_002804,2026-03-28 17:41:40,186.8,Wallet,Axis,insufficient_funds,28,1,752,1.2,4.01,True
txn_002805,2025-09-30 02:45:27,948.05,UPI,Kotak,otp_failure,30,2,530,4.9,0.5,True
txn_002806,2026-06-03 00:20:02,1623.65,Wallet,SBI,bank_timeout,3,0,808,0.9,0.57,True
txn_002807,2026-07-09 20:28:02,202.68,Netbanking,Axis,fraud_block,9,1,213,2.8,,False
txn_002808,2025-03-23 17:34:19,294.69,UPI,Axis,otp_failure,23,2,314,3.1,0.0,False
txn_002809,2025-10-08 14:30:53,945.92,Netbanking,ICICI,network_error,8,0,848,0.8,0.47,True
txn_002810,2025-04-24 19:57:02,474.7,Netbanking,IDFC,otp_failure,24,1,443,1.5,0.0,True
txn_002811,2025-03-05 15:36:21,509.64,Credit Card,HDFC,network_error,5,2,726,0.2,0.02,True
txn_002812,2025-11-27 00:27:45,294.12,Debit Card,PNB,insufficient_funds,27,1,22,0.3,3.58,False
txn_002813,2025-06-16 19:52:17,339.26,Netbanking,ICICI,bank_timeout,16,0,878,0.3,0.61,True
txn_002814,2025-10-14 20:08:35,148.0,Wallet,IDFC,otp_failure,14,0,669,0.4,0.0,True
txn_002815,2026-04-02 21:34:41,110.48,Wallet,IDFC,insufficient_funds,2,1,124,0.8,3.55,True
txn_002816,2025-07-24 19:36:25,757.75,Wallet,PNB,network_error,24,5,672,0.2,0.24,True
txn_002817,2026-05-10 08:29:44,507.43,Netbanking,PNB,otp_failure,10,2,175,1.1,0.6,True
txn_002818,2026-06-20 04:13:25,73.37,Netbanking,IDFC,network_error,20,2,271,5.4,0.0,True
txn_002819,2025-05-07 11:36:33,134.14,Debit Card,SBI,network_error,7,1,895,0.6,0.07,True
txn_002820,2026-01-12 12:39:48,1026.98,Netbanking,SBI,otp_failure,12,3,582,4.7,0.12,False
txn_002821,2026-07-02 05:17:31,527.75,Wallet,ICICI,fraud_block,2,0,715,1.2,,False
txn_002822,2026-06-24 09:52:20,650.23,Debit Card,PNB,network_error,24,3,707,3.2,0.0,True
txn_002823,2026-01-03 15:59:14,552.36,Credit Card,SBI,insufficient_funds,3,1,677,1.8,3.98,True
txn_002824,2026-03-11 05:00:46,401.11,UPI,ICICI,bank_timeout,11,0,637,2.8,0.62,True
txn_002825,2026-04-13 06:38:26,958.3,Netbanking,ICICI,insufficient_funds,13,2,528,0.4,3.3,True
txn_002826,2025-04-04 21:06:48,571.95,UPI,Kotak,insufficient_funds,4,0,432,2.0,4.33,False
txn_002827,2025-02-01 06:54:48,419.96,Wallet,SBI,insufficient_funds,1,1,741,0.4,4.55,True
txn_002828,2025-04-02 10:52:26,382.95,UPI,Kotak,insufficient_funds,2,0,61,0.3,3.59,True
txn_002829,2025-10-18 20:26:09,5525.79,UPI,Kotak,insufficient_funds,18,1,378,8.9,3.3,False
txn_002830,2026-01-13 10:18:31,2577.94,Credit Card,SBI,otp_failure,13,2,300,1.1,0.0,True
txn_002831,2025-04-21 09:40:40,92.14,Wallet,IDFC,bank_timeout,21,1,532,11.5,0.37,False
txn_002832,2025-02-07 18:55:16,2494.87,UPI,Kotak,insufficient_funds,7,3,842,2.0,4.29,False
txn_002833,2025-06-17 10:43:46,706.6,Debit Card,PNB,invalid_cvv,17,1,359,3.3,1.37,True
txn_002834,2025-01-02 14:52:52,505.67,Credit Card,Yes Bank,fraud_block,2,0,322,0.5,,False
txn_002835,2025-02-22 11:29:39,1225.72,Credit Card,IDFC,expired_card,22,0,493,1.1,,False
txn_002836,2026-01-09 17:46:43,854.8,Wallet,Kotak,otp_failure,9,2,324,1.5,0.0,True
txn_002837,2026-03-16 10:36:17,727.15,Netbanking,Yes Bank,network_error,16,0,394,0.1,0.65,True
txn_002838,2025-10-21 01:29:12,880.33,Netbanking,SBI,insufficient_funds,21,1,10,1.8,4.49,True
txn_002839,2025-04-18 14:14:33,163.42,Wallet,PNB,expired_card,18,2,171,1.0,,False
txn_002840,2025-12-16 11:17:30,5514.03,Netbanking,SBI,expired_card,16,0,571,4.0,,False
txn_002841,2026-07-20 08:22:16,1105.85,UPI,ICICI,insufficient_funds,20,0,477,0.7,4.38,False
txn_002842,2026-05-01 06:33:53,375.08,Wallet,IDFC,insufficient_funds,1,1,881,1.8,3.69,True
txn_002843,2025-10-28 18:35:09,1551.1,Debit Card,IDFC,otp_failure,28,4,463,0.1,0.92,False
txn_002844,2025-09-21 07:22:42,225.72,Wallet,HDFC,insufficient_funds,21,2,202,0.6,3.79,False
txn_002845,2026-06-05 17:58:44,888.3,Netbanking,Kotak,insufficient_funds,5,1,588,2.7,3.86,True
txn_002846,2026-05-17 16:45:24,380.42,Credit Card,SBI,invalid_cvv,17,3,137,1.8,1.32,False
txn_002847,2026-07-04 07:19:27,335.77,Credit Card,Kotak,insufficient_funds,4,0,283,0.6,3.72,True
txn_002848,2026-03-12 18:37:29,181.7,Credit Card,ICICI,fraud_block,12,2,260,2.5,,False
txn_002849,2025-05-30 11:05:39,1409.99,Wallet,HDFC,insufficient_funds,30,1,516,0.2,4.43,True
txn_002850,2026-03-19 22:07:32,1269.21,Wallet,Axis,network_error,19,1,765,3.9,0.0,True
txn_002851,2026-01-05 14:13:12,316.28,Wallet,HDFC,bank_timeout,5,4,675,0.8,0.0,True
txn_002852,2025-04-04 10:14:27,358.72,Wallet,SBI,insufficient_funds,4,1,168,4.3,4.09,True
txn_002853,2025-01-15 17:41:35,270.37,UPI,Axis,insufficient_funds,15,5,543,3.1,3.82,False
txn_002854,2025-07-10 12:28:31,577.59,Wallet,PNB,bank_timeout,10,0,566,5.1,0.36,True
txn_002855,2025-03-07 17:57:07,431.18,Wallet,Yes Bank,fraud_block,7,0,164,1.1,,True
txn_002856,2025-11-09 02:03:18,761.37,Wallet,HDFC,otp_failure,9,1,561,0.3,0.87,False
txn_002857,2026-01-17 17:43:17,221.38,Credit Card,Yes Bank,network_error,17,2,496,0.1,0.72,True
txn_002858,2025-12-06 10:35:42,2647.73,Debit Card,IDFC,otp_failure,6,0,9,2.5,0.67,False
txn_002859,2025-01-19 16:27:13,1285.78,Wallet,Yes Bank,expired_card,19,0,889,1.3,,False
txn_002860,2025-10-24 17:12:03,577.79,UPI,ICICI,invalid_cvv,24,0,55,0.6,1.04,False
txn_002861,2025-03-31 01:07:50,505.13,Credit Card,SBI,invalid_cvv,31,1,805,4.6,0.84,True
txn_002862,2025-08-10 15:20:30,345.51,Debit Card,SBI,bank_timeout,10,3,783,1.0,0.0,True
txn_002863,2025-07-18 11:52:53,1880.28,Credit Card,SBI,expired_card,18,2,436,5.6,,False
txn_002864,2025-08-27 07:03:31,349.53,Netbanking,SBI,expired_card,27,4,730,2.2,,False
txn_002865,2025-02-15 18:13:53,173.16,Wallet,Yes Bank,expired_card,15,3,850,1.8,,False
txn_002866,2025-05-21 22:37:09,413.25,Credit Card,HDFC,bank_timeout,21,0,597,1.9,0.06,True
txn_002867,2025-08-20 11:34:34,318.1,Netbanking,ICICI,otp_failure,20,0,200,0.5,0.0,False
txn_002868,2025-09-06 14:00:19,996.34,Debit Card,IDFC,insufficient_funds,6,0,433,5.5,4.51,True
txn_002869,2025-09-09 19:51:27,258.42,UPI,IDFC,otp_failure,9,0,458,0.4,0.15,False
txn_002870,2025-04-04 22:58:28,457.89,Credit Card,Axis,insufficient_funds,4,1,526,0.6,3.82,True
txn_002871,2025-07-06 02:53:44,894.0,Wallet,Axis,invalid_cvv,6,2,339,5.5,0.73,True
txn_002872,2026-01-18 21:48:10,613.4,Wallet,IDFC,insufficient_funds,18,0,238,1.8,3.59,False
txn_002873,2025-03-31 09:16:20,1852.67,UPI,HDFC,invalid_cvv,31,3,844,1.1,1.26,False
txn_002874,2025-09-05 06:13:17,668.1,Netbanking,IDFC,otp_failure,5,1,325,3.8,0.29,False
txn_002875,2025-02-20 20:13:46,179.36,Netbanking,HDFC,bank_timeout,20,0,69,0.0,0.29,True
txn_002876,2025-11-13 12:14:05,276.4,Debit Card,HDFC,invalid_cvv,13,0,572,1.2,0.82,False
txn_002877,2025-07-29 01:30:04,1287.26,Wallet,ICICI,bank_timeout,29,3,160,3.2,0.4,True
txn_002878,2025-07-11 07:39:53,313.49,Wallet,SBI,bank_timeout,11,1,273,5.9,0.0,False
txn_002879,2025-08-25 14:23:41,399.34,Wallet,IDFC,bank_timeout,25,2,666,0.6,0.68,False
txn_002880,2025-12-13 09:42:42,845.76,Credit Card,Axis,invalid_cvv,13,2,560,0.8,0.32,True
txn_002881,2025-04-21 13:54:49,1133.52,UPI,SBI,otp_failure,21,3,422,0.7,0.97,False
txn_002882,2025-07-10 10:08:28,564.17,Wallet,IDFC,insufficient_funds,10,2,257,1.6,4.43,False
txn_002883,2026-03-08 04:47:16,151.34,Netbanking,HDFC,bank_timeout,8,0,699,0.4,0.46,True
txn_002884,2025-01-01 18:39:39,1155.02,Netbanking,Kotak,network_error,1,0,521,2.3,0.24,True
txn_002885,2026-05-23 05:53:57,3680.52,Debit Card,HDFC,invalid_cvv,23,3,789,1.2,1.83,False
txn_002886,2025-02-16 17:44:37,1095.24,Netbanking,Kotak,fraud_block,16,1,732,0.8,,False
txn_002887,2026-04-10 09:03:45,103.96,UPI,IDFC,bank_timeout,10,1,6,1.3,0.65,True
txn_002888,2025-09-30 22:54:17,216.1,Debit Card,Kotak,insufficient_funds,30,3,821,1.7,3.71,False
txn_002889,2025-02-05 07:53:48,704.59,Debit Card,ICICI,insufficient_funds,5,1,768,1.4,3.88,True
txn_002890,2025-08-22 12:18:18,628.28,Credit Card,IDFC,network_error,22,1,758,5.1,0.07,False
txn_002891,2026-06-27 11:39:57,659.86,Credit Card,SBI,insufficient_funds,27,1,680,3.1,4.16,True
txn_002892,2026-07-18 04:21:17,232.16,Wallet,Kotak,bank_timeout,18,3,809,3.4,0.35,True
txn_002893,2025-12-02 12:21:48,138.69,Debit Card,Yes Bank,otp_failure,2,1,251,7.2,0.1,False
txn_002894,2026-06-14 19:17:02,576.41,UPI,Kotak,insufficient_funds,14,1,135,1.3,4.04,False
txn_002895,2026-07-04 17:29:33,88.1,Netbanking,Kotak,insufficient_funds,4,2,899,0.5,4.74,False
txn_002896,2025-07-11 00:26:07,2124.26,UPI,Yes Bank,otp_failure,11,3,779,0.3,0.0,False
txn_002897,2025-06-13 14:18:50,415.79,Netbanking,Yes Bank,otp_failure,13,6,882,0.4,0.0,False
txn_002898,2025-01-13 07:55:27,271.38,Debit Card,HDFC,otp_failure,13,1,870,1.6,0.65,True
txn_002899,2026-04-18 20:36:27,353.69,Netbanking,HDFC,bank_timeout,18,1,247,1.2,0.0,True
txn_002900,2025-01-08 10:33:29,1596.12,Debit Card,IDFC,bank_timeout,8,2,150,1.5,0.26,True
txn_002901,2026-03-08 16:41:19,442.93,Netbanking,IDFC,fraud_block,8,5,337,2.8,,False
txn_002902,2026-02-22 23:29:50,1421.18,Credit Card,ICICI,network_error,22,3,658,0.7,1.39,False
txn_002903,2026-02-23 09:09:04,4607.06,Credit Card,PNB,otp_failure,23,3,558,0.9,0.0,False
txn_002904,2026-06-07 03:34:19,426.7,Credit Card,Yes Bank,bank_timeout,7,0,324,1.0,0.0,False
txn_002905,2025-10-20 08:09:55,2888.97,Wallet,Yes Bank,otp_failure,20,1,799,1.3,0.0,True
txn_002906,2025-10-28 09:33:42,4249.95,Debit Card,HDFC,expired_card,28,1,655,5.4,,False
txn_002907,2025-04-07 21:46:01,540.17,Netbanking,Yes Bank,otp_failure,7,1,319,4.1,0.0,False
txn_002908,2025-05-30 21:36:37,215.2,Netbanking,HDFC,invalid_cvv,30,2,610,1.0,1.71,True
txn_002909,2025-06-22 01:26:46,776.46,Credit Card,Kotak,invalid_cvv,22,0,873,2.1,0.66,True
txn_002910,2026-06-13 14:27:09,137.96,UPI,Axis,bank_timeout,13,3,683,2.2,0.13,True
txn_002911,2025-03-11 21:05:50,605.5,Wallet,Kotak,otp_failure,11,0,829,0.7,0.25,False
txn_002912,2026-07-12 12:56:22,5222.81,Debit Card,Axis,network_error,12,0,280,2.1,0.0,True
txn_002913,2026-01-19 13:15:38,265.03,UPI,HDFC,invalid_cvv,19,2,13,2.0,1.02,False
txn_002914,2025-08-07 01:40:40,665.52,Netbanking,Axis,bank_timeout,7,1,771,1.4,0.11,True
txn_002915,2025-01-06 13:00:48,635.36,Debit Card,IDFC,expired_card,6,1,598,0.3,,False
txn_002916,2025-03-28 04:11:35,624.35,UPI,PNB,bank_timeout,28,3,599,0.1,0.0,True
txn_002917,2025-05-13 09:55:24,90.14,Wallet,Axis,otp_failure,13,1,419,3.3,0.32,True
txn_002918,2026-05-28 12:16:46,1303.39,Wallet,SBI,expired_card,28,0,875,1.6,,False
txn_002919,2025-02-20 18:24:37,3965.16,Wallet,SBI,bank_timeout,20,0,7,6.3,0.68,False
txn_002920,2025-02-20 12:36:26,501.91,Debit Card,Kotak,insufficient_funds,20,5,33,8.9,4.03,False
txn_002921,2026-03-19 15:46:02,2110.78,Debit Card,Kotak,insufficient_funds,19,1,845,2.4,4.38,False
txn_002922,2025-05-30 00:22:19,810.51,Credit Card,Kotak,bank_timeout,30,0,537,3.1,0.3,True
txn_002923,2026-06-13 16:48:05,58.84,Wallet,PNB,insufficient_funds,13,4,400,1.1,4.35,False
txn_002924,2025-01-02 12:26:35,2605.55,Netbanking,HDFC,insufficient_funds,2,2,644,0.1,3.66,False
txn_002925,2025-09-08 21:08:33,124.06,Netbanking,IDFC,insufficient_funds,8,0,395,1.0,4.49,False
txn_002926,2025-08-01 20:23:37,2951.56,Credit Card,PNB,bank_timeout,1,1,673,1.4,0.0,True
txn_002927,2026-01-20 22:10:56,1381.66,UPI,HDFC,network_error,20,0,660,1.3,0.63,False
txn_002928,2026-07-15 04:31:13,1033.39,Debit Card,HDFC,otp_failure,15,2,99,1.2,0.0,True
txn_002929,2025-08-04 21:02:49,661.69,Netbanking,PNB,bank_timeout,4,3,94,1.4,0.21,True
txn_002930,2025-09-03 15:10:39,459.05,Credit Card,IDFC,expired_card,3,0,383,1.0,,False
txn_002931,2025-06-01 03:45:31,328.27,UPI,ICICI,insufficient_funds,1,1,727,1.7,5.1,False
txn_002932,2026-03-21 03:29:24,106.85,Credit Card,Axis,expired_card,21,0,777,1.0,,False
txn_002933,2026-06-20 14:07:27,689.41,Netbanking,ICICI,insufficient_funds,20,1,568,5.0,4.66,True
txn_002934,2025-07-14 04:02:33,944.98,Debit Card,SBI,invalid_cvv,14,2,535,0.1,0.0,False
txn_002935,2025-09-13 17:11:31,433.52,UPI,ICICI,insufficient_funds,13,1,524,0.1,3.6,False
txn_002936,2026-05-02 05:23:12,422.24,Credit Card,HDFC,otp_failure,2,1,358,0.8,0.68,False
txn_002937,2026-01-08 19:13:21,368.32,Netbanking,HDFC,otp_failure,8,1,128,1.7,0.0,True
txn_002938,2026-04-06 05:34:26,407.57,UPI,Kotak,bank_timeout,6,1,394,0.5,0.25,True
txn_002939,2025-07-11 23:16:35,199.71,Credit Card,PNB,bank_timeout,11,0,699,0.5,0.02,True
txn_002940,2025-07-05 03:20:15,559.06,UPI,HDFC,invalid_cvv,5,5,508,0.8,0.0,False
txn_002941,2025-09-17 02:32:22,1178.6,Wallet,Axis,insufficient_funds,17,1,272,2.7,4.81,False
txn_002942,2025-02-26 15:09:23,1774.78,Wallet,PNB,otp_failure,26,1,881,3.3,0.0,False
txn_002943,2025-03-16 07:25:55,2661.86,Netbanking,ICICI,network_error,16,1,749,2.0,0.0,True
txn_002944,2025-03-08 10:28:56,441.57,Credit Card,HDFC,expired_card,8,1,43,0.7,,True
txn_002945,2025-10-21 03:09:18,292.75,UPI,ICICI,bank_timeout,21,1,547,1.0,0.41,True
txn_002946,2025-04-10 01:26:22,296.01,Credit Card,PNB,insufficient_funds,10,2,217,0.4,4.05,True
txn_002947,2025-02-12 13:20:16,172.47,UPI,IDFC,otp_failure,12,0,791,0.5,0.0,True
txn_002948,2025-02-21 02:25:09,1077.79,Credit Card,HDFC,fraud_block,21,0,449,3.6,,False
txn_002949,2026-03-11 09:19:32,312.84,Credit Card,Kotak,otp_failure,11,0,469,2.6,0.0,True
txn_002950,2025-10-24 06:50:44,100.46,Netbanking,ICICI,otp_failure,24,2,103,0.0,0.46,True
txn_002951,2026-04-25 11:20:34,178.74,Netbanking,Axis,otp_failure,25,1,21,3.4,0.0,True
txn_002952,2026-04-11 16:54:14,4267.46,Wallet,HDFC,expired_card,11,0,635,4.5,,False
txn_002953,2025-12-19 04:11:53,310.06,Netbanking,PNB,fraud_block,19,3,36,0.7,,False
txn_002954,2025-11-29 12:28:09,720.46,Wallet,ICICI,bank_timeout,29,4,346,0.4,0.0,True
txn_002955,2025-09-21 18:54:35,635.78,Credit Card,PNB,insufficient_funds,21,1,550,1.0,3.94,True
txn_002956,2026-02-06 17:32:49,700.41,UPI,Axis,expired_card,6,0,843,3.5,,False
txn_002957,2025-03-25 21:23:19,1793.86,Credit Card,HDFC,insufficient_funds,25,0,533,3.0,3.98,True
txn_002958,2026-04-08 06:52:05,612.57,Credit Card,Axis,bank_timeout,8,1,662,0.7,0.23,True
txn_002959,2026-03-22 05:26:55,1469.78,Debit Card,Kotak,otp_failure,22,1,581,4.3,0.0,False
txn_002960,2025-10-04 00:58:20,2903.01,Netbanking,PNB,expired_card,4,1,175,2.6,,False
txn_002961,2026-07-17 19:57:08,1232.82,Wallet,PNB,bank_timeout,17,2,759,0.5,0.69,True
txn_002962,2025-05-25 09:51:48,731.28,Debit Card,SBI,insufficient_funds,25,2,74,3.5,3.88,False
txn_002963,2025-02-04 05:32:20,605.73,Credit Card,SBI,expired_card,4,0,205,1.3,,False
txn_002964,2025-08-31 01:53:28,323.8,Wallet,IDFC,insufficient_funds,31,0,225,0.6,3.21,True
txn_002965,2026-02-03 13:21:25,2104.48,UPI,Kotak,expired_card,3,0,93,1.3,,False
txn_002966,2026-03-30 08:19:16,1199.24,Wallet,SBI,network_error,30,0,898,0.5,0.58,True
txn_002967,2025-04-25 11:54:14,706.76,Netbanking,Kotak,network_error,25,1,21,0.2,0.4,True
txn_002968,2026-04-14 14:52:36,2482.59,UPI,Kotak,insufficient_funds,14,2,825,0.2,3.91,False
txn_002969,2025-10-14 11:29:21,333.91,Credit Card,SBI,bank_timeout,14,1,792,1.1,0.0,True
txn_002970,2025-02-14 12:28:42,1250.02,Debit Card,HDFC,expired_card,14,0,179,0.3,,False
txn_002971,2025-11-24 19:47:23,226.16,UPI,Axis,bank_timeout,24,0,515,6.3,0.0,True
txn_002972,2025-06-05 15:12:10,1432.59,Debit Card,ICICI,insufficient_funds,5,1,387,0.9,3.39,True
txn_002973,2025-09-23 06:59:21,420.36,Debit Card,PNB,bank_timeout,23,1,118,1.4,0.13,True
txn_002974,2026-06-24 15:40:02,1271.87,Netbanking,Yes Bank,insufficient_funds,24,1,153,1.8,3.88,True
txn_002975,2026-03-26 06:21:28,1803.63,Wallet,Yes Bank,insufficient_funds,26,2,267,6.8,3.98,False
txn_002976,2026-04-24 12:59:41,275.79,UPI,IDFC,insufficient_funds,24,1,258,2.8,4.13,True
txn_002977,2025-09-13 05:54:11,512.54,Debit Card,ICICI,insufficient_funds,13,0,593,4.5,3.94,False
txn_002978,2025-12-19 20:48:17,242.65,Credit Card,PNB,bank_timeout,19,1,590,0.6,0.86,True
txn_002979,2025-06-20 10:01:19,505.0,Credit Card,Axis,fraud_block,20,2,892,1.8,,False
txn_002980,2026-06-23 10:34:04,195.82,Debit Card,PNB,otp_failure,23,1,827,0.0,0.0,True
txn_002981,2026-04-30 14:42:43,2489.9,Debit Card,Axis,insufficient_funds,30,2,585,5.0,4.36,True
txn_002982,2026-01-09 09:45:31,2166.35,UPI,IDFC,insufficient_funds,9,0,837,1.8,3.8,False
txn_002983,2025-06-09 11:22:27,1002.4,Netbanking,SBI,bank_timeout,9,0,383,5.3,0.0,True
txn_002984,2025-01-06 05:22:13,854.9,UPI,HDFC,insufficient_funds,6,1,651,1.8,3.12,False
txn_002985,2025-02-27 06:26:54,1158.98,UPI,HDFC,bank_timeout,27,2,523,11.1,0.76,True
txn_002986,2026-03-07 20:12:03,1726.73,Credit Card,SBI,expired_card,7,2,149,2.9,,False
txn_002987,2025-08-14 16:43:59,557.13,Netbanking,Axis,expired_card,14,1,484,1.7,,False
txn_002988,2026-05-06 08:55:46,361.46,Wallet,Yes Bank,network_error,6,1,27,3.0,0.56,True
txn_002989,2025-02-04 02:26:42,1216.8,Credit Card,Axis,bank_timeout,4,3,752,3.9,0.0,True
txn_002990,2025-06-03 15:43:30,705.29,UPI,SBI,expired_card,3,1,777,0.2,,False
txn_002991,2025-06-20 01:25:52,2056.8,UPI,SBI,network_error,20,1,357,1.7,0.0,True
txn_002992,2025-09-21 22:39:25,3710.92,Wallet,Axis,insufficient_funds,21,2,507,1.4,4.07,False
txn_002993,2025-05-19 16:15:12,573.62,Debit Card,HDFC,otp_failure,19,6,24,4.1,0.0,False
txn_002994,2025-05-17 18:19:15,1541.59,UPI,ICICI,network_error,17,2,250,1.8,0.48,True
txn_002995,2025-01-17 07:21:07,384.22,Debit Card,IDFC,expired_card,17,1,6,1.1,,False
txn_002996,2026-05-24 15:38:47,724.64,Credit Card,Yes Bank,insufficient_funds,24,0,500,1.0,2.92,True
txn_002997,2025-06-13 07:06:31,907.06,UPI,PNB,otp_failure,13,1,179,5.5,0.0,True
txn_002998,2025-07-06 12:43:09,132.09,UPI,Yes Bank,expired_card,6,1,287,6.5,,False
txn_002999,2026-05-29 08:13:53,338.81,Debit Card,IDFC,expired_card,29,4,876,1.3,,False
txn_003000,2026-07-07 04:55:19,522.91,Credit Card,ICICI,insufficient_funds,7,3,891,0.1,4.4,False
txn_003001,2025-04-23 04:24:43,204.09,Debit Card,Axis,bank_timeout,23,2,595,1.5,0.07,False
txn_003002,2025-05-29 21:11:53,565.02,Wallet,IDFC,bank_timeout,29,0,337,0.8,0.0,True
txn_003003,2026-06-24 07:41:41,2528.94,UPI,Yes Bank,insufficient_funds,24,2,528,0.8,3.81,False
txn_003004,2026-04-11 16:24:23,401.24,Netbanking,Axis,expired_card,11,0,38,0.0,,False
txn_003005,2025-02-05 21:08:26,9095.5,Wallet,Axis,bank_timeout,5,0,813,0.6,0.0,True
txn_003006,2026-02-20 21:51:12,1331.54,UPI,SBI,expired_card,20,3,674,0.2,,False
txn_003007,2025-09-12 12:24:33,868.55,Debit Card,HDFC,bank_timeout,12,1,682,0.0,0.0,True
txn_003008,2026-05-04 21:58:07,1455.99,UPI,SBI,invalid_cvv,4,1,817,0.5,0.15,False
txn_003009,2026-01-30 18:49:47,5213.39,Wallet,PNB,otp_failure,30,1,342,2.2,0.0,True
txn_003010,2025-06-12 12:28:15,1262.24,Credit Card,PNB,insufficient_funds,12,2,644,0.5,3.97,True
txn_003011,2026-05-31 08:34:38,273.81,Wallet,ICICI,bank_timeout,31,3,647,3.6,0.0,False
txn_003012,2025-05-11 01:11:14,1190.94,Wallet,IDFC,insufficient_funds,11,0,315,2.4,3.4,True
txn_003013,2026-05-17 01:00:19,1000.87,Wallet,Yes Bank,expired_card,17,2,394,0.5,,False
txn_003014,2026-01-23 06:20:59,528.95,Wallet,PNB,insufficient_funds,23,1,137,1.2,4.57,False
txn_003015,2025-05-20 00:46:27,246.61,UPI,Yes Bank,insufficient_funds,20,1,682,1.7,5.02,False
txn_003016,2026-02-13 03:34:35,159.58,Netbanking,PNB,bank_timeout,13,2,431,3.4,0.0,True
txn_003017,2026-01-03 23:29:31,387.95,UPI,IDFC,fraud_block,3,0,259,2.9,,False
txn_003018,2026-05-11 15:09:01,836.28,Wallet,HDFC,insufficient_funds,11,0,311,0.8,3.69,True
txn_003019,2025-06-10 22:28:49,393.39,Debit Card,Axis,bank_timeout,10,0,123,1.1,0.29,True
txn_003020,2025-12-18 03:22:59,2243.13,Debit Card,IDFC,invalid_cvv,18,2,673,0.6,0.91,False
txn_003021,2025-06-19 18:52:56,511.12,UPI,IDFC,network_error,19,1,168,3.2,0.05,True
txn_003022,2025-10-20 21:20:09,235.76,Wallet,SBI,bank_timeout,20,1,516,1.0,0.0,True
txn_003023,2025-10-18 13:51:59,895.59,UPI,ICICI,invalid_cvv,18,0,463,1.8,1.3,False
txn_003024,2025-04-15 08:05:54,834.93,Credit Card,Kotak,otp_failure,15,2,663,1.1,0.0,False
txn_003025,2025-12-12 06:10:46,1189.09,Wallet,Yes Bank,bank_timeout,12,1,337,3.9,1.15,True
txn_003026,2025-06-28 18:49:15,442.92,Wallet,HDFC,invalid_cvv,28,1,216,2.0,1.31,True
txn_003027,2025-12-28 08:56:47,818.78,Wallet,Yes Bank,network_error,28,1,861,4.5,0.0,True
txn_003028,2025-11-27 23:07:24,1559.95,Netbanking,PNB,invalid_cvv,27,0,210,0.3,1.2,False
txn_003029,2025-12-02 22:29:23,999.36,Netbanking,Yes Bank,invalid_cvv,2,4,191,3.7,1.61,False
txn_003030,2026-01-22 10:52:29,2014.21,UPI,Kotak,invalid_cvv,22,2,152,0.4,0.74,False
txn_003031,2025-10-24 23:54:38,1899.88,Credit Card,SBI,expired_card,24,2,368,2.0,,False
txn_003032,2025-12-10 01:40:13,883.44,Debit Card,Kotak,insufficient_funds,10,1,21,2.6,3.86,False
txn_003033,2026-05-17 06:17:11,2729.18,Credit Card,Yes Bank,bank_timeout,17,3,547,2.1,0.07,False
txn_003034,2025-03-06 00:23:32,101.8,UPI,ICICI,insufficient_funds,6,0,853,1.8,3.42,False
txn_003035,2025-08-03 16:56:04,623.03,Debit Card,ICICI,fraud_block,3,3,101,8.2,,False
txn_003036,2025-04-03 02:38:18,337.96,Credit Card,Yes Bank,bank_timeout,3,2,570,1.0,0.0,True
txn_003037,2025-01-30 17:37:00,565.79,Wallet,Axis,expired_card,30,1,373,0.1,,False
txn_003038,2025-09-17 05:41:49,359.95,Debit Card,Yes Bank,otp_failure,17,3,348,1.4,0.03,False
txn_003039,2025-07-14 04:46:42,3582.51,UPI,Kotak,insufficient_funds,14,1,219,1.2,3.89,True
txn_003040,2025-05-29 01:49:57,616.2,Wallet,SBI,insufficient_funds,29,0,86,2.1,4.13,False
txn_003041,2026-07-11 06:39:45,113.22,Wallet,Kotak,otp_failure,11,2,59,4.8,0.39,True
txn_003042,2025-01-07 15:04:58,162.24,UPI,Kotak,bank_timeout,7,3,572,5.5,0.09,True
txn_003043,2025-09-27 05:41:43,577.5,Netbanking,IDFC,invalid_cvv,27,1,502,1.7,0.01,True
txn_003044,2026-03-27 11:07:19,1858.22,Credit Card,PNB,network_error,27,0,128,0.9,0.44,True
txn_003045,2026-05-24 01:08:26,1436.02,Wallet,SBI,insufficient_funds,24,1,154,0.7,4.44,True
txn_003046,2025-11-05 18:02:08,883.6,Debit Card,Axis,insufficient_funds,5,1,459,0.3,4.16,True
txn_003047,2026-07-16 19:57:29,704.42,Debit Card,PNB,bank_timeout,16,2,892,1.2,0.24,True
txn_003048,2025-07-01 12:54:57,2716.68,Wallet,PNB,invalid_cvv,1,0,853,0.6,0.71,False
txn_003049,2026-07-16 04:34:08,44.6,Netbanking,Yes Bank,otp_failure,16,2,328,7.9,0.27,True
txn_003050,2025-03-08 16:50:31,587.88,UPI,Axis,fraud_block,8,1,149,0.6,,False
txn_003051,2025-11-30 01:16:49,135.49,Netbanking,Axis,insufficient_funds,30,1,392,3.5,4.34,True
txn_003052,2025-12-07 17:36:10,885.07,Netbanking,HDFC,bank_timeout,7,4,120,2.0,0.05,False
txn_003053,2025-10-19 00:55:02,521.63,Debit Card,SBI,insufficient_funds,19,1,273,3.7,4.7,False
txn_003054,2025-08-26 08:16:25,640.13,Credit Card,PNB,insufficient_funds,26,3,238,3.8,3.78,False
txn_003055,2026-05-27 17:49:09,366.93,UPI,Yes Bank,bank_timeout,27,0,377,0.1,0.12,False
txn_003056,2025-06-25 03:27:00,70.69,Netbanking,IDFC,insufficient_funds,25,1,140,2.8,4.89,True
txn_003057,2026-06-17 15:32:42,1642.79,Netbanking,Kotak,insufficient_funds,17,3,733,2.4,4.78,True
txn_003058,2025-09-11 06:33:45,293.0,Wallet,HDFC,network_error,11,0,385,0.8,0.0,True
txn_003059,2026-03-17 20:24:36,352.55,Credit Card,SBI,otp_failure,17,1,53,2.5,0.0,True
txn_003060,2025-04-30 09:00:44,423.81,UPI,IDFC,insufficient_funds,30,4,574,1.5,4.72,False
txn_003061,2025-10-24 04:17:35,2366.02,Debit Card,IDFC,otp_failure,24,0,261,0.8,0.9,True
txn_003062,2025-02-19 11:37:35,578.34,Wallet,IDFC,insufficient_funds,19,1,606,1.3,4.66,False
txn_003063,2025-05-27 06:53:14,341.61,Netbanking,ICICI,network_error,27,3,522,1.7,1.03,False
txn_003064,2025-09-13 10:02:50,88.3,Wallet,PNB,expired_card,13,1,188,1.8,,True
txn_003065,2026-05-12 07:53:05,572.61,UPI,ICICI,expired_card,12,2,115,1.3,,False
txn_003066,2025-05-14 03:34:07,115.9,Credit Card,SBI,insufficient_funds,14,1,386,0.1,3.45,False
txn_003067,2025-01-25 21:37:33,130.97,Wallet,PNB,otp_failure,25,1,94,3.0,0.0,False
txn_003068,2025-01-21 20:18:21,309.47,Debit Card,Axis,otp_failure,21,3,511,1.4,0.26,True
txn_003069,2025-02-23 23:24:24,1547.01,Netbanking,Kotak,expired_card,23,1,240,4.9,,False
txn_003070,2025-06-09 22:06:38,182.19,Debit Card,Kotak,network_error,9,1,538,0.0,0.33,False
txn_003071,2026-05-28 07:16:26,359.28,Wallet,ICICI,expired_card,28,1,546,2.7,,False
txn_003072,2025-12-20 03:32:43,306.56,Credit Card,Yes Bank,bank_timeout,20,1,367,3.2,0.0,True
txn_003073,2026-02-07 18:07:52,74.73,Credit Card,SBI,insufficient_funds,7,0,131,0.5,4.21,False
txn_003074,2025-09-11 19:28:22,480.41,Netbanking,IDFC,expired_card,11,0,586,2.9,,False
txn_003075,2025-05-02 23:21:10,448.66,Credit Card,SBI,insufficient_funds,2,0,384,2.0,4.07,True
txn_003076,2026-02-21 16:12:32,314.95,Netbanking,PNB,expired_card,21,0,211,1.0,,False
txn_003077,2025-02-23 09:50:06,3629.51,Netbanking,Axis,insufficient_funds,23,0,402,0.4,4.99,True
txn_003078,2025-04-11 22:06:47,43.98,Debit Card,Kotak,bank_timeout,11,2,158,1.9,0.0,True
txn_003079,2025-12-02 16:48:16,816.9,Netbanking,SBI,bank_timeout,2,3,260,0.7,0.0,True
txn_003080,2026-04-14 21:57:35,454.91,Wallet,Kotak,insufficient_funds,14,1,793,2.8,4.01,False
txn_003081,2026-04-02 07:38:37,323.64,Debit Card,PNB,insufficient_funds,2,3,359,2.1,3.28,False
txn_003082,2025-08-02 22:35:31,848.56,Debit Card,HDFC,insufficient_funds,2,1,885,0.4,4.7,False
txn_003083,2025-04-21 19:58:17,608.86,Netbanking,ICICI,expired_card,21,3,795,3.7,,False
txn_003084,2025-11-07 02:18:55,96.97,Wallet,Axis,invalid_cvv,7,2,315,0.9,0.47,True
txn_003085,2026-02-13 10:40:32,284.89,UPI,PNB,insufficient_funds,13,1,759,1.2,3.91,True
txn_003086,2025-12-24 10:50:05,474.25,Netbanking,HDFC,network_error,24,2,262,0.8,0.47,True
txn_003087,2026-07-27 16:05:42,1455.72,Credit Card,Kotak,expired_card,27,3,720,0.2,,False
txn_003088,2026-05-17 23:53:20,123.36,Netbanking,Yes Bank,insufficient_funds,17,0,651,0.2,3.74,False
txn_003089,2026-06-28 22:50:47,770.9,UPI,IDFC,invalid_cvv,28,1,293,2.6,0.69,False
txn_003090,2026-04-22 03:39:39,489.63,Debit Card,IDFC,expired_card,22,0,672,0.1,,True
txn_003091,2025-07-13 12:12:34,559.33,Debit Card,IDFC,bank_timeout,13,4,60,2.4,0.12,True
txn_003092,2025-12-22 14:32:07,1435.87,Netbanking,SBI,insufficient_funds,22,0,604,0.7,4.94,True
txn_003093,2026-06-27 13:23:40,948.22,Wallet,ICICI,otp_failure,27,3,607,1.2,0.12,False
txn_003094,2025-11-02 16:19:41,123.32,Credit Card,Axis,otp_failure,2,1,807,0.1,0.0,True
txn_003095,2025-05-03 16:04:12,240.02,UPI,Kotak,otp_failure,3,2,39,6.1,0.13,True
txn_003096,2026-06-02 19:23:09,539.23,Credit Card,Axis,bank_timeout,2,1,609,2.7,0.32,True
txn_003097,2026-01-19 07:16:30,126.57,Netbanking,ICICI,insufficient_funds,19,3,392,3.8,3.24,True
txn_003098,2025-10-14 09:39:50,794.35,Credit Card,ICICI,expired_card,14,0,80,6.5,,False
txn_003099,2026-01-27 18:36:04,980.51,UPI,IDFC,fraud_block,27,2,579,3.4,,True
txn_003100,2025-12-17 06:03:21,3160.25,Debit Card,Kotak,insufficient_funds,17,4,55,3.9,3.8,False
txn_003101,2025-06-11 01:41:45,726.05,Wallet,HDFC,otp_failure,11,1,82,0.2,1.27,True
txn_003102,2025-12-25 23:25:35,153.58,Credit Card,ICICI,otp_failure,25,3,260,1.4,0.0,True
txn_003103,2026-05-12 05:20:13,256.5,Netbanking,IDFC,network_error,12,5,114,2.2,0.42,True
txn_003104,2025-09-24 22:14:38,277.7,Netbanking,Axis,insufficient_funds,24,2,553,0.9,4.71,False
txn_003105,2025-11-05 02:32:43,3443.5,Credit Card,HDFC,network_error,5,0,153,6.2,0.37,False
txn_003106,2025-07-14 15:37:46,5152.89,Credit Card,SBI,invalid_cvv,14,0,124,5.3,0.53,False
txn_003107,2025-09-12 01:46:44,1643.77,Netbanking,PNB,invalid_cvv,12,1,98,6.3,1.14,True
txn_003108,2025-12-25 08:19:04,1037.03,Credit Card,ICICI,otp_failure,25,2,378,3.3,0.93,False
txn_003109,2026-03-02 23:26:56,519.47,Debit Card,PNB,network_error,2,2,703,6.9,0.0,True
txn_003110,2025-04-19 22:33:24,470.25,Netbanking,Kotak,bank_timeout,19,0,160,0.5,0.39,False
txn_003111,2025-05-06 08:05:24,240.51,Debit Card,HDFC,bank_timeout,6,0,140,1.6,0.34,True
txn_003112,2026-04-17 11:05:12,1285.65,Credit Card,SBI,otp_failure,17,0,213,0.0,0.0,True
txn_003113,2025-08-17 11:15:13,487.92,Credit Card,IDFC,otp_failure,17,1,106,0.9,1.09,True
txn_003114,2025-05-11 20:11:54,559.53,Credit Card,HDFC,expired_card,11,2,578,5.8,,False
txn_003115,2026-06-11 03:20:13,1726.06,UPI,SBI,bank_timeout,11,3,690,0.6,0.0,True
txn_003116,2025-12-09 06:27:37,3037.68,UPI,SBI,network_error,9,2,135,1.0,0.07,True
txn_003117,2025-06-18 07:04:00,483.6,Credit Card,Axis,insufficient_funds,18,0,242,1.0,3.41,True
txn_003118,2025-12-10 08:33:39,526.07,Credit Card,ICICI,bank_timeout,10,1,583,5.3,0.0,True
txn_003119,2025-10-31 09:39:16,1887.56,UPI,PNB,insufficient_funds,31,2,137,0.3,4.3,True
txn_003120,2025-02-10 17:05:28,1198.52,Wallet,HDFC,network_error,10,2,624,4.4,0.0,False
txn_003121,2025-02-07 19:10:32,165.16,Netbanking,Axis,insufficient_funds,7,1,646,1.3,4.53,True
txn_003122,2025-07-13 22:44:28,1331.01,UPI,Axis,fraud_block,13,0,388,0.0,,False
txn_003123,2025-06-05 08:00:12,248.15,Credit Card,HDFC,invalid_cvv,5,3,328,0.8,1.36,False
txn_003124,2025-11-24 12:44:09,4531.91,Credit Card,HDFC,bank_timeout,24,1,428,0.7,0.33,True
txn_003125,2025-09-19 20:18:34,209.99,Debit Card,ICICI,expired_card,19,0,390,2.4,,True
txn_003126,2025-06-21 07:40:57,767.0,Credit Card,SBI,insufficient_funds,21,0,861,1.4,4.39,True
txn_003127,2026-07-17 08:33:09,213.71,Debit Card,HDFC,bank_timeout,17,1,813,0.2,0.0,True
txn_003128,2025-11-19 20:50:13,5640.61,Wallet,ICICI,invalid_cvv,19,3,764,1.1,1.28,False
txn_003129,2025-09-12 02:21:32,417.68,UPI,Axis,network_error,12,0,47,2.7,0.8,True
txn_003130,2026-05-01 04:45:19,419.76,Debit Card,IDFC,otp_failure,1,1,14,1.6,0.0,False
txn_003131,2025-11-29 08:16:00,97.07,Credit Card,Axis,insufficient_funds,29,2,216,0.5,4.3,True
txn_003132,2025-06-16 01:08:52,1397.85,Credit Card,Yes Bank,network_error,16,1,385,1.1,0.52,True
txn_003133,2025-09-09 04:00:47,360.46,Debit Card,HDFC,invalid_cvv,9,3,766,1.0,1.06,True
txn_003134,2025-11-09 08:25:24,117.46,UPI,HDFC,expired_card,9,2,507,1.1,,False
txn_003135,2025-10-30 06:57:54,138.88,Debit Card,PNB,invalid_cvv,30,1,436,2.0,1.25,True
txn_003136,2025-06-20 22:53:25,361.8,Credit Card,Kotak,bank_timeout,20,1,220,2.1,0.06,True
txn_003137,2026-05-20 19:51:10,424.17,Wallet,Yes Bank,network_error,20,1,20,0.6,0.0,True
txn_003138,2025-02-04 03:04:52,1747.52,Credit Card,Axis,otp_failure,4,2,581,1.9,0.0,True
txn_003139,2025-11-16 07:24:01,619.05,UPI,PNB,bank_timeout,16,2,891,1.0,0.0,False
txn_003140,2025-03-21 01:56:34,486.61,Wallet,SBI,network_error,21,1,698,2.5,0.59,True
txn_003141,2025-07-15 16:30:17,2015.81,Credit Card,Yes Bank,bank_timeout,15,1,219,1.6,0.19,True
txn_003142,2026-05-06 00:20:32,963.04,Netbanking,SBI,invalid_cvv,6,2,245,3.6,1.07,False
txn_003143,2025-09-15 21:47:46,275.91,Debit Card,Yes Bank,fraud_block,15,1,322,0.4,,False
txn_003144,2026-06-02 14:02:53,201.14,Netbanking,ICICI,network_error,2,0,572,0.0,0.74,True
txn_003145,2025-09-18 06:48:50,518.18,Credit Card,PNB,insufficient_funds,18,1,667,2.3,3.92,True
txn_003146,2025-10-24 23:55:10,113.03,Wallet,Axis,otp_failure,24,1,500,0.6,0.0,True
txn_003147,2026-01-27 00:25:47,1211.37,Wallet,HDFC,otp_failure,27,2,497,0.1,0.58,False
txn_003148,2025-06-30 16:05:18,342.27,Credit Card,ICICI,otp_failure,30,0,462,1.9,0.75,True
txn_003149,2025-08-28 21:21:20,257.93,Debit Card,IDFC,insufficient_funds,28,2,126,0.7,4.32,True
txn_003150,2025-07-09 04:01:17,724.56,Wallet,ICICI,otp_failure,9,1,107,0.5,0.0,False
txn_003151,2025-02-16 13:02:45,135.32,Debit Card,Yes Bank,insufficient_funds,16,2,808,1.0,4.72,False
txn_003152,2026-01-23 08:56:07,172.14,UPI,Axis,insufficient_funds,23,0,31,0.6,3.61,True
txn_003153,2025-04-28 19:20:40,751.15,Netbanking,Axis,bank_timeout,28,0,775,0.8,0.2,True
txn_003154,2026-05-14 16:28:21,72.59,Credit Card,Axis,otp_failure,14,1,147,3.0,0.1,False
txn_003155,2026-07-18 08:43:44,534.71,Wallet,PNB,expired_card,18,1,764,0.9,,False
txn_003156,2026-07-29 04:43:25,398.55,UPI,SBI,otp_failure,29,2,40,0.7,0.12,True
txn_003157,2025-08-05 00:39:09,1257.26,UPI,HDFC,bank_timeout,5,2,684,4.7,0.0,True
txn_003158,2026-02-09 13:46:25,326.35,Netbanking,Kotak,insufficient_funds,9,2,819,2.2,4.21,True
txn_003159,2025-01-19 09:40:32,255.15,Debit Card,Yes Bank,insufficient_funds,19,0,44,1.9,4.44,False
txn_003160,2025-09-24 04:55:14,261.18,Debit Card,Axis,fraud_block,24,4,875,0.1,,False
txn_003161,2026-02-23 21:29:59,615.8,Credit Card,Axis,bank_timeout,23,0,764,2.6,0.34,True
txn_003162,2026-06-18 21:07:46,790.53,Debit Card,IDFC,bank_timeout,18,1,612,1.6,0.72,True
txn_003163,2026-02-10 00:56:28,2080.86,UPI,SBI,bank_timeout,10,0,716,1.1,0.53,True
txn_003164,2025-12-10 14:12:16,953.14,Credit Card,ICICI,network_error,10,1,392,4.5,0.22,True
txn_003165,2026-01-17 20:52:35,115.04,Credit Card,Axis,insufficient_funds,17,1,157,3.8,3.74,True
txn_003166,2025-02-10 11:20:32,39.47,Debit Card,Axis,fraud_block,10,0,467,0.6,,False
txn_003167,2025-04-08 12:37:36,220.06,Credit Card,SBI,expired_card,8,0,8,0.4,,True
txn_003168,2026-04-06 07:26:09,334.28,Wallet,Axis,network_error,6,0,330,2.4,0.05,False
txn_003169,2025-07-03 13:08:24,684.28,Wallet,ICICI,bank_timeout,3,2,839,3.1,0.0,True
txn_003170,2025-11-28 01:41:09,379.34,Netbanking,Kotak,insufficient_funds,28,3,558,0.0,4.33,False
txn_003171,2025-05-08 12:08:31,233.38,Debit Card,Axis,insufficient_funds,8,3,235,1.5,3.81,False
txn_003172,2025-11-26 08:14:44,2778.8,Debit Card,Axis,otp_failure,26,0,555,1.7,0.34,False
txn_003173,2025-08-24 10:12:24,645.95,UPI,PNB,invalid_cvv,24,2,778,0.9,1.02,True
txn_003174,2026-05-09 16:30:47,571.36,Debit Card,Kotak,bank_timeout,9,1,505,0.0,0.2,False
txn_003175,2026-01-09 17:40:19,722.19,Credit Card,Yes Bank,insufficient_funds,9,0,773,1.3,3.51,False
txn_003176,2025-11-06 07:48:54,3114.5,Netbanking,SBI,bank_timeout,6,2,67,3.8,0.0,True
txn_003177,2026-01-01 14:44:07,530.25,Netbanking,IDFC,otp_failure,1,1,707,0.0,0.0,True
txn_003178,2026-01-28 11:20:09,303.38,Wallet,IDFC,insufficient_funds,28,1,168,0.9,3.4,True
txn_003179,2025-05-02 01:47:06,1095.28,Netbanking,HDFC,otp_failure,2,1,181,3.8,0.0,True
txn_003180,2025-10-24 06:10:16,3288.13,Netbanking,ICICI,otp_failure,24,0,16,0.5,0.0,False
txn_003181,2025-08-22 04:43:18,1581.9,Wallet,SBI,insufficient_funds,22,2,699,0.6,4.16,False
txn_003182,2026-03-06 09:54:38,458.08,Debit Card,Kotak,network_error,6,0,879,4.6,0.0,False
txn_003183,2025-10-23 12:06:23,442.47,Netbanking,Kotak,network_error,23,2,101,3.3,0.59,False
txn_003184,2025-12-19 07:46:29,20091.47,UPI,IDFC,otp_failure,19,1,734,3.1,0.0,True
txn_003185,2026-03-13 15:05:17,1949.74,Wallet,PNB,bank_timeout,13,1,743,1.0,0.69,False
txn_003186,2025-02-25 21:03:08,309.24,UPI,SBI,fraud_block,25,1,771,0.0,,False
txn_003187,2026-07-10 06:01:08,1049.33,Netbanking,Axis,otp_failure,10,1,534,4.5,0.0,False
txn_003188,2025-05-01 04:16:22,379.87,Debit Card,HDFC,otp_failure,1,1,620,2.8,0.94,True
txn_003189,2025-01-10 23:14:53,423.3,Wallet,Yes Bank,expired_card,10,3,327,2.6,,False
txn_003190,2026-01-17 17:21:40,290.85,Netbanking,IDFC,network_error,17,0,394,3.4,0.0,True
txn_003191,2025-11-03 12:48:12,639.86,UPI,IDFC,bank_timeout,3,1,861,4.6,0.0,True
txn_003192,2026-01-16 05:53:39,469.57,UPI,ICICI,insufficient_funds,16,0,475,4.1,3.74,False
txn_003193,2025-11-14 12:21:10,5903.3,Credit Card,ICICI,insufficient_funds,14,2,418,0.9,4.82,False
txn_003194,2025-10-26 21:40:36,6949.34,Wallet,SBI,otp_failure,26,2,452,1.0,0.38,False
txn_003195,2025-05-31 20:40:33,118.6,Netbanking,Kotak,insufficient_funds,31,1,180,2.7,4.29,True
txn_003196,2026-07-15 23:37:41,1757.64,UPI,PNB,insufficient_funds,15,0,581,0.7,3.85,False
txn_003197,2026-05-09 04:52:49,136.84,UPI,HDFC,insufficient_funds,9,1,527,0.5,3.76,True
txn_003198,2026-05-21 13:46:24,238.4,Netbanking,IDFC,insufficient_funds,21,4,731,1.3,4.2,True
txn_003199,2026-07-26 09:46:29,667.1,Debit Card,Axis,insufficient_funds,26,2,658,1.6,3.6,True
txn_003200,2026-01-07 01:26:59,256.38,Credit Card,Yes Bank,otp_failure,7,2,146,2.2,0.0,False
txn_003201,2026-05-06 01:48:39,513.77,Credit Card,SBI,network_error,6,1,511,0.1,0.7,False
txn_003202,2025-07-22 23:33:26,3414.15,Wallet,PNB,bank_timeout,22,0,333,2.0,0.0,True
txn_003203,2026-06-13 23:59:58,535.62,Debit Card,Kotak,otp_failure,13,0,271,4.3,0.45,False
txn_003204,2025-07-12 04:08:46,110.16,Wallet,SBI,insufficient_funds,12,1,692,1.7,3.51,True
txn_003205,2025-01-10 13:59:08,109.1,Credit Card,ICICI,insufficient_funds,10,0,694,5.5,4.64,False
txn_003206,2026-05-16 12:26:16,1253.53,Netbanking,IDFC,bank_timeout,16,1,730,5.0,0.41,True
txn_003207,2026-07-03 10:05:40,915.92,Wallet,ICICI,bank_timeout,3,1,840,0.2,0.62,False
txn_003208,2026-02-07 18:13:51,1023.91,Debit Card,IDFC,otp_failure,7,2,435,0.2,0.0,True
txn_003209,2025-05-09 19:10:33,378.51,Netbanking,Kotak,otp_failure,9,2,23,3.7,0.74,True
txn_003210,2026-06-22 08:46:21,792.29,UPI,IDFC,otp_failure,22,0,848,3.5,0.0,False
txn_003211,2026-04-01 05:19:07,4956.75,UPI,IDFC,otp_failure,1,1,318,1.2,0.09,True
txn_003212,2026-07-20 04:25:04,1541.27,Credit Card,ICICI,otp_failure,20,2,409,3.0,0.0,False
txn_003213,2026-05-10 03:15:33,167.93,Wallet,Yes Bank,insufficient_funds,10,0,140,0.6,4.35,True
txn_003214,2025-04-21 20:22:19,250.99,UPI,Axis,otp_failure,21,1,416,4.9,0.83,False
txn_003215,2025-11-06 02:42:09,1896.08,UPI,HDFC,network_error,6,2,351,1.2,0.0,True
txn_003216,2025-05-11 19:10:44,2405.16,Netbanking,HDFC,invalid_cvv,11,3,372,2.0,1.66,False
txn_003217,2025-03-17 05:48:00,980.81,Credit Card,IDFC,expired_card,17,1,83,1.7,,False
txn_003218,2026-02-12 18:00:02,633.11,Netbanking,Kotak,insufficient_funds,12,2,304,0.1,4.27,True
txn_003219,2026-07-24 08:53:51,1124.24,Netbanking,SBI,insufficient_funds,24,1,733,0.7,3.6,False
txn_003220,2025-05-18 00:21:30,466.81,UPI,SBI,bank_timeout,18,1,491,1.4,0.42,False
txn_003221,2026-07-01 20:23:27,82.57,Debit Card,Axis,insufficient_funds,1,0,477,0.3,4.48,False
txn_003222,2026-01-13 20:28:53,774.98,Debit Card,ICICI,expired_card,13,0,667,1.2,,True
txn_003223,2025-12-17 00:55:33,335.61,Wallet,Axis,otp_failure,17,1,749,1.7,0.0,True
txn_003224,2025-05-25 04:32:38,775.8,Debit Card,HDFC,network_error,25,2,3,0.5,0.59,False
txn_003225,2025-05-22 22:19:22,667.18,Debit Card,Kotak,otp_failure,22,2,739,2.4,0.0,True
txn_003226,2025-11-14 12:26:33,1662.52,Netbanking,ICICI,invalid_cvv,14,0,229,1.8,1.47,True
txn_003227,2026-05-10 07:58:58,607.54,Debit Card,ICICI,insufficient_funds,10,2,95,0.1,2.75,False
txn_003228,2025-08-16 16:15:25,669.07,Credit Card,IDFC,bank_timeout,16,1,205,0.1,0.16,False
txn_003229,2025-04-07 20:13:59,2561.4,UPI,ICICI,insufficient_funds,7,2,806,2.3,4.19,False
txn_003230,2025-09-23 18:10:26,198.27,Credit Card,Axis,insufficient_funds,23,2,623,2.6,3.45,True
txn_003231,2026-01-07 04:38:52,1117.43,Netbanking,ICICI,insufficient_funds,7,2,505,1.0,3.18,False
txn_003232,2025-01-08 09:12:55,121.45,Credit Card,Kotak,insufficient_funds,8,2,518,1.4,3.68,True
txn_003233,2025-01-06 14:42:52,475.12,Wallet,HDFC,otp_failure,6,1,82,0.2,0.85,True
txn_003234,2025-03-17 05:15:46,791.75,Debit Card,HDFC,insufficient_funds,17,1,854,0.9,4.19,True
txn_003235,2025-10-19 18:55:05,654.43,Wallet,Kotak,otp_failure,19,2,855,2.2,0.0,False
txn_003236,2026-01-13 10:19:12,478.62,Netbanking,Yes Bank,expired_card,13,2,739,7.3,,False
txn_003237,2026-04-15 10:18:08,296.09,Netbanking,Yes Bank,invalid_cvv,15,1,163,0.5,0.97,False
txn_003238,2025-10-15 23:56:08,86.96,UPI,Yes Bank,insufficient_funds,15,1,189,0.0,3.75,False
txn_003239,2025-07-06 02:24:44,598.16,UPI,IDFC,otp_failure,6,2,332,2.0,0.0,True
txn_003240,2025-10-21 22:33:09,3187.51,Wallet,HDFC,expired_card,21,1,567,1.6,,False
txn_003241,2025-10-04 12:51:57,253.36,UPI,ICICI,bank_timeout,4,0,212,2.7,0.0,True
txn_003242,2025-01-03 09:30:08,2198.79,Netbanking,IDFC,bank_timeout,3,0,371,6.1,0.78,True
txn_003243,2026-07-18 07:05:02,328.88,Debit Card,HDFC,invalid_cvv,18,1,266,4.5,1.28,True
txn_003244,2026-04-13 12:24:01,1549.15,Credit Card,Kotak,insufficient_funds,13,2,761,1.7,3.1,False
txn_003245,2026-06-28 03:14:14,2698.01,Debit Card,Yes Bank,insufficient_funds,28,2,166,2.5,4.95,True
txn_003246,2025-12-18 00:21:48,1083.0,Wallet,PNB,otp_failure,18,0,308,0.4,0.0,False
txn_003247,2026-02-04 22:41:33,696.59,Netbanking,Axis,invalid_cvv,4,1,126,0.7,0.18,False
txn_003248,2025-01-03 10:19:50,1650.1,UPI,HDFC,insufficient_funds,3,1,789,3.6,4.23,False
txn_003249,2026-05-08 06:27:54,361.89,UPI,HDFC,otp_failure,8,2,653,0.1,0.37,True
txn_003250,2026-07-26 12:32:56,2555.16,UPI,PNB,network_error,26,0,536,3.2,0.24,True
txn_003251,2025-07-01 09:50:55,2682.26,Wallet,PNB,otp_failure,1,2,213,5.4,0.0,False
txn_003252,2025-11-07 19:37:11,751.05,Wallet,ICICI,bank_timeout,7,1,675,1.6,0.0,True
txn_003253,2025-09-28 13:24:56,987.27,Netbanking,PNB,invalid_cvv,28,0,792,2.8,1.85,False
txn_003254,2026-05-27 08:19:42,132.81,Credit Card,IDFC,network_error,27,1,313,2.0,0.0,True
txn_003255,2025-08-17 06:00:10,750.52,Wallet,Axis,otp_failure,17,0,364,2.8,0.0,True
txn_003256,2026-07-07 23:33:37,856.49,Debit Card,HDFC,expired_card,7,0,117,1.7,,False
txn_003257,2025-04-10 07:30:30,3288.83,Netbanking,ICICI,insufficient_funds,10,0,734,3.7,4.79,False
txn_003258,2025-08-23 01:32:22,401.24,Wallet,PNB,otp_failure,23,0,8,1.7,0.31,True
txn_003259,2025-05-11 12:43:55,789.44,Netbanking,ICICI,expired_card,11,0,709,1.6,,False
txn_003260,2026-01-10 12:16:23,887.51,Wallet,Axis,otp_failure,10,2,359,3.0,0.47,True
txn_003261,2025-07-09 00:29:04,56.81,Debit Card,SBI,bank_timeout,9,1,247,0.6,0.32,True
txn_003262,2026-05-28 10:32:24,2173.91,Credit Card,ICICI,bank_timeout,28,2,416,0.3,0.32,False
txn_003263,2025-12-04 19:00:02,424.71,Credit Card,SBI,invalid_cvv,4,0,832,1.5,1.31,False
txn_003264,2025-09-11 14:24:57,3311.64,Netbanking,Kotak,network_error,11,0,180,1.0,0.6,True
txn_003265,2025-06-21 04:06:25,1161.93,UPI,PNB,insufficient_funds,21,1,797,0.4,3.46,True
txn_003266,2026-06-05 20:54:49,1438.26,Credit Card,SBI,insufficient_funds,5,1,869,0.2,4.71,True
txn_003267,2026-02-20 04:36:33,58.65,Netbanking,ICICI,bank_timeout,20,1,648,0.7,0.31,True
txn_003268,2026-06-22 07:47:55,283.56,UPI,Axis,expired_card,22,0,186,0.5,,False
txn_003269,2026-03-24 08:53:52,182.66,Wallet,ICICI,otp_failure,24,4,10,0.7,0.0,True
txn_003270,2026-05-16 04:46:45,3297.31,UPI,IDFC,insufficient_funds,16,0,542,1.5,3.65,False
txn_003271,2026-07-12 06:06:06,548.57,Netbanking,IDFC,bank_timeout,12,2,256,5.7,0.84,False
txn_003272,2025-07-01 06:17:04,323.23,Debit Card,Kotak,bank_timeout,1,2,676,2.1,0.73,True
txn_003273,2025-03-31 20:37:02,3196.76,UPI,ICICI,expired_card,31,2,558,4.8,,False
txn_003274,2025-03-28 12:19:14,1992.32,Credit Card,Yes Bank,insufficient_funds,28,0,710,2.5,4.83,True
txn_003275,2026-07-30 05:26:04,2085.82,Wallet,Axis,expired_card,30,0,10,3.1,,False
txn_003276,2025-04-01 04:22:36,768.53,Wallet,Yes Bank,bank_timeout,1,0,450,0.8,0.68,True
txn_003277,2025-04-09 23:14:01,1249.57,UPI,IDFC,otp_failure,9,3,317,2.9,0.0,False
txn_003278,2026-03-25 02:30:33,766.46,Credit Card,Kotak,fraud_block,25,1,841,1.2,,False
txn_003279,2025-02-18 01:37:07,1584.58,Wallet,Axis,fraud_block,18,3,833,1.2,,False
txn_003280,2025-10-29 11:33:25,912.76,Netbanking,Yes Bank,network_error,29,2,68,0.3,1.1,True
txn_003281,2025-10-11 12:32:15,6274.82,Debit Card,Axis,expired_card,11,1,124,0.6,,False
txn_003282,2025-03-24 18:54:20,1893.78,Netbanking,HDFC,network_error,24,1,101,2.2,0.0,True
txn_003283,2026-02-23 02:30:27,444.94,Netbanking,Yes Bank,expired_card,23,1,144,0.9,,False
txn_003284,2025-04-23 09:25:05,3143.29,UPI,Axis,invalid_cvv,23,3,576,1.2,1.12,False
txn_003285,2026-01-24 05:33:22,407.26,Netbanking,SBI,insufficient_funds,24,0,550,1.7,4.0,False
txn_003286,2026-04-13 04:07:40,290.5,UPI,SBI,otp_failure,13,0,165,3.8,0.0,False
txn_003287,2026-06-01 19:02:09,1582.19,Credit Card,Yes Bank,expired_card,1,2,696,0.7,,True
txn_003288,2025-08-28 22:09:12,953.26,Wallet,ICICI,otp_failure,28,3,401,0.1,0.0,False
txn_003289,2025-08-01 09:31:29,671.87,Wallet,PNB,otp_failure,1,3,273,2.6,0.81,True
txn_003290,2026-05-06 04:07:45,486.63,Debit Card,PNB,insufficient_funds,6,2,296,0.7,5.02,True
txn_003291,2025-08-15 09:51:45,758.84,Netbanking,HDFC,bank_timeout,15,1,374,1.3,0.62,True
txn_003292,2025-09-16 18:15:52,894.95,Debit Card,Axis,bank_timeout,16,0,230,15.9,0.5,True
txn_003293,2026-07-24 01:44:12,769.66,Debit Card,HDFC,insufficient_funds,24,1,397,1.7,3.94,True
txn_003294,2025-05-20 01:10:44,1664.8,Netbanking,IDFC,otp_failure,20,2,558,1.1,0.0,False
txn_003295,2025-08-21 07:39:40,193.75,Debit Card,HDFC,bank_timeout,21,0,160,0.2,0.0,True
txn_003296,2026-03-02 14:23:46,133.74,Netbanking,Yes Bank,insufficient_funds,2,1,514,2.6,3.81,True
txn_003297,2025-11-25 02:48:18,7893.62,Netbanking,Yes Bank,network_error,25,3,543,1.4,1.08,True
txn_003298,2025-10-31 23:31:47,4130.78,Netbanking,ICICI,network_error,31,1,22,1.9,0.0,True
txn_003299,2026-02-14 23:44:00,585.82,UPI,Kotak,otp_failure,14,2,791,3.3,0.0,True
txn_003300,2026-06-25 21:23:43,3235.3,Debit Card,IDFC,invalid_cvv,25,1,542,7.0,1.61,False
txn_003301,2025-03-17 14:10:05,530.57,Debit Card,Yes Bank,otp_failure,17,2,361,0.4,0.0,False
txn_003302,2026-03-27 19:08:09,707.57,Credit Card,Kotak,bank_timeout,27,2,863,2.9,0.36,True
txn_003303,2025-12-22 09:01:26,1945.29,Debit Card,SBI,bank_timeout,22,2,755,0.4,0.0,False
txn_003304,2025-12-10 05:18:35,1077.82,Netbanking,Kotak,insufficient_funds,10,0,84,1.7,3.94,True
txn_003305,2025-04-23 11:41:39,1949.83,Debit Card,Axis,expired_card,23,1,181,1.1,,False
txn_003306,2025-06-01 23:16:29,751.11,Credit Card,Yes Bank,bank_timeout,1,1,880,0.3,0.66,True
txn_003307,2026-07-18 20:49:43,233.28,Wallet,ICICI,otp_failure,18,0,572,0.8,0.01,True
txn_003308,2026-06-11 20:45:37,103.31,Debit Card,IDFC,insufficient_funds,11,3,58,4.1,3.64,False
txn_003309,2025-11-28 17:55:38,643.39,Debit Card,HDFC,otp_failure,28,1,750,0.7,0.0,True
txn_003310,2025-03-16 14:27:34,4079.83,UPI,PNB,network_error,16,0,188,0.7,0.63,True
txn_003311,2025-05-20 12:35:58,680.73,Credit Card,ICICI,insufficient_funds,20,1,115,0.1,3.84,False
txn_003312,2026-02-05 08:24:29,1936.56,UPI,IDFC,bank_timeout,5,4,294,3.0,0.0,True
txn_003313,2025-04-26 09:30:51,1369.79,Netbanking,Axis,insufficient_funds,26,1,544,4.3,4.68,False
txn_003314,2025-01-27 09:40:20,225.28,Credit Card,Axis,expired_card,27,3,629,1.4,,False
txn_003315,2025-11-05 01:59:41,976.19,Netbanking,Kotak,otp_failure,5,1,101,0.2,0.92,False
txn_003316,2026-06-19 08:57:11,2290.03,Wallet,SBI,expired_card,19,0,525,0.3,,False
txn_003317,2026-05-23 01:01:02,923.54,Netbanking,ICICI,network_error,23,0,14,2.1,0.0,True
txn_003318,2025-12-27 03:30:20,925.2,Netbanking,Kotak,insufficient_funds,27,1,498,4.3,3.93,True
txn_003319,2026-05-07 03:33:03,2005.4,Netbanking,Yes Bank,bank_timeout,7,1,488,2.0,0.0,True
txn_003320,2025-01-10 00:17:05,342.31,Credit Card,ICICI,otp_failure,10,0,578,0.5,0.66,False
txn_003321,2025-03-06 04:27:54,5659.29,Credit Card,PNB,expired_card,6,1,35,4.0,,False
txn_003322,2026-05-14 04:44:11,4520.85,Wallet,Axis,bank_timeout,14,2,142,1.6,0.56,True
txn_003323,2025-01-18 21:14:59,1435.9,Wallet,PNB,insufficient_funds,18,0,187,0.6,4.22,True
txn_003324,2025-08-01 14:36:00,1433.55,Credit Card,SBI,insufficient_funds,1,1,245,0.4,4.22,False
txn_003325,2025-10-26 05:31:51,1123.56,Netbanking,IDFC,insufficient_funds,26,2,212,0.5,4.74,False
txn_003326,2025-08-20 17:53:45,968.96,Wallet,SBI,insufficient_funds,20,0,287,4.6,3.47,True
txn_003327,2025-03-19 05:43:09,645.48,UPI,ICICI,expired_card,19,3,843,7.0,,False
txn_003328,2026-07-09 09:36:09,1372.81,Wallet,SBI,bank_timeout,9,0,90,0.4,0.68,False
txn_003329,2025-11-11 19:54:30,4250.03,Credit Card,IDFC,expired_card,11,2,292,2.4,,False
txn_003330,2026-03-08 21:42:45,2454.95,Wallet,PNB,otp_failure,8,2,475,5.6,0.54,True
txn_003331,2025-02-19 15:46:21,1092.86,Wallet,ICICI,bank_timeout,19,3,408,0.1,0.11,False
txn_003332,2025-06-11 03:24:17,1026.04,Credit Card,SBI,expired_card,11,1,345,1.5,,False
txn_003333,2026-04-11 08:04:55,1296.46,Debit Card,HDFC,expired_card,11,2,541,0.3,,False
txn_003334,2026-03-07 20:45:47,850.75,Netbanking,Yes Bank,invalid_cvv,7,1,516,2.0,1.2,False
txn_003335,2025-04-06 13:43:50,2433.73,Credit Card,SBI,bank_timeout,6,1,360,1.1,0.43,False
txn_003336,2026-03-23 16:17:14,266.23,Debit Card,SBI,expired_card,23,0,350,1.3,,False
txn_003337,2025-03-10 05:06:02,1864.5,Wallet,Kotak,invalid_cvv,10,2,489,2.2,0.99,True
txn_003338,2025-01-28 04:32:44,250.31,Credit Card,ICICI,bank_timeout,28,0,91,0.7,0.19,False
txn_003339,2026-01-29 03:17:18,152.97,UPI,Yes Bank,otp_failure,29,2,840,0.1,0.0,True
txn_003340,2026-02-27 20:51:27,174.82,Debit Card,IDFC,insufficient_funds,27,2,24,1.1,2.82,True
txn_003341,2026-05-27 04:58:47,260.07,Credit Card,Axis,bank_timeout,27,1,352,0.9,0.0,True
txn_003342,2025-08-22 11:35:23,7494.73,Credit Card,Kotak,otp_failure,22,2,285,0.6,1.12,False
txn_003343,2026-05-27 23:35:16,1767.55,Wallet,PNB,insufficient_funds,27,0,404,6.8,3.81,False
txn_003344,2025-04-19 15:05:13,1260.3,Wallet,PNB,bank_timeout,19,0,221,0.3,0.85,True
txn_003345,2026-06-24 21:37:51,919.42,UPI,Yes Bank,otp_failure,24,1,583,0.3,0.0,False
txn_003346,2026-04-16 19:52:03,1533.45,Wallet,Axis,expired_card,16,2,233,8.0,,False
txn_003347,2026-06-19 07:57:01,1738.66,Credit Card,HDFC,insufficient_funds,19,0,178,1.6,4.08,False
txn_003348,2025-07-04 03:52:15,572.51,Credit Card,Axis,network_error,4,3,307,1.0,0.54,True
txn_003349,2025-04-21 00:52:13,148.79,UPI,Axis,network_error,21,1,338,3.1,0.18,True
txn_003350,2025-04-15 05:49:06,2186.79,Wallet,Axis,insufficient_funds,15,0,518,2.2,4.15,False
txn_003351,2026-04-05 15:38:14,69.45,UPI,Kotak,bank_timeout,5,0,721,2.4,0.0,False
txn_003352,2025-04-10 19:15:59,263.12,Wallet,IDFC,insufficient_funds,10,1,804,0.1,4.22,False
txn_003353,2025-02-27 18:09:52,834.99,Wallet,Kotak,expired_card,27,4,640,0.9,,False
txn_003354,2025-07-22 11:19:25,233.49,Netbanking,SBI,otp_failure,22,3,712,1.6,0.17,True
txn_003355,2025-11-07 17:38:50,26.76,Netbanking,ICICI,insufficient_funds,7,4,255,0.0,5.08,False
txn_003356,2025-07-17 10:14:50,334.26,Netbanking,SBI,bank_timeout,17,0,610,0.7,0.05,True
txn_003357,2026-02-21 05:58:50,1542.92,Debit Card,ICICI,network_error,21,0,442,1.8,0.0,False
txn_003358,2026-05-05 00:00:06,337.11,UPI,Axis,otp_failure,5,1,555,1.0,0.12,False
txn_003359,2026-07-09 22:13:10,494.34,UPI,SBI,bank_timeout,9,0,85,4.1,0.0,True
txn_003360,2025-11-22 23:31:22,709.58,Debit Card,Yes Bank,fraud_block,22,0,365,3.1,,False
txn_003361,2025-12-03 19:23:44,897.1,Netbanking,HDFC,otp_failure,3,1,752,1.4,0.0,True
txn_003362,2026-04-14 20:03:16,250.27,Debit Card,ICICI,insufficient_funds,14,0,555,3.9,4.17,False
txn_003363,2025-07-29 19:29:57,1775.55,Credit Card,ICICI,insufficient_funds,29,2,343,1.4,4.83,True
txn_003364,2026-06-16 06:17:50,530.34,Wallet,IDFC,fraud_block,16,0,557,3.3,,False
txn_003365,2025-02-21 05:34:17,226.65,UPI,ICICI,insufficient_funds,21,2,698,0.8,3.52,False
txn_003366,2025-10-09 19:26:43,525.04,UPI,Kotak,otp_failure,9,1,490,0.2,0.22,True
txn_003367,2025-04-24 15:46:55,1421.01,Debit Card,Kotak,invalid_cvv,24,3,388,2.1,1.09,False
txn_003368,2025-01-08 15:51:57,863.81,Credit Card,IDFC,bank_timeout,8,4,862,1.8,0.74,True
txn_003369,2025-06-22 14:35:05,822.48,Netbanking,ICICI,invalid_cvv,22,1,666,0.6,0.01,True
txn_003370,2025-04-06 22:16:19,446.0,Debit Card,Kotak,invalid_cvv,6,2,292,4.8,1.12,False
txn_003371,2026-04-03 08:31:54,1213.28,Netbanking,ICICI,expired_card,3,2,621,8.3,,False
txn_003372,2026-02-15 20:31:52,549.45,UPI,Kotak,insufficient_funds,15,4,810,3.9,3.55,True
txn_003373,2026-03-05 09:29:32,331.94,UPI,ICICI,expired_card,5,1,5,5.5,,False
txn_003374,2025-02-07 06:06:01,327.91,Debit Card,Yes Bank,insufficient_funds,7,0,291,1.6,4.51,True
txn_003375,2025-10-30 13:59:12,1647.93,Debit Card,Yes Bank,insufficient_funds,30,2,814,3.9,4.46,True
txn_003376,2026-07-30 18:46:48,903.04,Wallet,IDFC,expired_card,30,0,503,2.1,,False
txn_003377,2026-01-06 09:20:58,281.49,Wallet,SBI,bank_timeout,6,5,249,3.7,0.69,True
txn_003378,2025-07-21 05:14:51,2009.57,Credit Card,SBI,otp_failure,21,1,673,2.3,0.0,True
txn_003379,2026-05-26 17:51:41,244.36,Debit Card,SBI,insufficient_funds,26,3,273,2.0,5.03,False
txn_003380,2025-10-22 05:21:22,1286.49,Wallet,Kotak,otp_failure,22,3,262,5.0,0.18,False
txn_003381,2025-02-11 01:28:04,132.86,UPI,Axis,insufficient_funds,11,1,90,0.6,4.19,False
txn_003382,2026-06-11 18:50:53,2146.77,Wallet,IDFC,network_error,11,2,636,1.6,0.71,True
txn_003383,2026-07-03 23:27:36,903.12,Netbanking,SBI,bank_timeout,3,0,816,3.7,0.0,True
txn_003384,2025-12-07 22:48:27,429.27,UPI,PNB,fraud_block,7,2,395,3.8,,False
txn_003385,2026-01-26 02:13:54,588.27,UPI,Kotak,fraud_block,26,3,14,0.8,,False
txn_003386,2025-11-29 06:07:08,1113.82,Wallet,Axis,insufficient_funds,29,6,329,1.4,3.64,False
txn_003387,2025-08-26 01:06:21,69.64,Credit Card,Kotak,network_error,26,1,442,2.4,0.3,True
txn_003388,2025-11-12 17:59:05,433.11,UPI,ICICI,otp_failure,12,1,101,7.7,0.26,False
txn_003389,2026-05-08 23:13:51,950.52,Credit Card,ICICI,insufficient_funds,8,1,697,3.3,3.32,False
txn_003390,2026-07-21 23:18:38,2062.51,Debit Card,ICICI,fraud_block,21,2,88,1.5,,False
txn_003391,2025-05-09 05:55:54,149.85,Wallet,HDFC,network_error,9,0,381,2.1,0.0,True
txn_003392,2025-03-07 16:46:51,1810.57,UPI,PNB,expired_card,7,0,406,0.3,,False
txn_003393,2025-01-09 07:21:47,483.76,Netbanking,SBI,insufficient_funds,9,1,377,0.3,4.36,True
txn_003394,2026-01-08 13:26:05,5734.79,Netbanking,ICICI,otp_failure,8,1,321,0.6,0.0,True
txn_003395,2025-11-11 22:32:08,122.78,Credit Card,Axis,network_error,11,0,392,7.8,0.0,True
txn_003396,2025-01-06 15:54:00,670.23,Netbanking,Yes Bank,bank_timeout,6,1,617,6.2,0.54,True
txn_003397,2025-07-09 16:42:25,1551.41,Wallet,HDFC,insufficient_funds,9,2,157,0.1,3.85,True
txn_003398,2026-04-17 18:15:48,389.64,Netbanking,SBI,bank_timeout,17,2,155,2.5,0.4,True
txn_003399,2026-06-08 22:00:16,256.74,Wallet,Axis,fraud_block,8,0,681,1.1,,True
txn_003400,2025-05-16 18:46:22,1451.31,Credit Card,Yes Bank,fraud_block,16,2,503,0.9,,False
txn_003401,2025-04-14 13:14:33,337.57,Wallet,Yes Bank,invalid_cvv,14,0,188,1.2,0.23,True
txn_003402,2025-02-09 12:58:01,243.88,Netbanking,PNB,invalid_cvv,9,1,808,0.3,1.35,True
txn_003403,2025-10-22 10:50:19,801.61,Debit Card,Yes Bank,invalid_cvv,22,2,492,0.4,0.0,False
txn_003404,2025-03-29 22:49:32,1782.64,UPI,Axis,otp_failure,29,1,255,6.4,0.0,True
txn_003405,2026-02-23 17:55:05,1753.31,Credit Card,Kotak,expired_card,23,2,651,2.4,,False
txn_003406,2025-08-21 09:04:55,42.29,Netbanking,Kotak,insufficient_funds,21,3,517,3.4,3.65,False
txn_003407,2025-07-25 15:18:44,115.46,Debit Card,HDFC,otp_failure,25,1,473,3.2,0.22,True
txn_003408,2026-07-28 05:47:47,359.89,Wallet,IDFC,insufficient_funds,28,1,132,0.3,4.25,True
txn_003409,2025-06-18 21:48:27,67.29,UPI,HDFC,otp_failure,18,0,208,0.9,0.0,False
txn_003410,2025-12-26 16:00:27,1297.49,Wallet,PNB,insufficient_funds,26,0,836,0.6,3.73,True
txn_003411,2025-02-14 15:49:00,579.6,UPI,HDFC,bank_timeout,14,2,374,3.9,0.0,True
txn_003412,2026-04-24 02:18:55,226.44,Netbanking,Yes Bank,invalid_cvv,24,1,202,0.3,1.34,False
txn_003413,2025-08-20 17:39:33,188.67,UPI,ICICI,insufficient_funds,20,0,697,1.7,3.47,True
txn_003414,2025-01-05 00:05:06,2042.31,UPI,SBI,otp_failure,5,1,493,1.1,0.0,True
txn_003415,2025-11-09 07:05:32,105.84,UPI,HDFC,insufficient_funds,9,0,288,0.6,4.33,False
txn_003416,2025-03-20 17:04:23,893.99,Netbanking,PNB,expired_card,20,0,162,2.6,,False
txn_003417,2025-06-03 10:29:42,936.62,Credit Card,SBI,expired_card,3,1,321,0.6,,False
txn_003418,2025-11-16 00:21:29,2296.76,Credit Card,PNB,insufficient_funds,16,2,594,2.5,3.32,True
txn_003419,2025-01-06 08:49:12,624.53,Debit Card,Kotak,otp_failure,6,1,439,1.4,0.49,False
txn_003420,2025-06-25 14:43:14,1090.22,Netbanking,IDFC,expired_card,25,1,27,1.9,,False
txn_003421,2025-10-18 17:38:03,135.11,UPI,Yes Bank,network_error,18,0,285,0.2,0.0,True
txn_003422,2025-11-29 16:51:49,1282.82,Debit Card,Kotak,expired_card,29,1,131,2.2,,False
txn_003423,2025-03-26 10:13:17,82.0,Netbanking,PNB,expired_card,26,1,394,1.7,,False
txn_003424,2025-05-06 16:48:36,694.49,Debit Card,Yes Bank,insufficient_funds,6,0,269,0.9,4.03,False
txn_003425,2025-12-04 01:36:13,640.15,Credit Card,Yes Bank,insufficient_funds,4,1,41,0.0,4.9,True
txn_003426,2026-07-05 20:48:30,611.61,Debit Card,ICICI,network_error,5,2,692,1.9,0.18,False
txn_003427,2025-05-28 05:47:10,654.05,UPI,HDFC,otp_failure,28,2,174,1.1,0.73,True
txn_003428,2025-04-14 19:58:55,675.52,Netbanking,IDFC,expired_card,14,0,221,0.2,,False
txn_003429,2025-09-15 06:16:02,2442.41,Credit Card,SBI,otp_failure,15,3,605,9.4,0.5,True
txn_003430,2026-06-02 10:57:28,301.72,Debit Card,PNB,insufficient_funds,2,1,578,2.3,4.16,True
txn_003431,2026-06-01 17:01:34,895.29,UPI,ICICI,otp_failure,1,2,151,0.1,0.15,True
txn_003432,2025-11-24 01:47:08,59.06,Netbanking,PNB,invalid_cvv,24,2,46,2.9,1.12,False
txn_003433,2026-06-14 12:29:20,874.21,Debit Card,Yes Bank,bank_timeout,14,1,69,0.4,0.0,True
txn_003434,2025-11-07 14:13:45,321.25,Wallet,IDFC,bank_timeout,7,1,367,0.7,0.0,True
txn_003435,2025-04-13 01:48:10,477.79,Credit Card,ICICI,bank_timeout,13,3,86,1.4,0.0,False
txn_003436,2025-01-17 10:18:20,457.48,Debit Card,SBI,bank_timeout,17,1,169,0.0,0.33,True
txn_003437,2025-09-25 06:52:19,306.25,Wallet,HDFC,otp_failure,25,2,805,1.1,0.0,True
txn_003438,2026-06-16 14:50:34,119.24,Debit Card,HDFC,bank_timeout,16,1,846,3.3,0.0,False
txn_003439,2026-06-11 20:37:14,5159.75,UPI,IDFC,insufficient_funds,11,1,209,0.4,3.62,True
txn_003440,2026-04-09 18:30:18,898.1,Credit Card,IDFC,fraud_block,9,0,479,16.2,,False
txn_003441,2026-01-08 23:26:47,186.21,UPI,Kotak,bank_timeout,8,0,500,1.1,0.13,True
txn_003442,2026-01-13 10:22:39,1045.77,Credit Card,IDFC,insufficient_funds,13,0,141,1.4,4.14,True
txn_003443,2025-07-12 10:20:39,1818.01,Wallet,SBI,insufficient_funds,12,1,282,3.4,4.42,True
txn_003444,2026-07-21 10:10:43,210.76,Wallet,SBI,insufficient_funds,21,2,271,0.7,4.75,True
txn_003445,2025-07-13 18:23:52,872.17,UPI,ICICI,fraud_block,13,1,368,1.0,,False
txn_003446,2025-07-24 16:34:07,684.78,Debit Card,IDFC,bank_timeout,24,2,436,2.3,0.0,True
txn_003447,2025-06-04 02:40:34,1998.98,Netbanking,ICICI,invalid_cvv,4,0,456,4.4,0.18,False
txn_003448,2026-06-29 14:17:21,818.67,Wallet,SBI,bank_timeout,29,1,328,3.3,0.0,True
txn_003449,2025-05-27 13:02:41,1554.44,Wallet,SBI,insufficient_funds,27,2,434,2.2,4.06,False
txn_003450,2025-06-28 04:01:52,1454.84,Credit Card,SBI,network_error,28,0,168,1.5,0.52,True
txn_003451,2025-11-08 16:27:37,337.94,Credit Card,Kotak,expired_card,8,1,310,1.5,,False
txn_003452,2025-05-30 06:26:46,1183.67,Debit Card,IDFC,invalid_cvv,30,2,765,2.1,1.16,False
txn_003453,2025-01-14 17:13:52,692.08,Wallet,Axis,fraud_block,14,2,835,3.9,,False
txn_003454,2025-03-12 15:09:33,1242.6,Credit Card,IDFC,invalid_cvv,12,2,390,0.7,1.09,False
txn_003455,2025-11-13 08:34:11,182.46,Wallet,Kotak,bank_timeout,13,3,139,2.6,0.65,False
txn_003456,2026-06-28 19:54:25,908.43,Debit Card,Axis,insufficient_funds,28,1,83,2.1,3.49,True
txn_003457,2025-09-19 02:48:33,2454.57,Netbanking,PNB,bank_timeout,19,2,599,2.7,0.97,True
txn_003458,2025-02-17 15:38:30,166.71,Wallet,IDFC,insufficient_funds,17,0,189,0.8,4.46,False
txn_003459,2026-05-16 02:39:56,585.4,Credit Card,Kotak,expired_card,16,3,247,1.3,,False
txn_003460,2025-03-27 11:34:22,970.92,UPI,Yes Bank,network_error,27,2,709,1.9,0.0,True
txn_003461,2025-08-06 21:56:30,1317.4,UPI,IDFC,insufficient_funds,6,1,138,10.1,3.99,False
txn_003462,2025-07-11 19:49:44,2931.35,UPI,HDFC,insufficient_funds,11,3,55,0.0,2.77,False
txn_003463,2025-05-22 04:05:45,343.39,Credit Card,HDFC,fraud_block,22,1,799,1.6,,False
txn_003464,2025-02-10 11:47:07,368.37,UPI,Axis,insufficient_funds,10,1,230,0.8,4.24,False
txn_003465,2025-08-10 14:41:37,404.67,Netbanking,Kotak,network_error,10,1,467,1.5,0.1,True
txn_003466,2026-04-17 02:23:10,401.59,Credit Card,IDFC,insufficient_funds,17,1,684,1.6,4.09,False
txn_003467,2025-05-24 13:40:02,253.34,UPI,PNB,network_error,24,0,743,0.5,0.28,True
txn_003468,2025-10-10 09:38:44,200.41,UPI,Kotak,insufficient_funds,10,0,601,0.0,4.0,False
txn_003469,2025-03-28 15:02:38,851.9,Credit Card,HDFC,bank_timeout,28,1,371,1.0,0.0,True
txn_003470,2026-06-15 11:19:31,1633.2,Wallet,SBI,otp_failure,15,2,9,2.3,0.0,False
txn_003471,2025-09-15 06:14:03,4190.47,UPI,Yes Bank,network_error,15,1,169,0.4,0.01,True
txn_003472,2026-04-03 10:05:53,774.86,Wallet,Yes Bank,expired_card,3,0,48,1.3,,False
txn_003473,2025-07-05 01:20:35,1014.78,UPI,Axis,insufficient_funds,5,0,761,1.9,3.41,True
txn_003474,2026-03-30 20:38:55,5804.26,Netbanking,ICICI,insufficient_funds,30,0,513,1.8,3.93,False
txn_003475,2025-03-24 14:47:49,409.7,Debit Card,ICICI,expired_card,24,2,47,5.1,,False
txn_003476,2025-02-01 21:01:16,103.5,Wallet,Axis,bank_timeout,1,1,530,0.6,0.0,True
txn_003477,2025-05-30 20:25:45,843.75,Netbanking,ICICI,otp_failure,30,2,497,0.7,0.0,True
txn_003478,2025-02-28 03:51:24,304.12,Wallet,Yes Bank,network_error,28,1,754,4.6,0.0,True
txn_003479,2025-08-23 03:55:39,177.31,Netbanking,Axis,fraud_block,23,2,793,3.3,,False
txn_003480,2026-02-19 10:14:01,1027.05,Debit Card,HDFC,expired_card,19,0,880,1.7,,False
txn_003481,2025-04-10 06:57:36,881.21,Debit Card,IDFC,network_error,10,1,11,4.3,0.0,False
txn_003482,2026-03-04 13:58:59,715.41,UPI,Yes Bank,insufficient_funds,4,2,740,0.3,3.98,True
txn_003483,2025-10-12 06:57:31,653.77,Netbanking,ICICI,bank_timeout,12,0,707,1.9,0.0,True
txn_003484,2025-12-05 17:58:24,1503.48,Credit Card,PNB,network_error,5,2,631,2.0,0.0,True
txn_003485,2025-11-22 10:48:13,302.71,Wallet,HDFC,insufficient_funds,22,1,383,3.4,5.18,True
txn_003486,2025-05-10 15:53:46,297.53,Wallet,Kotak,expired_card,10,0,243,0.2,,False
txn_003487,2026-06-26 03:32:43,149.14,Debit Card,Kotak,invalid_cvv,26,1,49,3.7,0.43,False
txn_003488,2025-02-05 07:09:37,226.55,Wallet,HDFC,bank_timeout,5,2,202,0.4,0.0,True
txn_003489,2026-06-23 21:25:53,398.57,Debit Card,IDFC,network_error,23,0,284,3.6,0.1,True
txn_003490,2026-01-20 11:57:05,794.2,Wallet,ICICI,fraud_block,20,1,482,0.8,,False
txn_003491,2025-05-09 13:28:59,286.47,Netbanking,IDFC,otp_failure,9,1,781,0.5,0.0,True
txn_003492,2026-03-13 21:44:01,72.92,Netbanking,IDFC,insufficient_funds,13,2,140,8.7,4.04,False
txn_003493,2026-04-17 15:22:15,1796.63,UPI,Axis,otp_failure,17,3,415,0.8,0.51,True
txn_003494,2025-05-23 23:14:43,1111.05,Credit Card,SBI,expired_card,23,0,125,4.2,,False
txn_003495,2026-03-21 04:57:03,319.25,Debit Card,HDFC,network_error,21,1,402,1.0,0.0,True
txn_003496,2026-02-03 07:12:15,425.35,Netbanking,Kotak,otp_failure,3,1,211,7.3,0.83,False
txn_003497,2025-08-24 15:58:31,359.81,Debit Card,Kotak,invalid_cvv,24,2,702,3.6,0.92,True
txn_003498,2026-07-05 02:49:28,667.55,UPI,ICICI,insufficient_funds,5,0,89,3.2,4.52,True
txn_003499,2025-05-13 21:42:17,330.99,Debit Card,HDFC,insufficient_funds,13,1,675,2.1,4.64,False
txn_003500,2026-02-19 10:23:14,148.59,Debit Card,Kotak,network_error,19,0,271,3.3,0.0,True
txn_003501,2025-01-31 08:42:10,408.51,Debit Card,Kotak,bank_timeout,31,1,899,0.3,0.0,True
txn_003502,2025-04-14 06:45:59,749.13,UPI,HDFC,otp_failure,14,1,580,1.4,0.31,True
txn_003503,2026-05-14 23:26:54,322.97,Debit Card,Axis,bank_timeout,14,0,745,1.2,0.08,True
txn_003504,2026-02-20 05:34:18,1069.34,Credit Card,HDFC,insufficient_funds,20,0,706,0.9,3.71,False
txn_003505,2026-05-19 19:37:42,1159.63,UPI,Yes Bank,otp_failure,19,0,118,0.2,0.02,True
txn_003506,2025-09-10 02:16:18,380.05,Credit Card,Kotak,invalid_cvv,10,1,230,0.2,0.89,True
txn_003507,2026-07-15 20:32:21,793.14,Debit Card,IDFC,insufficient_funds,15,0,762,0.0,4.01,True
txn_003508,2026-04-20 22:51:04,2247.51,UPI,Yes Bank,bank_timeout,20,0,888,3.6,0.55,False
txn_003509,2025-02-14 11:28:03,222.66,Credit Card,Yes Bank,bank_timeout,14,0,885,1.7,0.57,True
txn_003510,2025-06-20 07:40:04,421.99,UPI,SBI,expired_card,20,2,505,0.1,,True
txn_003511,2025-07-18 19:56:50,1972.03,Credit Card,ICICI,bank_timeout,18,0,133,1.1,0.19,True
txn_003512,2026-07-16 06:16:52,1716.08,Netbanking,Kotak,invalid_cvv,16,0,606,0.3,1.36,False
txn_003513,2026-05-02 09:45:59,242.51,Wallet,Axis,insufficient_funds,2,1,356,1.4,3.62,False
txn_003514,2025-12-10 10:55:25,2765.27,Debit Card,Yes Bank,insufficient_funds,10,1,892,0.6,4.23,False
txn_003515,2025-07-28 18:40:26,827.38,Debit Card,IDFC,fraud_block,28,0,566,0.8,,False
txn_003516,2025-05-01 21:22:02,37.66,Netbanking,Axis,insufficient_funds,1,0,298,0.2,3.79,False
txn_003517,2026-07-21 20:40:47,3866.26,Netbanking,Yes Bank,otp_failure,21,2,384,1.8,0.08,True
txn_003518,2025-04-26 05:08:58,818.9,Netbanking,ICICI,insufficient_funds,26,0,240,2.9,3.89,True
txn_003519,2026-01-21 05:23:11,193.38,Debit Card,PNB,bank_timeout,21,1,222,1.6,0.0,True
txn_003520,2025-05-24 17:10:20,561.57,Debit Card,Axis,network_error,24,3,848,2.2,0.0,True
txn_003521,2026-03-19 11:11:40,440.19,Netbanking,SBI,insufficient_funds,19,0,38,1.0,3.85,False
txn_003522,2026-05-18 23:28:22,1083.96,UPI,HDFC,bank_timeout,18,2,824,0.7,0.0,True
txn_003523,2025-08-29 21:48:20,5259.16,Debit Card,SBI,fraud_block,29,1,647,4.8,,False
txn_003524,2025-11-03 04:22:15,809.3,Wallet,Axis,otp_failure,3,0,183,1.1,0.03,True
txn_003525,2025-02-23 22:43:07,2662.16,Debit Card,ICICI,expired_card,23,0,103,2.4,,False
txn_003526,2025-11-28 04:34:46,17.2,Debit Card,PNB,expired_card,28,0,327,1.1,,False
txn_003527,2026-05-17 01:53:06,408.96,Netbanking,ICICI,insufficient_funds,17,1,180,3.3,4.1,False
txn_003528,2026-07-17 14:03:34,2408.59,Wallet,SBI,insufficient_funds,17,0,154,3.6,4.05,False
txn_003529,2026-07-19 11:52:28,540.42,Credit Card,ICICI,insufficient_funds,19,2,539,1.6,4.89,False
txn_003530,2025-10-21 12:06:10,175.94,Netbanking,HDFC,insufficient_funds,21,1,181,0.4,3.68,False
txn_003531,2025-03-27 11:12:38,1547.57,Credit Card,HDFC,network_error,27,1,656,0.5,1.06,True
txn_003532,2025-04-13 15:59:45,2375.62,Debit Card,ICICI,insufficient_funds,13,2,693,0.8,3.98,False
txn_003533,2025-07-27 21:28:42,2401.86,Debit Card,HDFC,insufficient_funds,27,0,181,3.1,4.27,False
txn_003534,2025-01-08 07:09:26,205.26,Credit Card,Yes Bank,fraud_block,8,0,698,6.5,,False
txn_003535,2026-07-04 11:55:52,1461.73,Credit Card,Axis,bank_timeout,4,0,224,3.1,0.0,False
txn_003536,2025-04-19 03:26:13,158.51,Netbanking,PNB,insufficient_funds,19,0,442,1.1,4.68,False
txn_003537,2025-05-07 17:13:58,772.95,UPI,Yes Bank,bank_timeout,7,2,751,6.6,0.81,True
txn_003538,2026-01-07 23:29:57,3188.56,Debit Card,Axis,otp_failure,7,3,373,2.8,0.0,False
txn_003539,2025-02-13 09:35:41,2057.68,Wallet,Kotak,insufficient_funds,13,3,336,0.7,3.8,False
txn_003540,2026-05-03 09:11:02,382.95,Wallet,ICICI,expired_card,3,0,716,1.9,,False
txn_003541,2025-01-17 11:20:38,783.1,Credit Card,ICICI,otp_failure,17,2,20,6.7,1.0,False
txn_003542,2026-02-28 00:51:52,8005.79,UPI,ICICI,expired_card,28,1,188,1.0,,False
txn_003543,2026-02-02 07:50:30,300.07,Netbanking,SBI,insufficient_funds,2,1,605,2.2,4.08,True
txn_003544,2025-01-01 22:33:49,1916.07,Debit Card,HDFC,insufficient_funds,1,1,802,2.1,4.29,True
txn_003545,2025-06-26 01:31:51,259.74,Netbanking,IDFC,bank_timeout,26,2,68,1.7,0.32,True
txn_003546,2025-04-25 11:17:50,448.99,UPI,Kotak,bank_timeout,25,1,24,3.5,0.18,False
txn_003547,2025-06-25 10:47:24,824.71,Netbanking,ICICI,insufficient_funds,25,4,201,0.2,3.29,False
txn_003548,2026-01-18 00:12:00,180.16,Debit Card,ICICI,otp_failure,18,3,797,3.3,0.17,True
txn_003549,2025-06-24 09:24:07,121.5,Credit Card,Kotak,otp_failure,24,1,416,4.1,0.0,True
txn_003550,2025-10-05 12:42:07,1028.4,Credit Card,Yes Bank,otp_failure,5,0,666,3.5,0.07,False
txn_003551,2025-04-02 22:13:19,874.01,UPI,ICICI,expired_card,2,2,530,2.0,,True
txn_003552,2025-02-03 16:02:36,175.01,Wallet,SBI,expired_card,3,0,191,2.8,,False
txn_003553,2025-05-19 07:25:26,3199.94,Netbanking,Yes Bank,fraud_block,19,1,617,1.3,,False
txn_003554,2026-04-11 17:34:05,12271.85,Debit Card,IDFC,bank_timeout,11,1,746,1.1,0.0,False
txn_003555,2025-04-27 16:18:15,1337.69,UPI,Kotak,bank_timeout,27,0,743,0.7,0.0,True
txn_003556,2025-09-28 14:22:47,408.14,Credit Card,Kotak,network_error,28,1,301,0.9,0.44,True
txn_003557,2026-01-23 18:42:32,588.28,UPI,Kotak,bank_timeout,23,0,796,1.6,0.21,True
txn_003558,2026-07-07 11:43:03,1660.63,Credit Card,HDFC,network_error,7,1,174,0.8,0.63,False
txn_003559,2025-04-26 10:54:19,465.03,Debit Card,Yes Bank,insufficient_funds,26,0,415,1.1,4.61,True
txn_003560,2025-04-25 18:49:20,363.27,Netbanking,PNB,otp_failure,25,2,2,7.3,0.01,True
txn_003561,2026-07-15 06:49:00,292.9,Netbanking,ICICI,expired_card,15,3,289,0.8,,False
txn_003562,2025-03-29 21:31:49,77.04,Wallet,IDFC,network_error,29,0,756,2.3,0.0,True
txn_003563,2026-07-19 10:48:50,914.45,UPI,SBI,fraud_block,19,0,131,0.1,,False
txn_003564,2025-03-12 06:03:16,157.91,UPI,SBI,expired_card,12,2,249,2.5,,False
txn_003565,2025-05-22 06:20:45,771.36,Netbanking,Yes Bank,insufficient_funds,22,2,791,1.7,3.85,False
txn_003566,2025-09-06 00:28:39,195.79,Netbanking,IDFC,expired_card,6,0,362,0.5,,False
txn_003567,2026-01-09 19:52:07,183.32,Netbanking,Yes Bank,insufficient_funds,9,2,452,0.8,4.75,True
txn_003568,2025-04-18 08:37:52,865.22,Debit Card,IDFC,expired_card,18,5,472,1.8,,False
txn_003569,2025-11-22 04:22:52,4665.22,Wallet,PNB,bank_timeout,22,1,639,3.3,0.13,True
txn_003570,2026-02-23 10:58:35,255.7,Wallet,PNB,expired_card,23,0,199,0.4,,False
txn_003571,2026-02-18 14:02:34,410.23,Wallet,Axis,bank_timeout,18,2,798,0.1,0.88,True
txn_003572,2025-10-26 17:58:18,1410.11,Credit Card,IDFC,network_error,26,6,210,2.5,0.0,False
txn_003573,2026-02-14 06:59:03,415.21,Wallet,Axis,insufficient_funds,14,2,821,3.1,3.39,False
txn_003574,2026-07-01 02:36:33,284.71,Credit Card,Axis,network_error,1,0,796,3.0,0.0,True
txn_003575,2025-10-08 22:45:09,657.5,Credit Card,Axis,invalid_cvv,8,0,174,3.5,1.33,True
txn_003576,2025-01-14 07:47:09,225.48,UPI,PNB,bank_timeout,14,0,532,1.5,0.61,True
txn_003577,2025-04-14 18:20:52,239.1,Credit Card,HDFC,bank_timeout,14,1,110,2.0,0.0,False
txn_003578,2025-09-29 08:18:36,1381.4,UPI,SBI,insufficient_funds,29,2,380,0.3,4.12,True
txn_003579,2025-08-17 21:33:20,420.26,Netbanking,SBI,otp_failure,17,2,620,2.1,0.67,False
txn_003580,2026-03-05 08:42:44,1352.76,Netbanking,Axis,network_error,5,0,222,3.4,0.28,True
txn_003581,2025-06-13 16:25:45,331.12,Debit Card,HDFC,otp_failure,13,2,13,1.2,0.0,True
txn_003582,2025-04-18 00:48:09,1730.64,Credit Card,SBI,expired_card,18,1,170,6.5,,False
txn_003583,2025-10-21 04:22:44,1855.33,Credit Card,IDFC,insufficient_funds,21,1,761,5.8,4.62,True
txn_003584,2025-10-16 16:41:46,404.37,Credit Card,ICICI,invalid_cvv,16,0,657,2.2,1.07,False
txn_003585,2026-05-30 18:30:19,513.47,Wallet,ICICI,invalid_cvv,30,1,368,3.4,0.96,True
txn_003586,2026-01-06 08:41:29,584.26,Wallet,SBI,network_error,6,0,184,0.1,0.0,False
txn_003587,2025-01-24 10:42:10,83.94,Debit Card,Yes Bank,expired_card,24,2,601,1.3,,False
txn_003588,2025-04-20 17:36:12,628.05,Credit Card,Axis,otp_failure,20,2,476,1.1,0.27,False
txn_003589,2025-03-01 20:36:04,685.15,Credit Card,IDFC,insufficient_funds,1,1,349,0.8,4.3,True
txn_003590,2025-04-27 06:55:52,180.96,Debit Card,PNB,insufficient_funds,27,0,482,0.9,3.19,False
txn_003591,2025-04-19 19:53:03,1129.6,Wallet,Kotak,insufficient_funds,19,0,280,3.3,3.41,True
txn_003592,2026-01-01 04:52:27,575.28,Netbanking,Yes Bank,bank_timeout,1,0,528,0.9,0.71,True
txn_003593,2025-12-11 20:16:06,1574.93,Credit Card,Kotak,bank_timeout,11,1,618,0.0,0.0,True
txn_003594,2025-03-28 10:09:39,2297.41,Debit Card,HDFC,insufficient_funds,28,3,518,0.2,3.51,True
txn_003595,2026-05-15 00:12:57,337.49,Credit Card,SBI,invalid_cvv,15,2,751,5.6,1.36,False
txn_003596,2026-01-26 22:06:24,588.23,Debit Card,HDFC,insufficient_funds,26,0,518,1.5,4.41,True
txn_003597,2025-11-04 21:15:28,382.41,Netbanking,PNB,network_error,4,2,332,1.9,0.0,True
txn_003598,2026-03-07 10:12:54,3016.78,UPI,Kotak,insufficient_funds,7,1,445,0.9,4.02,False
txn_003599,2026-07-05 23:17:41,2573.85,Debit Card,IDFC,expired_card,5,1,335,0.8,,False
txn_003600,2025-05-02 18:58:32,295.27,UPI,ICICI,network_error,2,0,590,0.5,0.19,True
txn_003601,2026-02-10 01:29:02,773.83,Netbanking,SBI,otp_failure,10,1,496,0.7,0.13,False
txn_003602,2025-06-14 13:26:08,1283.0,Netbanking,HDFC,invalid_cvv,14,0,739,0.3,1.59,False
txn_003603,2025-06-20 00:42:40,693.26,Netbanking,SBI,otp_failure,20,2,12,0.7,0.45,True
txn_003604,2026-03-11 10:00:04,1275.62,Wallet,ICICI,network_error,11,2,692,2.9,0.17,False
txn_003605,2026-06-22 19:46:02,306.76,Netbanking,PNB,expired_card,22,3,26,0.3,,False
txn_003606,2025-09-01 06:16:42,3722.58,Netbanking,IDFC,insufficient_funds,1,1,620,0.3,3.48,False
txn_003607,2025-05-09 00:32:55,597.55,Credit Card,Yes Bank,bank_timeout,9,0,507,2.1,0.28,True
txn_003608,2026-05-18 06:22:38,249.19,Netbanking,Axis,bank_timeout,18,2,723,0.2,0.28,True
txn_003609,2025-07-29 15:39:55,85.58,Credit Card,ICICI,expired_card,29,2,139,2.3,,False
txn_003610,2025-03-02 10:27:25,1150.22,UPI,Yes Bank,network_error,2,2,85,1.1,0.16,True
txn_003611,2025-01-22 18:52:07,107.16,Debit Card,Kotak,invalid_cvv,22,4,842,0.1,0.8,False
txn_003612,2025-05-07 10:04:25,286.1,Wallet,ICICI,otp_failure,7,1,718,1.5,0.0,True
txn_003613,2025-02-20 17:38:15,410.07,Debit Card,HDFC,insufficient_funds,20,1,894,4.5,2.78,False
txn_003614,2025-08-29 02:24:59,2542.84,Debit Card,Axis,insufficient_funds,29,1,884,4.8,3.45,True
txn_003615,2026-05-11 20:25:57,1363.12,Credit Card,Axis,network_error,11,0,129,0.1,0.0,True
txn_003616,2025-07-29 01:39:19,623.86,Credit Card,HDFC,fraud_block,29,1,548,1.2,,False
txn_003617,2026-03-14 20:51:45,99.1,Netbanking,HDFC,bank_timeout,14,2,218,0.6,0.42,True
txn_003618,2025-02-07 07:41:47,439.19,UPI,ICICI,insufficient_funds,7,0,350,5.5,3.99,True
txn_003619,2025-08-28 16:48:41,607.71,Credit Card,Yes Bank,fraud_block,28,0,879,9.8,,False
txn_003620,2025-08-08 08:21:29,700.11,Netbanking,Axis,bank_timeout,8,0,589,3.9,0.02,True
txn_003621,2025-09-02 06:11:28,87.88,Netbanking,Yes Bank,expired_card,2,1,785,2.0,,False
txn_003622,2025-04-11 14:22:11,929.77,Credit Card,Yes Bank,network_error,11,0,454,0.1,0.64,True
txn_003623,2025-11-13 08:22:18,666.41,Wallet,ICICI,otp_failure,13,1,615,1.4,0.66,True
txn_003624,2026-01-26 01:15:35,1376.24,Debit Card,HDFC,insufficient_funds,26,2,153,0.3,3.02,False
txn_003625,2026-04-02 01:44:41,123.15,Netbanking,PNB,insufficient_funds,2,1,358,0.9,4.22,True
txn_003626,2026-04-01 10:30:32,1288.43,Credit Card,Kotak,expired_card,1,1,541,1.0,,False
txn_003627,2025-05-06 05:24:52,304.53,Debit Card,PNB,network_error,6,0,266,2.8,0.52,True
txn_003628,2025-03-03 04:03:34,1118.49,Credit Card,Axis,bank_timeout,3,1,863,1.5,0.0,False
txn_003629,2025-06-17 11:57:18,643.08,Debit Card,SBI,bank_timeout,17,1,379,1.0,0.44,False
txn_003630,2026-01-25 14:52:22,448.99,Wallet,Yes Bank,insufficient_funds,25,2,573,0.7,4.01,True
txn_003631,2025-12-14 13:38:08,1281.83,Debit Card,Yes Bank,insufficient_funds,14,5,567,1.3,3.38,False
txn_003632,2025-08-14 21:40:48,1801.44,UPI,IDFC,otp_failure,14,1,633,2.8,0.64,True
txn_003633,2025-02-01 01:53:40,730.31,Netbanking,Axis,network_error,1,1,820,1.4,0.88,True
txn_003634,2025-06-12 04:41:55,464.39,Wallet,ICICI,insufficient_funds,12,1,198,0.6,3.14,False
txn_003635,2025-04-29 08:58:05,2029.02,Wallet,PNB,otp_failure,29,0,733,4.8,0.0,False
txn_003636,2025-03-17 15:46:48,846.68,Credit Card,SBI,bank_timeout,17,1,575,0.7,0.0,True
txn_003637,2025-08-29 10:17:12,1861.44,Wallet,ICICI,insufficient_funds,29,1,679,2.1,4.35,False
txn_003638,2026-01-23 12:23:55,813.05,Credit Card,PNB,expired_card,23,1,784,1.1,,False
txn_003639,2025-09-01 16:08:25,257.72,Debit Card,Kotak,bank_timeout,1,2,49,1.1,0.0,True
txn_003640,2025-05-06 10:03:55,1271.16,Credit Card,Kotak,insufficient_funds,6,2,819,0.9,3.65,False
txn_003641,2026-03-24 18:57:20,930.87,UPI,Yes Bank,bank_timeout,24,0,242,0.8,0.14,True
txn_003642,2025-03-11 07:21:13,124.62,Credit Card,SBI,otp_failure,11,1,419,3.4,0.3,True
txn_003643,2026-07-06 23:34:11,1419.53,Netbanking,Kotak,insufficient_funds,6,1,468,2.3,4.23,False
txn_003644,2026-01-03 14:13:24,959.33,UPI,PNB,otp_failure,3,2,260,1.1,0.0,True
txn_003645,2026-05-21 02:19:22,488.34,Debit Card,ICICI,bank_timeout,21,3,563,0.3,0.0,True
txn_003646,2026-03-18 17:57:35,528.61,Netbanking,HDFC,insufficient_funds,18,0,845,2.4,4.57,True
txn_003647,2025-10-10 07:36:40,750.41,UPI,IDFC,insufficient_funds,10,0,303,0.7,4.15,False
txn_003648,2025-11-14 16:55:55,1959.33,Wallet,SBI,bank_timeout,14,3,884,4.3,0.16,True
txn_003649,2025-12-09 09:37:24,473.64,UPI,Yes Bank,bank_timeout,9,0,472,2.1,0.78,True
txn_003650,2025-10-18 05:57:28,488.67,Credit Card,IDFC,fraud_block,18,1,862,0.6,,False
txn_003651,2026-01-28 23:27:01,429.8,Netbanking,Kotak,network_error,28,3,787,0.5,0.77,False
txn_003652,2026-06-15 03:45:30,250.52,Credit Card,HDFC,invalid_cvv,15,2,625,0.5,1.13,True
txn_003653,2026-07-30 14:02:04,227.54,Debit Card,HDFC,bank_timeout,30,0,587,0.2,0.0,False
txn_003654,2025-05-01 01:14:55,159.96,Credit Card,Kotak,insufficient_funds,1,0,255,1.5,3.31,True
txn_003655,2025-10-19 21:49:26,666.56,Debit Card,IDFC,invalid_cvv,19,3,441,1.0,1.15,False
txn_003656,2025-02-26 16:25:16,271.49,Debit Card,IDFC,insufficient_funds,26,1,508,1.7,4.11,False
txn_003657,2025-12-26 01:29:49,2655.4,Credit Card,Yes Bank,otp_failure,26,0,716,2.0,0.72,True
txn_003658,2025-12-28 20:35:16,111.74,Netbanking,PNB,bank_timeout,28,1,131,0.2,0.47,True
txn_003659,2025-03-26 18:07:35,3914.48,Credit Card,SBI,otp_failure,26,2,697,0.9,0.0,False
txn_003660,2026-07-23 09:19:58,199.64,Credit Card,IDFC,bank_timeout,23,1,517,5.1,0.0,False
txn_003661,2025-12-03 09:50:15,2138.65,Debit Card,IDFC,invalid_cvv,3,2,342,4.5,1.24,False
txn_003662,2025-09-13 07:47:48,2216.73,Credit Card,Yes Bank,otp_failure,13,2,167,1.9,0.38,True
txn_003663,2025-09-23 23:14:14,2009.83,Wallet,PNB,insufficient_funds,23,1,61,3.1,3.86,False
txn_003664,2025-06-15 03:48:25,8851.39,Netbanking,ICICI,insufficient_funds,15,0,542,0.1,3.5,False
txn_003665,2025-08-05 05:17:14,915.53,Netbanking,HDFC,expired_card,5,1,204,2.3,,False
txn_003666,2026-02-28 09:03:01,1079.75,Debit Card,PNB,invalid_cvv,28,1,680,5.1,1.61,False
txn_003667,2025-04-24 00:34:25,360.11,Debit Card,Yes Bank,invalid_cvv,24,0,370,1.0,0.25,False
txn_003668,2026-03-18 08:08:17,857.52,Credit Card,IDFC,insufficient_funds,18,2,335,0.2,4.16,False
txn_003669,2025-02-18 11:13:30,815.39,UPI,IDFC,bank_timeout,18,3,447,0.4,0.0,True
txn_003670,2026-01-03 16:59:43,680.76,Debit Card,HDFC,fraud_block,3,0,314,2.0,,False
txn_003671,2025-06-14 06:30:47,2075.4,Credit Card,IDFC,bank_timeout,14,4,30,4.9,0.0,True
txn_003672,2025-07-29 14:20:00,1818.78,UPI,SBI,otp_failure,29,2,158,0.4,0.64,True
txn_003673,2025-03-06 22:15:16,797.56,Debit Card,ICICI,insufficient_funds,6,3,631,1.9,3.47,True
txn_003674,2025-08-01 17:57:54,2555.44,Netbanking,ICICI,bank_timeout,1,2,440,2.2,0.44,True
txn_003675,2025-08-20 17:24:03,5170.26,Netbanking,IDFC,network_error,20,4,711,0.6,0.16,True
txn_003676,2026-02-12 14:34:11,118.14,Debit Card,Kotak,network_error,12,0,281,9.6,0.0,True
txn_003677,2025-05-23 23:28:04,314.45,Credit Card,ICICI,insufficient_funds,23,2,390,6.3,3.57,False
txn_003678,2025-11-29 20:27:29,188.79,UPI,Kotak,bank_timeout,29,1,341,0.9,0.0,True
txn_003679,2025-05-08 19:07:21,7476.09,Debit Card,Yes Bank,invalid_cvv,8,1,398,2.0,0.98,False
txn_003680,2025-11-22 12:36:37,267.48,Netbanking,PNB,bank_timeout,22,1,393,3.7,0.47,True
txn_003681,2026-02-20 22:33:38,503.71,Debit Card,IDFC,network_error,20,1,304,3.2,1.06,False
txn_003682,2025-10-03 11:56:42,578.32,Wallet,IDFC,otp_failure,3,2,108,3.7,0.15,True
txn_003683,2025-01-08 17:08:12,952.29,Wallet,Axis,insufficient_funds,8,1,621,2.8,4.29,False
txn_003684,2025-03-02 10:27:34,2589.29,Wallet,SBI,insufficient_funds,2,1,791,0.8,3.45,False
txn_003685,2025-09-09 10:48:45,259.32,UPI,HDFC,expired_card,9,0,399,0.7,,False
txn_003686,2025-04-27 21:38:25,296.5,Netbanking,SBI,otp_failure,27,1,294,2.2,0.0,True
txn_003687,2026-01-23 22:20:31,581.74,UPI,ICICI,expired_card,23,1,708,0.2,,False
txn_003688,2026-06-08 11:15:04,629.91,Netbanking,Kotak,insufficient_funds,8,0,820,2.7,2.96,True
txn_003689,2026-02-09 10:23:48,1020.87,Credit Card,PNB,bank_timeout,9,2,501,0.3,0.0,True
txn_003690,2025-04-08 15:32:18,322.53,Netbanking,ICICI,invalid_cvv,8,1,166,2.5,0.63,False
txn_003691,2025-01-29 08:08:52,523.92,Debit Card,Axis,network_error,29,0,411,7.6,0.13,True
txn_003692,2025-11-23 08:39:01,1298.06,Wallet,SBI,expired_card,23,0,708,6.6,,False
txn_003693,2026-04-12 18:23:46,1335.14,Netbanking,Axis,otp_failure,12,2,418,3.2,0.39,True
txn_003694,2025-09-28 08:47:06,508.03,Debit Card,Axis,bank_timeout,28,2,94,1.3,0.1,True
txn_003695,2026-06-12 21:11:19,293.9,Wallet,HDFC,expired_card,12,1,43,3.5,,False
txn_003696,2025-10-15 14:04:47,194.6,UPI,HDFC,expired_card,15,0,404,1.6,,False
txn_003697,2025-08-23 12:39:10,487.42,UPI,ICICI,network_error,23,3,284,1.7,0.31,True
txn_003698,2026-06-28 04:12:59,113.55,Netbanking,PNB,expired_card,28,3,322,3.0,,False
txn_003699,2025-11-18 14:31:15,442.62,Netbanking,Yes Bank,insufficient_funds,18,2,727,4.8,3.79,True
txn_003700,2025-10-01 13:41:34,594.26,Wallet,IDFC,expired_card,1,5,458,2.6,,False
txn_003701,2026-02-11 08:35:32,764.18,UPI,ICICI,invalid_cvv,11,1,574,3.3,1.44,True
txn_003702,2025-05-17 13:24:24,2010.09,Netbanking,IDFC,insufficient_funds,17,1,797,1.4,3.37,False
txn_003703,2025-10-17 19:29:19,1915.41,Debit Card,SBI,otp_failure,17,0,22,0.5,0.63,True
txn_003704,2026-02-26 13:50:00,514.35,Netbanking,IDFC,insufficient_funds,26,2,569,3.7,4.43,True
txn_003705,2025-08-10 09:18:20,1030.21,Netbanking,Kotak,expired_card,10,2,879,2.0,,False
txn_003706,2026-06-30 07:57:18,617.85,Wallet,ICICI,insufficient_funds,30,2,325,0.2,3.56,True
txn_003707,2025-03-10 01:21:30,1967.81,Credit Card,ICICI,otp_failure,10,2,161,0.5,0.0,False
txn_003708,2026-05-20 13:52:48,3518.11,Credit Card,IDFC,network_error,20,1,146,2.5,0.57,True
txn_003709,2025-03-22 12:38:51,300.36,Netbanking,ICICI,insufficient_funds,22,0,202,0.2,4.2,True
txn_003710,2026-05-08 01:45:53,187.71,Netbanking,HDFC,invalid_cvv,8,1,611,1.5,1.49,True
txn_003711,2026-06-03 15:01:08,2019.34,UPI,IDFC,insufficient_funds,3,0,310,0.2,3.76,True
txn_003712,2025-06-14 13:33:50,719.41,Debit Card,PNB,invalid_cvv,14,2,235,2.1,1.14,False
txn_003713,2026-03-05 10:20:38,664.44,Netbanking,ICICI,network_error,5,2,864,0.9,0.99,False
txn_003714,2025-06-01 21:30:25,697.19,Netbanking,ICICI,invalid_cvv,1,0,32,2.0,1.15,True
txn_003715,2025-09-30 07:54:45,1179.19,Netbanking,IDFC,otp_failure,30,0,158,0.1,0.22,False
txn_003716,2026-05-16 21:03:02,437.13,Netbanking,HDFC,otp_failure,16,1,361,1.7,0.0,True
txn_003717,2025-10-18 23:51:59,552.34,Debit Card,Kotak,otp_failure,18,1,180,2.9,0.0,False
txn_003718,2025-07-27 20:35:45,817.18,UPI,Kotak,insufficient_funds,27,3,300,4.0,2.55,False
txn_003719,2025-11-19 02:52:34,3907.73,Debit Card,HDFC,invalid_cvv,19,3,307,0.4,1.19,False
txn_003720,2025-11-18 23:53:46,297.91,Credit Card,HDFC,insufficient_funds,18,1,46,1.8,4.39,True
txn_003721,2025-01-21 09:16:34,2239.93,Debit Card,Yes Bank,bank_timeout,21,0,188,1.0,0.43,True
txn_003722,2026-02-08 02:10:33,176.39,Wallet,Yes Bank,otp_failure,8,0,734,2.9,0.0,False
txn_003723,2025-09-18 06:31:45,1675.61,Debit Card,IDFC,insufficient_funds,18,0,517,3.3,3.73,False
txn_003724,2025-07-07 20:03:31,328.72,Wallet,IDFC,expired_card,7,0,133,0.1,,False
txn_003725,2025-05-30 15:27:00,1124.16,Wallet,IDFC,network_error,30,5,132,0.9,0.11,False
txn_003726,2025-02-10 01:32:21,125.02,Wallet,IDFC,insufficient_funds,10,2,594,1.7,4.15,True
txn_003727,2025-04-11 02:19:10,923.62,Netbanking,SBI,expired_card,11,3,420,0.7,,False
txn_003728,2025-11-10 02:40:59,1305.7,UPI,SBI,network_error,10,0,707,0.4,1.14,True
txn_003729,2025-12-06 17:45:23,879.98,Debit Card,ICICI,expired_card,6,0,783,1.0,,False
txn_003730,2026-07-06 11:49:21,276.83,Debit Card,ICICI,bank_timeout,6,1,47,2.1,0.15,False
txn_003731,2026-05-06 10:54:52,2598.21,Wallet,IDFC,otp_failure,6,3,650,0.0,0.0,True
txn_003732,2026-05-03 06:03:43,5511.53,UPI,SBI,insufficient_funds,3,1,419,0.7,4.71,False
txn_003733,2025-09-08 10:03:28,95.54,Debit Card,ICICI,bank_timeout,8,0,793,0.0,0.94,False
txn_003734,2025-03-14 10:35:35,165.73,Credit Card,IDFC,insufficient_funds,14,0,873,1.3,4.44,True
txn_003735,2025-01-09 23:05:10,426.58,Wallet,SBI,otp_failure,9,1,881,0.3,0.0,True
txn_003736,2025-01-22 14:34:16,641.59,Wallet,ICICI,insufficient_funds,22,0,565,0.0,4.44,True
txn_003737,2026-03-21 03:00:34,461.0,Netbanking,HDFC,invalid_cvv,21,3,795,2.3,0.25,False
txn_003738,2026-07-31 14:12:48,952.68,Debit Card,PNB,insufficient_funds,31,1,105,1.2,4.3,True
txn_003739,2026-05-08 19:15:01,632.95,UPI,SBI,insufficient_funds,8,1,296,10.8,4.93,True
txn_003740,2025-07-06 04:44:23,290.8,Debit Card,Kotak,insufficient_funds,6,1,179,0.2,3.9,True
txn_003741,2025-05-31 13:13:58,1549.18,Wallet,Axis,invalid_cvv,31,1,116,0.1,0.2,True
txn_003742,2026-07-19 03:26:54,1633.96,Netbanking,Kotak,bank_timeout,19,1,327,0.3,0.0,True
txn_003743,2026-05-28 01:27:15,1595.7,Credit Card,Kotak,expired_card,28,1,724,8.3,,False
txn_003744,2025-03-06 10:32:57,2249.04,Debit Card,HDFC,bank_timeout,6,2,57,0.9,0.0,True
txn_003745,2026-05-11 20:23:17,790.78,Wallet,ICICI,bank_timeout,11,2,161,2.4,0.0,True
txn_003746,2025-03-28 03:54:48,1849.16,Netbanking,ICICI,invalid_cvv,28,0,100,5.5,0.7,False
txn_003747,2025-03-25 04:03:12,1033.72,Debit Card,Kotak,otp_failure,25,1,629,6.5,0.0,False
txn_003748,2025-07-23 11:56:04,3996.37,Debit Card,ICICI,network_error,23,1,386,1.2,0.0,True
txn_003749,2025-03-02 02:29:39,118.44,Netbanking,Yes Bank,network_error,2,2,710,1.3,1.29,True
txn_003750,2025-06-11 12:53:15,154.86,Netbanking,ICICI,otp_failure,11,1,639,1.3,0.07,False
txn_003751,2026-01-17 09:35:32,1323.01,Credit Card,IDFC,insufficient_funds,17,0,760,0.2,3.54,True
txn_003752,2025-02-27 03:33:19,1231.57,Netbanking,ICICI,fraud_block,27,2,21,1.1,,False
txn_003753,2025-06-13 08:12:03,329.05,Netbanking,IDFC,network_error,13,1,448,0.3,0.0,True
txn_003754,2025-09-01 13:38:48,260.45,Netbanking,SBI,insufficient_funds,1,1,570,4.5,4.93,True
txn_003755,2025-05-20 15:50:05,1123.65,UPI,HDFC,otp_failure,20,3,890,3.4,0.24,False
txn_003756,2025-05-19 18:46:55,2240.4,Wallet,HDFC,insufficient_funds,19,1,338,1.8,3.16,True
txn_003757,2025-04-02 00:53:57,1227.46,UPI,Yes Bank,insufficient_funds,2,2,372,1.7,4.03,True
txn_003758,2026-01-11 20:45:16,1231.63,Wallet,HDFC,otp_failure,11,2,15,1.7,0.0,False
txn_003759,2025-05-04 00:34:16,774.77,Wallet,Kotak,insufficient_funds,4,1,510,9.8,4.38,False
txn_003760,2025-04-05 10:40:09,497.23,Debit Card,HDFC,expired_card,5,0,171,2.9,,False
txn_003761,2026-02-21 06:54:36,260.66,Credit Card,SBI,insufficient_funds,21,3,762,0.1,4.85,True
txn_003762,2025-06-18 00:14:45,1212.35,UPI,ICICI,bank_timeout,18,3,527,2.4,0.01,False
txn_003763,2025-06-18 12:23:10,88.27,Credit Card,Yes Bank,insufficient_funds,18,2,221,0.3,4.16,True
txn_003764,2025-04-18 15:02:21,2857.98,Debit Card,ICICI,invalid_cvv,18,1,604,1.8,0.93,False
txn_003765,2026-07-20 06:07:46,72.05,Debit Card,Kotak,invalid_cvv,20,1,360,0.0,0.0,False
txn_003766,2025-08-01 13:30:46,461.19,Netbanking,Axis,bank_timeout,1,1,273,2.7,0.88,False
txn_003767,2025-03-13 10:26:31,325.15,UPI,Kotak,expired_card,13,1,743,0.7,,True
txn_003768,2025-12-29 18:19:35,1546.12,Netbanking,IDFC,otp_failure,29,1,379,0.7,0.24,True
txn_003769,2026-02-03 04:36:38,169.91,Netbanking,Axis,otp_failure,3,1,60,0.2,0.97,True
txn_003770,2025-07-14 06:04:27,478.12,Debit Card,Axis,bank_timeout,14,1,306,1.9,0.35,True
txn_003771,2026-06-18 15:40:45,362.75,UPI,IDFC,bank_timeout,18,0,733,0.0,0.0,False
txn_003772,2025-03-21 22:05:39,166.27,Wallet,Kotak,otp_failure,21,0,293,1.8,0.0,False
txn_003773,2025-05-09 15:59:52,3249.58,Debit Card,PNB,otp_failure,9,2,590,1.2,0.06,False
txn_003774,2025-12-03 16:29:51,824.75,Netbanking,IDFC,fraud_block,3,0,648,1.3,,False
txn_003775,2026-04-09 04:23:34,715.35,UPI,Yes Bank,insufficient_funds,9,0,704,3.3,3.9,True
txn_003776,2026-04-29 19:54:07,367.19,Credit Card,IDFC,invalid_cvv,29,0,118,0.3,0.12,False
txn_003777,2025-11-30 10:58:26,287.7,Debit Card,Yes Bank,insufficient_funds,30,3,707,2.5,4.07,False
txn_003778,2025-10-18 11:07:43,1265.13,Credit Card,PNB,fraud_block,18,4,859,0.3,,False
txn_003779,2025-05-10 21:44:53,585.13,Credit Card,Kotak,insufficient_funds,10,0,792,1.4,3.87,False
txn_003780,2026-04-01 20:02:08,896.07,Netbanking,Kotak,otp_failure,1,2,25,0.9,0.14,False
txn_003781,2026-04-15 01:10:41,373.44,Wallet,Yes Bank,network_error,15,1,550,2.9,0.0,True
txn_003782,2025-11-06 08:58:28,985.33,Credit Card,ICICI,insufficient_funds,6,1,191,7.1,3.72,False
txn_003783,2025-05-20 17:39:28,2291.01,UPI,IDFC,otp_failure,20,2,590,4.8,0.37,True
txn_003784,2025-05-25 09:42:17,1698.39,UPI,Axis,bank_timeout,25,1,462,2.7,0.31,True
txn_003785,2025-02-26 10:06:50,2446.14,Debit Card,Yes Bank,otp_failure,26,1,854,1.9,0.0,False
txn_003786,2025-10-16 21:55:00,1238.87,Debit Card,Yes Bank,insufficient_funds,16,1,490,0.2,3.01,True
txn_003787,2025-04-05 23:54:16,1683.94,Credit Card,Yes Bank,insufficient_funds,5,1,654,2.4,4.25,True
txn_003788,2026-06-19 14:42:02,1677.2,Credit Card,Yes Bank,network_error,19,0,785,0.0,0.33,True
txn_003789,2025-06-16 01:00:24,1229.78,Netbanking,Yes Bank,expired_card,16,1,211,8.4,,False
txn_003790,2025-06-30 16:53:12,46.19,Wallet,ICICI,expired_card,30,1,319,0.3,,False
txn_003791,2025-10-27 11:56:06,1253.42,UPI,Axis,otp_failure,27,2,201,0.8,0.0,False
txn_003792,2026-02-14 12:52:58,464.97,Debit Card,ICICI,bank_timeout,14,1,222,0.9,0.67,True
txn_003793,2026-03-12 17:01:41,756.88,UPI,ICICI,insufficient_funds,12,2,360,1.6,4.16,False
txn_003794,2026-03-22 19:10:24,640.84,Netbanking,IDFC,insufficient_funds,22,1,390,3.4,4.06,True
txn_003795,2025-09-04 19:54:35,1055.11,UPI,Axis,fraud_block,4,2,187,3.4,,False
txn_003796,2025-06-03 02:38:37,1421.82,Credit Card,PNB,insufficient_funds,3,0,239,0.6,3.4,True
txn_003797,2026-01-23 07:31:40,895.63,Credit Card,Kotak,network_error,23,0,771,4.6,0.21,False
txn_003798,2025-11-24 04:25:53,923.84,Credit Card,ICICI,expired_card,24,1,836,5.8,,False
txn_003799,2025-12-18 16:31:34,474.04,Debit Card,Yes Bank,insufficient_funds,18,0,637,1.9,4.02,True
txn_003800,2026-04-05 04:13:40,274.08,Netbanking,Axis,bank_timeout,5,1,644,1.3,0.02,False
txn_003801,2026-03-24 17:07:56,1233.8,Credit Card,Kotak,insufficient_funds,24,0,291,2.3,4.05,True
txn_003802,2025-01-14 20:29:33,2454.19,Wallet,HDFC,invalid_cvv,14,0,341,2.5,0.82,True
txn_003803,2025-12-25 16:03:04,1216.74,UPI,SBI,insufficient_funds,25,1,685,0.3,4.72,False
txn_003804,2025-11-09 20:56:14,320.42,Credit Card,HDFC,fraud_block,9,5,62,0.4,,False
txn_003805,2025-09-20 01:24:10,439.42,Credit Card,ICICI,fraud_block,20,1,379,0.9,,False
txn_003806,2025-12-31 23:26:49,3647.85,Credit Card,IDFC,otp_failure,31,0,309,2.5,0.83,True
txn_003807,2026-07-16 18:25:32,1397.08,UPI,Kotak,network_error,16,0,314,5.4,0.3,True
txn_003808,2025-09-04 08:50:37,2292.19,UPI,IDFC,expired_card,4,1,155,0.4,,False
txn_003809,2025-03-03 22:58:06,602.96,Wallet,Yes Bank,expired_card,3,0,741,0.9,,True
txn_003810,2026-01-19 13:26:45,5555.17,Wallet,HDFC,insufficient_funds,19,1,399,3.7,4.52,True
txn_003811,2025-11-02 12:09:21,381.36,UPI,PNB,network_error,2,0,162,0.2,0.0,True
txn_003812,2026-01-19 04:27:40,890.45,Credit Card,Yes Bank,network_error,19,0,667,1.9,0.0,True
txn_003813,2026-04-25 23:55:34,3087.93,Credit Card,HDFC,bank_timeout,25,1,714,0.5,0.5,True
txn_003814,2025-06-23 23:55:49,6634.45,Credit Card,HDFC,insufficient_funds,23,0,169,1.2,3.87,True
txn_003815,2025-04-18 18:11:49,741.52,Credit Card,Yes Bank,fraud_block,18,1,456,0.8,,False
txn_003816,2026-06-19 01:46:21,2118.07,Netbanking,Axis,bank_timeout,19,0,760,0.5,0.52,True
txn_003817,2025-05-13 04:35:55,262.12,Credit Card,Axis,bank_timeout,13,0,691,0.5,0.0,True
txn_003818,2026-07-17 10:20:59,240.9,UPI,HDFC,insufficient_funds,17,2,707,0.1,4.01,True
txn_003819,2026-06-19 13:44:48,1372.55,Credit Card,Kotak,bank_timeout,19,2,856,4.9,0.57,False
txn_003820,2025-02-03 10:59:53,345.42,Credit Card,HDFC,otp_failure,3,0,653,1.6,0.37,False
txn_003821,2025-08-25 08:22:42,2291.53,Credit Card,Kotak,otp_failure,25,0,515,1.0,0.3,False
txn_003822,2025-09-13 19:08:13,3370.7,Wallet,IDFC,bank_timeout,13,4,388,1.9,0.45,True
txn_003823,2025-07-29 15:31:31,625.43,Debit Card,SBI,bank_timeout,29,2,197,0.7,0.0,False
txn_003824,2026-03-30 04:21:21,1403.24,Netbanking,ICICI,insufficient_funds,30,4,475,0.5,3.72,True
txn_003825,2025-04-09 02:11:31,647.49,UPI,SBI,network_error,9,3,617,4.2,0.28,False
txn_003826,2026-03-30 16:58:40,1877.11,Netbanking,PNB,insufficient_funds,30,0,23,0.1,4.57,False
txn_003827,2026-06-04 00:48:28,4382.95,Credit Card,Axis,network_error,4,1,320,2.3,0.39,True
txn_003828,2026-03-25 20:33:07,292.62,Netbanking,PNB,fraud_block,25,0,159,2.0,,False
txn_003829,2025-08-06 21:40:28,2579.2,UPI,PNB,bank_timeout,6,0,475,0.3,0.0,True
txn_003830,2025-06-25 09:47:09,249.04,Credit Card,Kotak,bank_timeout,25,1,552,0.4,0.4,False
txn_003831,2025-08-19 02:12:19,158.65,Credit Card,Yes Bank,insufficient_funds,19,1,368,1.0,4.64,False
txn_003832,2026-03-10 19:28:42,896.87,Debit Card,Axis,insufficient_funds,10,1,95,1.0,4.03,False
txn_003833,2026-06-24 19:05:16,82.57,Credit Card,ICICI,insufficient_funds,24,2,368,0.5,4.65,True
txn_003834,2026-01-20 04:07:10,158.52,Credit Card,Axis,network_error,20,2,827,0.8,0.89,True
txn_003835,2025-01-11 04:43:32,1864.3,Debit Card,PNB,insufficient_funds,11,1,890,1.6,4.59,True
txn_003836,2025-10-27 02:02:34,373.52,Debit Card,PNB,otp_failure,27,1,529,5.1,0.0,True
txn_003837,2025-03-23 04:40:06,1390.0,UPI,Axis,insufficient_funds,23,1,852,0.9,3.96,True
txn_003838,2026-04-04 16:08:54,798.12,Wallet,Yes Bank,insufficient_funds,4,1,725,1.2,4.21,True
txn_003839,2025-08-31 04:50:50,200.84,Netbanking,SBI,otp_failure,31,0,628,9.1,0.74,False
txn_003840,2026-01-27 20:46:27,121.05,Credit Card,SBI,expired_card,27,1,655,0.3,,False
txn_003841,2025-06-19 22:26:41,355.24,UPI,IDFC,fraud_block,19,1,80,0.3,,False
txn_003842,2025-12-18 09:56:30,3319.28,Wallet,Axis,bank_timeout,18,0,639,2.0,0.77,True
txn_003843,2025-11-07 20:21:36,1449.14,Debit Card,ICICI,insufficient_funds,7,1,73,3.7,4.71,True
txn_003844,2025-08-04 19:17:01,146.64,Netbanking,SBI,insufficient_funds,4,1,510,0.7,3.78,True
txn_003845,2026-06-18 00:55:31,1780.39,UPI,ICICI,insufficient_funds,18,1,211,4.0,4.79,True
txn_003846,2025-04-25 09:40:46,1261.85,Netbanking,ICICI,insufficient_funds,25,1,621,0.6,4.6,False
txn_003847,2025-03-27 14:15:41,3265.96,Debit Card,HDFC,otp_failure,27,0,524,0.3,0.27,False
txn_003848,2025-12-24 22:48:26,3093.11,Debit Card,Kotak,otp_failure,24,2,41,0.2,0.49,False
txn_003849,2025-01-23 04:53:10,904.83,Netbanking,PNB,insufficient_funds,23,1,22,0.3,4.02,False
txn_003850,2025-10-01 08:57:02,700.47,UPI,ICICI,network_error,1,2,95,5.9,0.58,True
txn_003851,2026-03-04 10:24:54,609.64,Credit Card,Yes Bank,network_error,4,2,79,2.2,0.15,False
txn_003852,2025-12-02 03:15:05,462.43,Debit Card,SBI,bank_timeout,2,1,828,2.4,0.0,False
txn_003853,2025-11-05 07:16:27,1973.32,Wallet,IDFC,otp_failure,5,2,125,1.8,0.02,True
txn_003854,2026-01-30 12:26:32,503.62,UPI,HDFC,fraud_block,30,3,183,0.5,,False
txn_003855,2025-12-09 19:11:06,294.08,UPI,Yes Bank,bank_timeout,9,0,247,1.3,0.0,True
txn_003856,2025-03-17 23:21:39,827.44,Credit Card,IDFC,expired_card,17,2,207,0.6,,False
txn_003857,2026-07-23 13:29:56,298.9,Netbanking,Axis,bank_timeout,23,0,610,0.1,0.69,True
txn_003858,2025-08-17 08:40:01,1673.52,Debit Card,IDFC,network_error,17,1,208,0.6,0.0,True
txn_003859,2025-05-18 04:54:12,416.91,Wallet,Kotak,bank_timeout,18,1,30,3.8,0.0,True
txn_003860,2026-02-16 07:45:54,467.92,Wallet,PNB,insufficient_funds,16,1,95,0.1,3.48,True
txn_003861,2026-02-07 19:44:55,189.85,Netbanking,ICICI,insufficient_funds,7,1,805,0.3,3.89,True
txn_003862,2026-06-14 01:45:09,921.46,Credit Card,Axis,insufficient_funds,14,3,5,2.2,4.57,True
txn_003863,2025-03-28 06:44:00,61.49,Debit Card,ICICI,insufficient_funds,28,1,383,2.7,3.74,True
txn_003864,2025-02-11 06:33:35,911.35,Credit Card,Kotak,network_error,11,0,422,0.5,0.0,True
txn_003865,2025-07-05 10:56:31,831.48,Credit Card,ICICI,insufficient_funds,5,0,871,0.5,4.45,True
txn_003866,2025-08-02 22:56:12,415.99,Debit Card,IDFC,network_error,2,2,538,2.8,0.3,True
txn_003867,2025-11-01 09:41:46,114.96,Netbanking,ICICI,fraud_block,1,2,738,6.8,,False
txn_003868,2025-06-20 19:00:53,522.14,UPI,PNB,expired_card,20,0,269,0.1,,False
txn_003869,2025-06-09 18:37:34,291.41,Debit Card,Axis,fraud_block,9,1,788,1.9,,False
txn_003870,2025-09-28 00:21:03,2324.54,UPI,Kotak,network_error,28,1,358,2.2,0.19,True
txn_003871,2026-07-25 00:33:25,941.08,Credit Card,ICICI,insufficient_funds,25,0,778,1.1,3.73,True
txn_003872,2025-05-24 18:07:09,788.89,Wallet,PNB,bank_timeout,24,1,253,1.1,0.02,False
txn_003873,2026-07-29 01:39:00,1770.16,UPI,Axis,bank_timeout,29,1,513,1.3,0.0,True
txn_003874,2025-05-13 05:21:54,533.89,UPI,ICICI,network_error,13,0,801,2.2,0.43,False
txn_003875,2025-05-10 10:29:47,1854.2,Debit Card,Yes Bank,insufficient_funds,10,1,349,2.4,4.27,False
txn_003876,2025-12-20 13:50:50,1334.04,Debit Card,HDFC,expired_card,20,0,62,4.4,,False
txn_003877,2026-06-02 07:43:29,946.65,Netbanking,IDFC,network_error,2,0,311,0.7,0.0,True
txn_003878,2025-09-17 11:13:14,924.37,Credit Card,SBI,insufficient_funds,17,2,883,1.7,3.59,True
txn_003879,2025-07-24 22:11:18,530.32,Credit Card,SBI,expired_card,24,3,267,1.0,,False
txn_003880,2026-06-12 13:15:37,3196.32,Credit Card,Yes Bank,invalid_cvv,12,1,286,2.4,1.38,False
txn_003881,2026-01-04 00:50:03,474.46,Wallet,HDFC,insufficient_funds,4,0,88,1.4,4.66,True
txn_003882,2026-01-15 06:42:30,1626.72,Debit Card,PNB,network_error,15,2,790,3.7,0.0,True
txn_003883,2025-03-26 23:06:10,380.56,Credit Card,HDFC,expired_card,26,2,397,0.4,,False
txn_003884,2026-03-17 14:37:05,165.41,UPI,Axis,insufficient_funds,17,0,26,1.4,4.32,False
txn_003885,2026-02-12 23:43:38,368.92,Wallet,SBI,expired_card,12,1,393,0.7,,False
txn_003886,2025-04-24 20:30:15,406.27,Credit Card,ICICI,expired_card,24,2,699,6.5,,False
txn_003887,2025-08-25 14:11:52,73.43,UPI,PNB,expired_card,25,0,257,0.3,,False
txn_003888,2026-01-17 02:35:59,1798.47,UPI,Kotak,bank_timeout,17,0,842,2.9,0.1,False
txn_003889,2026-05-31 06:49:52,530.57,Netbanking,Kotak,insufficient_funds,31,2,705,0.7,4.32,True
txn_003890,2025-10-10 22:50:43,464.96,Netbanking,HDFC,insufficient_funds,10,1,371,1.8,3.33,True
txn_003891,2025-10-01 21:25:55,652.44,UPI,Yes Bank,network_error,1,0,766,0.6,1.22,True
txn_003892,2026-02-07 05:04:13,1111.22,Wallet,PNB,otp_failure,7,3,84,0.8,0.02,False
txn_003893,2025-03-29 14:01:07,166.03,UPI,HDFC,insufficient_funds,29,3,401,1.3,3.63,False
txn_003894,2025-04-25 21:03:46,593.45,Netbanking,Axis,insufficient_funds,25,0,722,0.1,3.42,True
txn_003895,2026-05-28 03:29:24,380.19,Debit Card,Yes Bank,network_error,28,1,300,1.7,0.0,False
txn_003896,2026-01-22 16:15:55,381.45,Credit Card,Axis,expired_card,22,1,214,2.3,,False
txn_003897,2026-03-25 14:56:59,103.65,Netbanking,Yes Bank,otp_failure,25,3,62,0.8,0.0,False
txn_003898,2025-06-10 05:51:03,245.72,Credit Card,Axis,bank_timeout,10,0,77,7.1,0.37,True
txn_003899,2025-10-21 10:17:49,1224.74,Credit Card,Kotak,bank_timeout,21,1,763,1.9,0.0,True
txn_003900,2026-05-02 22:06:30,1198.18,Wallet,PNB,network_error,2,1,176,7.0,1.24,True
txn_003901,2026-02-14 06:15:22,1168.93,Debit Card,Kotak,expired_card,14,2,419,0.6,,False
txn_003902,2026-06-12 10:42:52,420.45,UPI,Yes Bank,otp_failure,12,1,243,6.3,0.0,True
txn_003903,2025-10-31 17:15:25,1207.61,Wallet,IDFC,bank_timeout,31,3,134,5.9,0.06,False
txn_003904,2025-08-03 13:37:11,680.17,UPI,Axis,network_error,3,4,565,1.3,0.14,True
txn_003905,2025-02-01 22:09:32,936.46,Wallet,Yes Bank,network_error,1,1,639,0.7,0.0,True
txn_003906,2026-04-21 15:21:22,1032.73,Credit Card,IDFC,network_error,21,1,775,0.3,0.36,True
txn_003907,2025-12-20 10:19:50,613.65,Wallet,Yes Bank,insufficient_funds,20,1,823,0.3,4.3,False
txn_003908,2025-08-13 00:19:29,757.68,Credit Card,HDFC,insufficient_funds,13,0,113,0.4,4.31,True
txn_003909,2026-01-23 12:40:25,328.99,Debit Card,PNB,otp_failure,23,0,671,0.4,0.0,True
txn_003910,2026-06-13 21:19:33,359.2,Debit Card,Kotak,bank_timeout,13,1,257,4.5,0.61,True
txn_003911,2026-04-30 12:23:02,213.61,Wallet,SBI,network_error,30,0,10,0.4,0.0,True
txn_003912,2025-08-24 20:21:51,881.5,Netbanking,Kotak,invalid_cvv,24,0,5,2.6,1.88,False
txn_003913,2025-02-20 04:32:19,302.3,UPI,HDFC,insufficient_funds,20,0,78,0.4,5.04,False
txn_003914,2025-12-19 12:31:47,837.05,Credit Card,Axis,network_error,19,0,93,1.5,0.03,False
txn_003915,2025-08-08 19:49:29,659.34,Wallet,ICICI,insufficient_funds,8,4,681,1.6,4.57,False
txn_003916,2025-02-11 07:35:40,261.78,Netbanking,Kotak,fraud_block,11,0,665,2.3,,False
txn_003917,2025-01-04 22:53:20,1095.45,Netbanking,Yes Bank,insufficient_funds,4,1,207,2.8,4.37,True
txn_003918,2026-05-28 20:00:49,4584.35,Credit Card,HDFC,bank_timeout,28,1,21,0.2,0.03,True
txn_003919,2025-07-15 07:03:34,601.4,Debit Card,Yes Bank,bank_timeout,15,1,500,1.1,0.64,True
txn_003920,2025-08-09 00:27:08,364.91,Wallet,SBI,otp_failure,9,3,184,0.2,0.0,True
txn_003921,2025-03-08 19:13:14,343.92,UPI,SBI,network_error,8,0,254,3.0,0.77,True
txn_003922,2026-07-24 09:06:03,392.58,Debit Card,IDFC,invalid_cvv,24,0,608,1.7,1.24,False
txn_003923,2026-03-31 13:22:53,579.95,Credit Card,Kotak,network_error,31,3,882,0.5,0.13,True
txn_003924,2025-06-19 23:48:16,2603.91,Credit Card,PNB,network_error,19,2,30,7.0,0.0,False
txn_003925,2025-10-03 10:49:26,224.46,Debit Card,IDFC,expired_card,3,1,865,3.7,,False
txn_003926,2025-11-25 05:09:02,295.92,Netbanking,ICICI,bank_timeout,25,1,125,2.7,0.03,False
txn_003927,2025-07-22 22:15:22,938.17,UPI,Kotak,insufficient_funds,22,3,246,4.2,3.46,False
txn_003928,2025-05-15 14:34:58,1982.26,Wallet,IDFC,otp_failure,15,5,215,6.3,0.0,False
txn_003929,2026-06-12 08:02:45,405.32,UPI,SBI,invalid_cvv,12,0,102,5.5,1.07,False
txn_003930,2026-06-15 18:01:48,689.51,Debit Card,Kotak,bank_timeout,15,2,290,1.3,0.98,False
txn_003931,2025-04-16 09:27:32,85.92,Netbanking,Axis,expired_card,16,2,301,1.7,,False
txn_003932,2025-08-22 20:12:26,171.95,UPI,ICICI,expired_card,22,1,806,0.4,,False
txn_003933,2025-08-19 22:42:36,912.74,Wallet,PNB,bank_timeout,19,0,744,0.3,0.14,True
txn_003934,2026-02-28 23:01:16,1268.1,Debit Card,IDFC,expired_card,28,0,877,1.5,,False
txn_003935,2025-12-06 08:16:20,1251.89,Credit Card,SBI,otp_failure,6,0,727,1.3,0.0,False
txn_003936,2026-02-14 00:00:08,117.12,Netbanking,Yes Bank,insufficient_funds,14,1,393,1.0,4.36,True
txn_003937,2026-01-27 07:47:43,904.25,UPI,PNB,insufficient_funds,27,1,897,1.4,3.75,True
txn_003938,2025-10-03 02:39:06,1268.12,Netbanking,PNB,network_error,3,1,234,5.4,0.0,True
txn_003939,2025-11-23 14:47:37,708.88,Netbanking,PNB,bank_timeout,23,1,161,0.5,0.0,True
txn_003940,2025-01-22 11:51:39,553.45,Wallet,HDFC,insufficient_funds,22,1,293,2.9,4.16,False
txn_003941,2025-11-23 22:29:30,355.17,Credit Card,SBI,insufficient_funds,23,0,539,1.6,3.96,False
txn_003942,2026-04-23 20:19:06,301.54,UPI,Axis,bank_timeout,23,1,254,0.0,0.0,True
txn_003943,2026-03-27 17:59:38,1343.12,Wallet,Yes Bank,insufficient_funds,27,3,143,2.4,4.15,False
txn_003944,2025-04-09 20:34:31,179.38,Wallet,Kotak,invalid_cvv,9,1,398,2.2,1.12,True
txn_003945,2025-02-11 13:59:01,333.5,Netbanking,SBI,otp_failure,11,0,703,1.2,0.0,True
txn_003946,2025-11-09 23:23:08,504.9,Credit Card,PNB,expired_card,9,0,206,7.0,,False
txn_003947,2026-02-07 08:22:27,537.54,Netbanking,HDFC,bank_timeout,7,2,488,0.2,0.1,True
txn_003948,2025-03-07 18:09:35,841.11,Credit Card,Kotak,insufficient_funds,7,4,508,0.1,3.79,False
txn_003949,2026-05-20 18:38:24,352.39,Credit Card,Yes Bank,expired_card,20,0,61,1.4,,False
txn_003950,2026-04-07 15:17:41,578.09,Credit Card,Kotak,fraud_block,7,0,289,0.3,,False
txn_003951,2026-03-16 04:37:44,2496.93,Netbanking,Yes Bank,expired_card,16,1,413,1.4,,False
txn_003952,2025-02-17 06:36:05,516.14,Credit Card,HDFC,bank_timeout,17,0,65,1.3,0.03,False
txn_003953,2026-06-29 22:15:44,3358.74,Debit Card,SBI,otp_failure,29,4,580,5.8,0.08,False
txn_003954,2026-03-13 13:21:26,703.65,Netbanking,SBI,invalid_cvv,13,2,467,3.4,1.04,False
txn_003955,2025-06-23 15:09:15,2501.31,Debit Card,Kotak,expired_card,23,2,633,1.5,,False
txn_003956,2026-05-03 23:13:56,266.16,UPI,HDFC,otp_failure,3,1,57,2.4,0.0,True
txn_003957,2026-01-12 16:13:08,286.01,Wallet,Axis,invalid_cvv,12,0,771,4.9,1.09,False
txn_003958,2025-03-31 02:19:41,760.13,Credit Card,HDFC,otp_failure,31,1,331,2.0,0.0,True
txn_003959,2025-04-29 20:32:18,1982.22,Wallet,ICICI,bank_timeout,29,2,687,6.0,0.0,False
txn_003960,2026-02-08 18:11:41,1013.13,Credit Card,Axis,otp_failure,8,2,351,1.5,0.01,True
txn_003961,2025-06-08 16:18:35,3106.66,Credit Card,PNB,bank_timeout,8,2,118,1.0,0.2,False
txn_003962,2025-01-20 03:37:41,1650.13,Wallet,PNB,network_error,20,0,259,0.6,0.6,True
txn_003963,2025-10-31 11:26:05,163.18,Credit Card,ICICI,insufficient_funds,31,2,347,0.2,3.84,True
txn_003964,2025-08-21 22:59:02,421.67,Netbanking,PNB,insufficient_funds,21,2,11,0.3,4.49,False
txn_003965,2025-05-23 22:49:39,821.71,Debit Card,Kotak,invalid_cvv,23,0,193,3.2,0.21,False
txn_003966,2026-04-21 22:40:31,158.53,Netbanking,ICICI,bank_timeout,21,1,526,1.1,0.0,True
txn_003967,2025-12-02 19:39:25,2110.75,Debit Card,HDFC,otp_failure,2,2,96,3.2,0.0,False
txn_003968,2025-05-24 13:04:05,362.13,Debit Card,Axis,insufficient_funds,24,1,212,1.7,3.58,True
txn_003969,2025-05-13 15:29:09,974.73,Wallet,Axis,insufficient_funds,13,0,393,4.0,5.09,True
txn_003970,2026-01-05 20:14:09,308.93,Netbanking,Kotak,network_error,5,0,375,0.4,0.0,True
txn_003971,2025-08-13 19:43:15,612.62,Credit Card,PNB,bank_timeout,13,1,508,2.3,0.0,True
txn_003972,2025-10-13 07:42:10,1037.09,UPI,IDFC,network_error,13,2,556,4.9,0.58,True
txn_003973,2025-10-27 16:13:14,161.64,Credit Card,PNB,otp_failure,27,1,289,0.7,1.29,False
txn_003974,2025-11-20 19:30:48,1326.67,Netbanking,SBI,insufficient_funds,20,1,241,0.4,4.26,False
txn_003975,2025-01-22 17:24:39,1468.6,UPI,PNB,invalid_cvv,22,2,317,1.3,1.22,False
txn_003976,2025-04-04 07:19:12,2837.05,Wallet,IDFC,insufficient_funds,4,0,284,1.4,3.88,False
txn_003977,2025-01-09 13:25:15,1537.46,Wallet,Kotak,expired_card,9,1,417,1.4,,False
txn_003978,2025-01-27 11:21:47,299.09,Wallet,PNB,bank_timeout,27,2,481,2.6,0.71,True
txn_003979,2025-02-03 02:42:51,1100.38,UPI,SBI,otp_failure,3,0,94,2.4,0.26,True
txn_003980,2025-12-30 10:25:14,130.79,Netbanking,Kotak,bank_timeout,30,2,389,1.0,0.69,True
txn_003981,2025-01-08 02:00:36,444.34,Debit Card,Yes Bank,insufficient_funds,8,0,746,0.2,4.55,False
txn_003982,2026-01-24 20:34:32,588.79,Wallet,Axis,insufficient_funds,24,1,685,0.2,4.23,False
txn_003983,2025-09-28 22:44:18,820.27,Wallet,IDFC,insufficient_funds,28,2,824,0.8,3.84,True
txn_003984,2026-02-03 11:51:17,303.08,Credit Card,SBI,otp_failure,3,0,410,0.9,0.0,True
txn_003985,2026-05-25 11:13:15,867.69,Debit Card,Yes Bank,insufficient_funds,25,0,56,1.0,3.92,True
txn_003986,2026-05-25 11:29:04,1424.35,Wallet,Yes Bank,bank_timeout,25,0,559,0.4,0.41,False
txn_003987,2025-12-23 21:21:37,858.83,Debit Card,Kotak,otp_failure,23,0,701,3.7,0.0,False
txn_003988,2026-05-27 10:17:05,2483.27,UPI,IDFC,otp_failure,27,1,699,0.2,0.0,True
txn_003989,2025-02-22 23:31:42,1027.02,Netbanking,IDFC,insufficient_funds,22,3,75,1.9,4.62,True
txn_003990,2026-01-02 10:06:01,282.48,Wallet,SBI,bank_timeout,2,1,59,2.0,0.0,True
txn_003991,2026-03-24 10:08:39,661.25,Wallet,Kotak,bank_timeout,24,0,414,0.0,0.0,True
txn_003992,2025-04-11 12:36:01,4059.67,UPI,Yes Bank,invalid_cvv,11,3,393,4.6,0.27,False
txn_003993,2026-03-30 23:44:36,3115.81,Wallet,IDFC,otp_failure,30,3,344,1.7,0.8,False
txn_003994,2025-02-22 11:35:44,295.62,Credit Card,HDFC,expired_card,22,3,608,0.3,,False
txn_003995,2026-07-24 05:49:36,622.36,Debit Card,Axis,insufficient_funds,24,1,795,0.9,3.87,True
txn_003996,2025-03-16 23:38:39,2666.28,Credit Card,PNB,insufficient_funds,16,4,308,0.4,4.81,False
txn_003997,2026-06-12 15:29:06,1458.76,Netbanking,Yes Bank,insufficient_funds,12,1,898,0.7,4.47,False
txn_003998,2025-06-29 20:07:01,2404.49,Debit Card,ICICI,bank_timeout,29,0,682,0.4,0.0,False
txn_003999,2025-05-16 03:33:25,1546.37,Netbanking,IDFC,insufficient_funds,16,1,850,2.7,4.11,False
txn_004000,2025-02-19 23:56:31,459.4,Credit Card,Kotak,network_error,19,2,276,1.0,0.0,False
txn_004001,2025-03-30 21:56:45,205.35,Credit Card,ICICI,network_error,30,3,340,5.3,1.03,True
txn_004002,2025-12-09 22:41:12,251.61,UPI,HDFC,bank_timeout,9,1,540,4.4,0.0,True
txn_004003,2025-05-16 04:50:54,208.35,UPI,ICICI,network_error,16,1,203,1.2,0.77,True
txn_004004,2026-06-27 17:11:29,1103.7,Netbanking,IDFC,network_error,27,0,738,2.0,0.48,True
txn_004005,2025-04-14 11:20:17,204.19,Wallet,Axis,network_error,14,2,81,1.8,0.61,False
txn_004006,2025-06-02 00:26:49,1191.25,UPI,PNB,fraud_block,2,2,349,0.2,,False
txn_004007,2025-12-06 19:52:04,4106.25,UPI,Axis,expired_card,6,1,462,2.1,,False
txn_004008,2025-06-06 06:30:16,284.69,Debit Card,IDFC,invalid_cvv,6,3,359,3.6,0.35,False
txn_004009,2026-02-15 12:30:10,716.71,Debit Card,ICICI,otp_failure,15,0,594,1.8,0.0,True
txn_004010,2026-03-29 03:16:43,318.87,Credit Card,ICICI,insufficient_funds,29,3,860,1.8,3.49,True
txn_004011,2025-06-08 02:15:12,341.19,Credit Card,SBI,invalid_cvv,8,1,73,0.0,0.93,True
txn_004012,2025-01-05 01:36:41,1121.56,UPI,IDFC,fraud_block,5,0,255,1.7,,True
txn_004013,2026-03-18 09:47:13,1015.29,Wallet,ICICI,expired_card,18,2,564,0.5,,False
txn_004014,2025-09-22 15:19:09,344.2,Debit Card,PNB,expired_card,22,1,308,0.8,,False
txn_004015,2025-05-28 16:24:31,457.06,Debit Card,PNB,insufficient_funds,28,2,350,0.1,4.1,False
txn_004016,2026-01-25 00:31:33,3109.9,UPI,Yes Bank,bank_timeout,25,0,145,0.7,0.0,False
txn_004017,2026-04-26 09:16:53,471.06,Wallet,SBI,network_error,26,0,652,0.1,0.11,True
txn_004018,2025-02-22 03:51:14,5376.08,Netbanking,IDFC,insufficient_funds,22,0,476,2.2,4.12,True
txn_004019,2026-05-01 19:37:08,303.69,Netbanking,ICICI,insufficient_funds,1,0,245,1.0,4.7,True
txn_004020,2026-03-19 01:46:12,276.47,Credit Card,SBI,otp_failure,19,3,768,2.3,0.0,True
txn_004021,2026-02-06 18:10:49,228.7,UPI,ICICI,insufficient_funds,6,2,754,1.2,4.85,True
txn_004022,2025-04-02 14:19:40,7374.29,Netbanking,Axis,insufficient_funds,2,3,557,0.1,4.06,True
txn_004023,2025-02-09 23:38:17,726.05,Wallet,Yes Bank,bank_timeout,9,1,183,3.5,0.0,True
txn_004024,2025-01-18 12:13:20,196.12,Debit Card,Kotak,insufficient_funds,18,2,545,2.4,3.76,True
txn_004025,2025-07-15 06:05:50,545.34,Netbanking,Yes Bank,network_error,15,1,98,0.6,0.0,True
txn_004026,2025-02-22 18:43:56,2480.6,Debit Card,Kotak,insufficient_funds,22,0,192,1.3,3.76,False
txn_004027,2025-02-28 01:56:47,784.82,Wallet,Axis,network_error,28,2,128,4.9,0.2,False
txn_004028,2026-02-07 03:44:28,214.05,Wallet,Kotak,insufficient_funds,7,1,672,1.3,4.64,False
txn_004029,2025-11-07 01:59:37,819.15,Wallet,HDFC,otp_failure,7,0,351,0.3,0.0,False
txn_004030,2026-03-01 01:05:21,177.5,Credit Card,PNB,invalid_cvv,1,0,880,7.6,1.61,False
txn_004031,2025-07-24 07:39:52,203.96,Credit Card,HDFC,insufficient_funds,24,0,886,0.3,4.38,True
txn_004032,2025-09-20 13:37:12,494.08,Netbanking,Kotak,insufficient_funds,20,1,849,5.6,3.69,True
txn_004033,2025-06-05 17:48:02,1099.8,UPI,HDFC,insufficient_funds,5,1,65,0.1,3.83,True
txn_004034,2025-04-19 04:31:41,1048.37,Debit Card,Yes Bank,bank_timeout,19,1,783,1.2,0.22,False
txn_004035,2026-05-31 05:28:53,5044.04,Credit Card,Axis,otp_failure,31,1,85,1.3,0.38,False
txn_004036,2026-01-19 08:32:03,767.52,Credit Card,HDFC,bank_timeout,19,3,730,0.2,0.0,True
txn_004037,2025-09-26 15:01:43,2072.7,Credit Card,IDFC,insufficient_funds,26,1,781,4.0,4.3,False
txn_004038,2026-04-10 14:16:47,194.0,Wallet,ICICI,insufficient_funds,10,2,39,0.6,4.26,False
txn_004039,2026-03-05 07:18:42,790.66,Netbanking,SBI,expired_card,5,0,419,2.5,,False
txn_004040,2025-07-30 02:38:31,775.13,Credit Card,ICICI,insufficient_funds,30,1,340,11.4,4.49,False
txn_004041,2025-01-28 15:38:01,1294.81,Netbanking,Axis,expired_card,28,0,190,2.0,,False
txn_004042,2026-05-21 03:09:35,2046.46,UPI,IDFC,bank_timeout,21,1,305,0.3,0.41,True
txn_004043,2026-01-06 22:58:16,630.27,UPI,Axis,network_error,6,0,266,0.2,0.08,True
txn_004044,2025-01-17 15:43:52,7237.21,Credit Card,HDFC,fraud_block,17,2,736,1.9,,True
txn_004045,2025-06-02 08:57:13,46.01,Wallet,IDFC,insufficient_funds,2,1,45,0.7,5.48,False
txn_004046,2026-06-14 16:18:20,1224.54,Credit Card,PNB,invalid_cvv,14,0,288,2.8,0.71,False
txn_004047,2025-02-10 11:58:04,1280.4,Netbanking,IDFC,expired_card,10,1,68,0.5,,True
txn_004048,2026-06-25 03:57:04,1039.16,Debit Card,IDFC,bank_timeout,25,0,662,0.1,0.0,True
txn_004049,2026-06-29 17:53:02,678.58,Netbanking,SBI,insufficient_funds,29,0,171,3.8,4.47,False
txn_004050,2025-03-31 18:37:37,914.86,Netbanking,ICICI,otp_failure,31,0,392,2.2,0.49,False
txn_004051,2026-04-24 04:36:26,575.73,UPI,Yes Bank,fraud_block,24,0,767,3.1,,False
txn_004052,2025-05-31 09:48:58,1912.23,UPI,IDFC,insufficient_funds,31,5,679,1.5,4.65,True
txn_004053,2025-02-14 23:45:13,2735.93,Debit Card,Axis,expired_card,14,0,678,0.7,,False
txn_004054,2025-03-13 10:49:58,362.46,Wallet,HDFC,otp_failure,13,1,61,0.5,0.0,False
txn_004055,2025-06-26 09:56:00,204.28,Netbanking,HDFC,expired_card,26,1,225,0.8,,False
txn_004056,2025-01-12 13:43:45,998.08,Debit Card,HDFC,bank_timeout,12,1,466,1.6,0.93,True
txn_004057,2025-03-01 12:08:42,1794.27,Credit Card,SBI,network_error,1,0,445,0.2,0.35,True
txn_004058,2025-12-07 15:16:27,2038.88,Debit Card,Kotak,insufficient_funds,7,1,761,1.2,3.87,False
txn_004059,2025-02-03 22:59:21,1160.8,UPI,Yes Bank,otp_failure,3,1,860,0.6,0.0,False
txn_004060,2026-04-13 21:50:54,871.71,Debit Card,Kotak,otp_failure,13,0,491,0.1,0.16,True
txn_004061,2025-04-11 18:05:09,1548.03,Wallet,IDFC,network_error,11,1,761,5.6,0.88,True
txn_004062,2026-01-07 19:38:24,160.4,Credit Card,ICICI,bank_timeout,7,2,862,1.6,0.0,True
txn_004063,2025-03-01 07:47:12,606.3,UPI,Axis,bank_timeout,1,0,130,0.3,0.62,False
txn_004064,2026-01-20 10:08:59,768.52,UPI,Axis,otp_failure,20,0,680,1.6,0.71,False
txn_004065,2025-12-11 12:13:08,267.63,UPI,Yes Bank,otp_failure,11,1,885,0.4,0.34,True
txn_004066,2026-03-05 06:56:59,923.13,UPI,Axis,insufficient_funds,5,3,719,2.2,3.64,False
txn_004067,2026-02-14 05:05:14,1936.99,UPI,Yes Bank,bank_timeout,14,0,736,7.6,0.0,False
txn_004068,2026-06-26 23:24:25,219.92,Wallet,ICICI,bank_timeout,26,1,395,1.2,0.0,True
txn_004069,2025-02-11 22:35:13,433.31,UPI,IDFC,insufficient_funds,11,1,106,0.2,3.76,False
txn_004070,2026-07-02 23:30:15,377.41,Wallet,PNB,insufficient_funds,2,1,143,0.0,3.65,True
txn_004071,2025-08-06 07:32:56,1186.98,Credit Card,Axis,expired_card,6,0,712,0.4,,False
txn_004072,2025-04-17 12:18:58,2044.1,Wallet,Axis,bank_timeout,17,2,23,3.8,0.0,False
txn_004073,2025-08-25 20:28:43,2052.06,Wallet,Axis,fraud_block,25,2,710,3.0,,False
txn_004074,2025-04-06 08:11:22,1567.83,UPI,SBI,otp_failure,6,1,522,2.3,0.4,False
txn_004075,2025-01-28 20:37:18,1248.7,Debit Card,PNB,invalid_cvv,28,1,537,3.1,0.96,False
txn_004076,2026-05-20 19:09:53,648.33,Netbanking,ICICI,otp_failure,20,1,101,5.4,0.23,True
txn_004077,2025-01-17 12:52:04,2000.34,Netbanking,HDFC,expired_card,17,0,593,0.8,,False
txn_004078,2025-07-29 22:43:50,8846.97,UPI,IDFC,insufficient_funds,29,3,473,4.0,3.34,True
txn_004079,2025-08-22 08:06:04,474.71,Credit Card,HDFC,otp_failure,22,1,111,1.3,0.29,False
txn_004080,2025-08-05 18:39:39,350.77,Wallet,IDFC,network_error,5,1,584,0.5,0.0,True
txn_004081,2026-01-20 18:07:59,728.09,Credit Card,IDFC,invalid_cvv,20,0,143,0.8,0.31,False
txn_004082,2025-10-26 18:38:33,1960.84,Netbanking,HDFC,insufficient_funds,26,2,780,1.9,4.27,False
txn_004083,2025-06-24 08:01:20,1128.91,Debit Card,IDFC,insufficient_funds,24,2,691,0.5,4.38,False
txn_004084,2025-05-24 05:57:52,186.48,Netbanking,HDFC,fraud_block,24,1,662,1.0,,False
txn_004085,2026-05-28 22:47:38,1154.72,UPI,HDFC,bank_timeout,28,3,569,4.9,0.11,True
txn_004086,2026-02-25 15:12:29,818.66,UPI,HDFC,otp_failure,25,3,143,4.7,0.0,True
txn_004087,2026-04-18 19:43:22,405.86,UPI,Kotak,bank_timeout,18,2,354,2.2,0.0,True
txn_004088,2026-04-05 00:16:02,658.55,Debit Card,HDFC,bank_timeout,5,5,735,0.9,0.0,True
txn_004089,2025-09-22 19:39:50,608.06,Wallet,IDFC,expired_card,22,0,675,9.2,,False
txn_004090,2025-11-29 02:05:40,182.34,Credit Card,ICICI,fraud_block,29,2,868,0.3,,True
txn_004091,2026-03-06 18:09:02,697.07,Netbanking,Kotak,otp_failure,6,2,441,0.9,0.0,True
txn_004092,2026-02-20 08:40:28,3200.73,Netbanking,IDFC,insufficient_funds,20,4,326,0.1,3.91,False
txn_004093,2026-03-21 18:05:06,724.46,Wallet,Kotak,insufficient_funds,21,2,171,0.3,4.45,False
txn_004094,2025-05-07 06:07:49,346.6,Netbanking,PNB,invalid_cvv,7,1,146,0.2,0.88,False
txn_004095,2025-07-05 00:52:17,2412.21,Debit Card,HDFC,bank_timeout,5,2,514,3.0,0.25,False
txn_004096,2025-08-07 00:37:46,3609.63,UPI,ICICI,insufficient_funds,7,1,414,1.8,5.19,False
txn_004097,2025-07-14 03:04:53,555.03,Wallet,Kotak,bank_timeout,14,0,246,4.2,0.29,True
txn_004098,2025-09-20 04:03:32,2372.17,Wallet,IDFC,network_error,20,2,25,1.3,1.26,True
txn_004099,2025-01-30 23:40:18,2961.86,Wallet,Kotak,bank_timeout,30,0,33,0.1,0.19,True
txn_004100,2025-10-08 22:28:51,1647.68,UPI,Kotak,bank_timeout,8,0,10,3.2,0.0,True
txn_004101,2026-05-23 05:22:55,323.15,Wallet,HDFC,bank_timeout,23,0,764,2.8,0.0,True
txn_004102,2025-04-07 13:14:22,1157.98,UPI,Yes Bank,invalid_cvv,7,3,237,0.4,1.09,False
txn_004103,2025-07-25 10:57:51,762.28,Debit Card,PNB,insufficient_funds,25,2,545,0.9,4.21,False
txn_004104,2025-12-26 09:48:20,328.09,Credit Card,PNB,insufficient_funds,26,2,541,0.1,3.86,True
txn_004105,2025-01-07 21:21:42,2735.91,Netbanking,HDFC,insufficient_funds,7,1,554,2.6,3.43,False
txn_004106,2025-10-06 15:05:36,2345.79,Netbanking,Axis,bank_timeout,6,0,447,3.4,0.0,False
txn_004107,2025-11-14 09:03:32,103.89,Credit Card,ICICI,bank_timeout,14,1,610,1.7,0.0,True
txn_004108,2025-08-03 17:19:14,374.09,Wallet,Yes Bank,expired_card,3,0,815,6.7,,False
txn_004109,2025-02-19 17:51:25,1185.34,Netbanking,SBI,otp_failure,19,1,697,0.8,0.11,True
txn_004110,2025-07-20 09:35:53,2861.44,UPI,Kotak,bank_timeout,20,1,5,2.1,0.42,True
txn_004111,2026-01-20 10:08:38,295.31,Debit Card,Axis,expired_card,20,1,288,5.5,,False
txn_004112,2026-05-05 14:21:19,292.4,Debit Card,SBI,otp_failure,5,0,314,2.7,0.52,False
txn_004113,2026-04-25 23:24:35,796.46,Credit Card,Axis,invalid_cvv,25,0,892,2.3,1.15,False
txn_004114,2025-03-30 21:26:18,981.69,Credit Card,SBI,insufficient_funds,30,0,76,1.9,4.37,False
txn_004115,2026-06-16 14:54:43,2819.54,Wallet,PNB,bank_timeout,16,0,746,0.8,0.0,False
txn_004116,2026-03-27 09:56:47,1214.46,UPI,HDFC,bank_timeout,27,2,526,3.6,0.0,True
txn_004117,2026-03-06 20:16:03,608.22,Debit Card,HDFC,insufficient_funds,6,0,864,3.2,3.94,True
txn_004118,2026-07-10 00:10:09,493.7,UPI,Kotak,insufficient_funds,10,0,5,0.8,4.19,False
txn_004119,2025-01-13 12:27:52,5934.76,UPI,HDFC,otp_failure,13,2,614,2.0,0.94,True
txn_004120,2026-04-12 11:36:03,240.47,Debit Card,Yes Bank,insufficient_funds,12,1,323,1.1,3.72,True
txn_004121,2025-03-26 18:57:17,1833.24,Credit Card,PNB,insufficient_funds,26,1,11,1.2,3.73,False
txn_004122,2025-03-29 21:52:33,204.38,Wallet,ICICI,insufficient_funds,29,1,811,1.8,3.48,True
txn_004123,2025-07-04 01:36:12,703.58,Debit Card,Yes Bank,invalid_cvv,4,1,792,1.8,1.24,False
txn_004124,2026-03-20 00:23:27,748.82,UPI,IDFC,bank_timeout,20,2,143,4.4,0.7,False
txn_004125,2025-02-25 10:51:54,1721.31,Netbanking,Kotak,insufficient_funds,25,0,350,0.3,3.73,False
txn_004126,2025-04-22 03:11:41,137.56,Credit Card,Yes Bank,bank_timeout,22,1,504,2.6,0.0,True
txn_004127,2026-04-17 10:40:48,397.59,UPI,Yes Bank,network_error,17,1,882,0.6,0.0,True
txn_004128,2025-11-14 00:14:07,837.03,UPI,PNB,otp_failure,14,2,602,5.5,0.11,False
txn_004129,2025-08-17 09:43:56,210.3,Wallet,HDFC,insufficient_funds,17,0,52,3.9,4.33,True
txn_004130,2025-05-05 12:26:51,214.76,UPI,HDFC,insufficient_funds,5,1,6,0.6,4.07,True
txn_004131,2025-08-14 22:15:31,791.88,Debit Card,HDFC,bank_timeout,14,2,765,0.2,0.4,True
txn_004132,2025-03-24 12:18:35,330.63,Wallet,Axis,fraud_block,24,2,618,3.2,,False
txn_004133,2025-09-01 04:42:52,163.95,Wallet,Yes Bank,bank_timeout,1,1,602,0.1,0.0,True
txn_004134,2025-06-16 21:26:35,836.47,Netbanking,HDFC,insufficient_funds,16,1,285,0.2,3.8,True
txn_004135,2026-05-26 08:28:25,374.76,Debit Card,IDFC,bank_timeout,26,2,132,1.6,0.0,False
txn_004136,2026-05-20 06:11:25,698.97,Credit Card,ICICI,network_error,20,0,530,0.3,0.0,False
txn_004137,2025-06-24 10:29:36,218.86,Wallet,IDFC,expired_card,24,2,641,2.0,,False
txn_004138,2026-02-23 15:04:48,1032.83,Credit Card,HDFC,insufficient_funds,23,1,102,0.7,3.93,True
txn_004139,2026-04-17 13:12:06,646.85,Netbanking,PNB,invalid_cvv,17,0,757,6.6,0.45,True
txn_004140,2025-09-04 04:10:40,478.13,UPI,Axis,invalid_cvv,4,0,451,2.7,1.13,False
txn_004141,2026-03-23 19:19:13,882.86,UPI,Axis,bank_timeout,23,3,482,4.5,1.0,True
txn_004142,2025-09-13 07:07:23,211.39,Debit Card,Yes Bank,network_error,13,1,593,1.6,0.0,False
txn_004143,2025-06-29 08:06:52,123.5,Netbanking,Yes Bank,insufficient_funds,29,1,515,0.6,4.07,False
txn_004144,2025-03-31 15:31:38,894.12,Debit Card,PNB,insufficient_funds,31,0,217,3.1,3.93,False
txn_004145,2026-07-24 04:21:03,1043.99,Netbanking,Yes Bank,otp_failure,24,1,697,1.6,0.39,True
txn_004146,2025-03-03 21:31:50,1483.55,UPI,ICICI,insufficient_funds,3,0,152,0.4,3.61,True
txn_004147,2025-10-09 09:42:19,457.92,Netbanking,Axis,expired_card,9,3,303,0.3,,False
txn_004148,2025-12-15 17:22:13,222.76,Netbanking,Axis,insufficient_funds,15,2,241,3.8,4.18,False
txn_004149,2026-03-19 05:18:31,357.73,Debit Card,Axis,bank_timeout,19,2,595,0.6,0.31,True
txn_004150,2025-11-13 14:32:23,850.44,Wallet,SBI,fraud_block,13,1,90,1.5,,False
txn_004151,2026-04-16 08:11:21,74.28,UPI,Kotak,insufficient_funds,16,0,201,0.3,4.37,False
txn_004152,2025-09-23 07:21:35,1140.09,UPI,ICICI,invalid_cvv,23,2,706,0.6,1.06,False
txn_004153,2025-03-05 07:22:52,451.26,Netbanking,IDFC,expired_card,5,1,141,0.5,,False
txn_004154,2026-01-28 06:21:56,1104.48,Debit Card,PNB,invalid_cvv,28,1,124,0.5,1.28,False
txn_004155,2026-05-07 09:04:24,744.15,Debit Card,SBI,insufficient_funds,7,3,84,4.3,4.22,True
txn_004156,2025-12-19 16:27:44,433.96,Credit Card,SBI,network_error,19,1,488,3.0,0.0,True
txn_004157,2025-04-04 19:40:02,936.9,Netbanking,Kotak,network_error,4,0,232,2.3,1.12,True
txn_004158,2026-03-07 18:05:51,1038.01,Netbanking,ICICI,otp_failure,7,1,778,1.1,0.58,True
txn_004159,2025-04-09 04:13:42,2021.01,Credit Card,IDFC,otp_failure,9,1,480,1.6,0.0,True
txn_004160,2025-01-19 14:06:53,665.69,Debit Card,ICICI,bank_timeout,19,1,100,0.8,0.37,True
txn_004161,2025-04-13 19:42:00,808.65,Wallet,IDFC,insufficient_funds,13,2,700,1.6,3.98,True
txn_004162,2025-11-25 01:20:11,415.74,UPI,SBI,insufficient_funds,25,1,521,3.0,4.33,True
txn_004163,2025-11-09 11:44:30,1071.83,Wallet,Axis,insufficient_funds,9,0,463,1.5,4.58,False
txn_004164,2026-07-08 00:20:04,353.28,UPI,ICICI,insufficient_funds,8,0,831,2.0,4.58,False
txn_004165,2025-09-19 14:33:41,329.93,UPI,ICICI,insufficient_funds,19,1,44,5.8,4.25,True
txn_004166,2026-07-15 22:24:11,344.91,Credit Card,ICICI,network_error,15,2,711,0.4,0.18,True
txn_004167,2026-07-28 19:16:07,96.82,UPI,PNB,bank_timeout,28,1,397,1.9,0.0,True
txn_004168,2025-11-14 13:58:38,3801.69,Netbanking,IDFC,insufficient_funds,14,3,756,0.1,4.45,False
txn_004169,2025-08-13 16:46:39,801.08,Netbanking,SBI,bank_timeout,13,1,119,0.7,1.08,True
txn_004170,2026-07-24 16:22:15,435.39,Debit Card,ICICI,invalid_cvv,24,1,9,2.7,0.33,False
txn_004171,2025-04-29 06:15:53,238.79,Credit Card,Yes Bank,insufficient_funds,29,1,429,0.3,3.79,True
txn_004172,2026-06-08 10:32:19,300.73,Netbanking,IDFC,bank_timeout,8,0,164,2.4,0.04,True
txn_004173,2025-09-06 21:22:34,425.42,Netbanking,SBI,expired_card,6,0,371,1.9,,False
txn_004174,2026-01-31 02:14:37,147.02,Wallet,Kotak,insufficient_funds,31,0,140,2.6,4.01,True
txn_004175,2025-03-17 06:19:15,759.31,Debit Card,Kotak,insufficient_funds,17,1,723,7.8,4.95,False
txn_004176,2026-01-19 03:39:24,242.15,UPI,HDFC,bank_timeout,19,0,25,0.2,0.0,False
txn_004177,2026-03-15 04:10:13,1142.71,Wallet,IDFC,bank_timeout,15,2,385,1.9,0.0,True
txn_004178,2025-08-10 13:34:46,1651.14,UPI,IDFC,bank_timeout,10,1,746,0.3,0.0,False
txn_004179,2025-09-05 10:43:47,965.46,Debit Card,SBI,insufficient_funds,5,1,203,0.9,2.68,True
txn_004180,2025-02-02 13:42:51,5446.07,Debit Card,IDFC,otp_failure,2,2,804,0.1,0.34,True
txn_004181,2026-02-08 05:22:38,2410.42,UPI,Yes Bank,insufficient_funds,8,0,177,0.6,4.71,False
txn_004182,2025-03-19 06:11:26,422.52,UPI,Kotak,insufficient_funds,19,0,889,0.6,3.96,False
txn_004183,2025-05-09 14:52:07,224.18,Credit Card,Kotak,insufficient_funds,9,4,886,2.3,3.82,True
txn_004184,2025-08-01 16:54:21,403.38,Netbanking,PNB,expired_card,1,0,58,1.7,,False
txn_004185,2025-06-23 16:49:40,490.65,Debit Card,Kotak,expired_card,23,1,71,0.7,,False
txn_004186,2025-07-21 12:06:26,773.55,Wallet,ICICI,expired_card,21,0,892,1.6,,False
txn_004187,2025-06-29 22:43:38,882.98,UPI,SBI,insufficient_funds,29,2,524,3.6,4.41,False
txn_004188,2025-03-16 13:07:21,892.18,Debit Card,SBI,invalid_cvv,16,2,330,0.8,0.76,True
txn_004189,2025-01-22 05:50:35,1104.54,Wallet,HDFC,bank_timeout,22,3,568,6.3,0.0,True
txn_004190,2026-02-24 07:09:21,1141.74,Wallet,Axis,invalid_cvv,24,1,373,1.6,1.54,False
txn_004191,2025-01-06 04:14:47,204.0,Netbanking,HDFC,otp_failure,6,2,800,0.1,0.0,False
txn_004192,2025-10-15 00:44:07,936.62,Debit Card,Kotak,bank_timeout,15,2,10,5.1,0.81,True
txn_004193,2026-03-20 15:17:25,51.18,Netbanking,PNB,insufficient_funds,20,1,55,0.2,3.78,False
txn_004194,2026-02-09 14:09:57,435.86,Debit Card,PNB,network_error,9,0,117,0.6,0.0,True
txn_004195,2025-08-18 02:06:34,368.52,Credit Card,ICICI,expired_card,18,1,80,1.5,,False
txn_004196,2025-12-12 04:18:38,553.53,Netbanking,PNB,bank_timeout,12,1,188,0.9,0.0,True
txn_004197,2025-07-24 07:43:45,1039.25,Credit Card,SBI,invalid_cvv,24,1,266,1.3,1.57,False
txn_004198,2025-08-05 06:44:37,8099.34,Credit Card,Yes Bank,fraud_block,5,0,221,5.9,,False
txn_004199,2025-03-03 09:55:01,425.68,Debit Card,ICICI,insufficient_funds,3,0,276,2.6,4.13,True
txn_004200,2025-09-12 01:52:44,280.48,Debit Card,Yes Bank,insufficient_funds,12,1,52,5.3,4.47,False
txn_004201,2025-08-03 11:01:36,1387.64,Netbanking,ICICI,fraud_block,3,1,591,0.3,,True
txn_004202,2026-07-03 23:53:22,247.96,UPI,HDFC,insufficient_funds,3,2,652,1.4,4.12,False
txn_004203,2025-12-03 14:44:40,722.25,Credit Card,Yes Bank,network_error,3,2,494,5.0,0.24,True
txn_004204,2025-05-28 21:17:18,513.74,Wallet,HDFC,insufficient_funds,28,1,58,1.0,3.5,True
txn_004205,2026-05-08 19:53:03,293.03,Credit Card,Axis,insufficient_funds,8,1,343,3.2,3.27,False
txn_004206,2025-04-17 07:31:43,232.94,Wallet,IDFC,insufficient_funds,17,3,813,1.7,3.81,False
txn_004207,2025-06-21 01:00:12,765.2,Debit Card,Kotak,invalid_cvv,21,2,557,1.9,1.33,False
txn_004208,2026-01-01 03:35:11,614.01,Debit Card,PNB,invalid_cvv,1,1,405,1.4,1.06,False
txn_004209,2025-05-26 07:53:14,79.72,Netbanking,Kotak,otp_failure,26,1,234,1.1,0.05,False
txn_004210,2025-04-13 08:46:46,2341.75,Debit Card,ICICI,invalid_cvv,13,2,384,2.8,1.38,False
txn_004211,2026-02-06 00:38:44,256.45,Debit Card,HDFC,bank_timeout,6,1,439,0.3,0.0,True
txn_004212,2025-12-04 08:17:20,652.88,Credit Card,PNB,insufficient_funds,4,1,573,3.1,3.58,True
txn_004213,2026-03-10 04:58:27,190.43,Wallet,Axis,network_error,10,3,404,0.3,0.39,False
txn_004214,2026-07-06 11:10:56,221.21,Debit Card,HDFC,insufficient_funds,6,4,284,7.4,4.37,False
txn_004215,2025-11-21 19:03:18,497.24,UPI,IDFC,bank_timeout,21,1,522,3.2,0.0,False
txn_004216,2026-05-06 03:11:03,88.95,Wallet,Axis,network_error,6,1,799,2.0,0.56,True
txn_004217,2026-05-11 07:51:44,600.53,UPI,PNB,otp_failure,11,0,719,0.8,0.22,True
txn_004218,2026-02-17 00:30:44,8652.14,Debit Card,Kotak,bank_timeout,17,0,372,1.8,0.0,True
txn_004219,2025-06-30 02:48:18,323.19,UPI,PNB,insufficient_funds,30,0,794,1.3,4.37,True
txn_004220,2026-01-16 18:23:59,497.14,Netbanking,Yes Bank,insufficient_funds,16,1,337,0.4,4.86,False
txn_004221,2026-02-27 01:57:30,304.52,Netbanking,Kotak,otp_failure,27,1,849,2.8,0.59,True
txn_004222,2025-03-16 23:30:35,577.64,Debit Card,ICICI,invalid_cvv,16,2,292,1.4,0.0,False
txn_004223,2025-08-12 03:07:34,838.46,Netbanking,PNB,insufficient_funds,12,1,895,0.7,3.91,False
txn_004224,2025-09-10 17:50:26,452.88,Debit Card,IDFC,bank_timeout,10,2,521,0.8,0.0,True
txn_004225,2025-03-31 23:01:33,2067.1,Debit Card,PNB,fraud_block,31,0,97,6.1,,False
txn_004226,2025-09-05 16:50:16,112.74,Credit Card,Yes Bank,otp_failure,5,1,340,3.7,0.06,False
txn_004227,2026-06-26 08:26:09,383.69,Netbanking,SBI,network_error,26,2,851,1.2,0.0,True
txn_004228,2026-01-11 17:32:36,407.12,Netbanking,IDFC,otp_failure,11,1,261,3.5,0.0,False
txn_004229,2026-06-18 18:44:43,626.06,Debit Card,HDFC,insufficient_funds,18,0,240,0.7,3.47,True
txn_004230,2025-08-14 23:19:57,1063.67,UPI,Axis,network_error,14,3,524,0.8,0.0,True
txn_004231,2025-11-14 16:25:16,176.0,Credit Card,Yes Bank,bank_timeout,14,1,734,0.1,0.0,True
txn_004232,2025-07-23 04:40:31,112.01,UPI,IDFC,insufficient_funds,23,2,150,1.2,3.27,True
txn_004233,2025-10-31 23:49:19,617.29,Netbanking,IDFC,otp_failure,31,1,158,0.9,0.48,True
txn_004234,2025-11-06 15:55:29,828.29,UPI,HDFC,network_error,6,0,193,2.1,0.0,True
txn_004235,2025-07-28 09:47:44,1728.11,Netbanking,Axis,fraud_block,28,1,182,0.6,,False
txn_004236,2025-09-21 23:06:20,1683.82,Credit Card,Kotak,bank_timeout,21,1,744,3.5,0.8,False
txn_004237,2025-12-14 16:32:46,213.56,Netbanking,Axis,otp_failure,14,0,265,2.5,0.0,True
txn_004238,2026-03-21 16:16:46,563.9,Debit Card,Axis,insufficient_funds,21,2,717,1.3,3.36,True
txn_004239,2026-05-01 16:11:07,1836.88,Credit Card,Yes Bank,bank_timeout,1,1,428,1.8,0.6,True
txn_004240,2025-04-11 08:44:54,1338.87,Wallet,HDFC,bank_timeout,11,2,689,4.0,0.24,True
txn_004241,2026-07-15 23:19:09,1631.41,Credit Card,IDFC,insufficient_funds,15,1,21,1.4,4.06,False
txn_004242,2025-03-12 02:25:56,4239.69,UPI,Yes Bank,insufficient_funds,12,2,424,0.0,4.41,False
txn_004243,2026-03-06 10:41:41,3866.72,Credit Card,HDFC,otp_failure,6,2,771,3.3,0.77,True
txn_004244,2026-02-07 20:19:05,207.75,Debit Card,Yes Bank,bank_timeout,7,1,137,1.9,0.93,True
txn_004245,2026-02-20 21:56:02,287.09,Debit Card,SBI,insufficient_funds,20,1,513,0.1,3.63,True
txn_004246,2026-02-21 02:08:58,1023.65,Netbanking,Axis,invalid_cvv,21,0,636,0.2,1.39,True
txn_004247,2025-08-14 09:29:12,1414.27,Debit Card,Yes Bank,otp_failure,14,1,684,0.4,0.0,True
txn_004248,2025-09-15 11:38:50,630.82,Netbanking,Axis,fraud_block,15,1,772,0.2,,True
txn_004249,2026-03-06 11:45:24,1138.21,Debit Card,HDFC,insufficient_funds,6,1,119,5.3,4.14,False
txn_004250,2025-01-29 00:29:10,1294.32,Credit Card,ICICI,otp_failure,29,0,614,2.9,0.13,False
txn_004251,2026-01-25 12:37:29,1517.04,Netbanking,PNB,expired_card,25,2,639,1.1,,False
txn_004252,2025-02-02 20:15:09,1442.82,Debit Card,Kotak,otp_failure,2,0,107,0.2,0.0,True
txn_004253,2025-08-23 03:44:30,931.45,Credit Card,Axis,insufficient_funds,23,1,861,1.8,3.85,True
txn_004254,2026-05-06 13:02:52,2206.69,Debit Card,HDFC,otp_failure,6,3,268,0.4,0.15,True
txn_004255,2025-07-31 14:59:23,253.14,Credit Card,IDFC,insufficient_funds,31,1,379,3.9,4.08,True
txn_004256,2026-05-24 23:13:45,671.9,Netbanking,SBI,insufficient_funds,24,4,672,5.4,4.56,False
txn_004257,2026-07-30 04:24:00,1000.63,UPI,ICICI,invalid_cvv,30,0,693,0.1,2.34,False
txn_004258,2025-03-01 10:34:05,1930.28,Credit Card,IDFC,insufficient_funds,1,0,536,4.8,3.4,True
txn_004259,2025-01-16 15:42:04,4321.45,Credit Card,SBI,bank_timeout,16,4,352,1.1,0.0,False
txn_004260,2025-03-16 05:18:19,1230.92,Wallet,IDFC,insufficient_funds,16,0,377,0.1,4.57,True
txn_004261,2025-05-31 21:43:03,3080.22,Wallet,Kotak,insufficient_funds,31,2,411,1.7,4.58,True
txn_004262,2025-09-09 10:42:13,262.92,Netbanking,HDFC,network_error,9,2,824,1.2,0.98,True
txn_004263,2025-08-23 16:33:30,1113.76,UPI,PNB,bank_timeout,23,0,498,2.0,0.0,True
txn_004264,2025-06-07 09:58:51,214.97,Credit Card,Kotak,expired_card,7,1,738,0.4,,False
txn_004265,2026-05-25 13:40:17,1075.63,Wallet,PNB,expired_card,25,2,777,1.8,,False
txn_004266,2025-10-20 11:58:24,781.37,UPI,IDFC,insufficient_funds,20,3,29,0.5,3.98,False
txn_004267,2025-03-14 06:48:31,285.93,Debit Card,IDFC,insufficient_funds,14,2,283,2.9,3.67,False
txn_004268,2026-03-12 17:43:41,559.22,UPI,PNB,expired_card,12,0,346,0.1,,False
txn_004269,2025-08-09 22:01:43,3662.76,Wallet,Axis,insufficient_funds,9,2,490,1.8,3.62,False
txn_004270,2025-10-25 00:36:29,333.73,Credit Card,PNB,bank_timeout,25,1,562,0.3,0.91,True
txn_004271,2026-07-20 02:39:14,3657.0,Netbanking,Yes Bank,network_error,20,3,695,2.4,0.51,True
txn_004272,2026-03-01 13:00:57,695.23,Credit Card,PNB,network_error,1,3,717,7.5,0.29,True
txn_004273,2025-06-24 00:47:49,596.3,Wallet,HDFC,expired_card,24,1,780,2.2,,False
txn_004274,2025-11-05 15:06:54,2024.01,Debit Card,PNB,bank_timeout,5,2,576,6.0,0.0,False
txn_004275,2025-10-15 05:58:29,2379.4,Netbanking,ICICI,bank_timeout,15,1,693,0.9,0.0,True
txn_004276,2026-05-15 07:00:23,74.56,UPI,Yes Bank,insufficient_funds,15,0,76,5.0,4.67,False
txn_004277,2025-04-22 16:05:25,1618.56,Credit Card,ICICI,insufficient_funds,22,1,389,3.2,4.24,True
txn_004278,2026-03-12 15:39:43,1357.79,Debit Card,Axis,bank_timeout,12,1,710,0.6,0.0,True
txn_004279,2026-01-16 10:44:50,33.32,Wallet,Axis,expired_card,16,0,400,3.7,,False
txn_004280,2025-03-07 03:48:00,141.53,Debit Card,IDFC,network_error,7,2,153,0.5,0.71,True
txn_004281,2026-04-24 20:10:40,467.96,Netbanking,Axis,network_error,24,3,376,0.0,0.22,True
txn_004282,2025-02-15 18:35:23,2940.0,Netbanking,Kotak,bank_timeout,15,1,736,3.7,0.51,True
txn_004283,2025-11-16 21:36:01,1378.71,UPI,Yes Bank,expired_card,16,4,499,0.8,,False
txn_004284,2025-04-27 23:36:38,1788.59,Credit Card,Yes Bank,network_error,27,0,568,3.5,0.0,True
txn_004285,2026-06-20 03:50:46,4080.47,Wallet,IDFC,network_error,20,1,769,2.3,1.41,True
txn_004286,2025-01-05 07:51:55,442.87,UPI,Axis,bank_timeout,5,0,586,1.9,0.0,True
txn_004287,2026-03-13 20:04:22,528.59,Netbanking,PNB,otp_failure,13,1,820,1.5,0.0,True
txn_004288,2025-09-01 03:02:39,189.02,Debit Card,Yes Bank,otp_failure,1,2,672,0.8,0.1,False
txn_004289,2025-12-25 08:35:52,332.13,Netbanking,ICICI,insufficient_funds,25,1,800,1.1,4.23,False
txn_004290,2025-03-23 14:09:35,537.71,Netbanking,ICICI,expired_card,23,2,588,1.3,,False
txn_004291,2025-10-19 19:17:44,9989.37,Debit Card,HDFC,expired_card,19,2,230,0.7,,False
txn_004292,2025-05-06 21:38:04,1604.66,Wallet,ICICI,insufficient_funds,6,1,74,0.6,3.57,False
txn_004293,2025-05-10 02:08:10,320.87,Debit Card,PNB,insufficient_funds,10,0,250,1.1,4.15,False
txn_004294,2025-03-30 06:51:41,752.59,Credit Card,IDFC,fraud_block,30,0,510,1.0,,False
txn_004295,2026-01-20 14:54:31,540.75,Debit Card,PNB,insufficient_funds,20,1,781,1.0,3.96,True
txn_004296,2025-04-19 15:16:47,469.54,Wallet,IDFC,insufficient_funds,19,0,602,1.5,3.84,False
txn_004297,2025-11-07 05:27:40,423.21,Credit Card,Kotak,fraud_block,7,0,756,0.5,,False
txn_004298,2025-04-02 07:54:40,104.06,Netbanking,Kotak,invalid_cvv,2,2,232,0.9,0.11,False
txn_004299,2026-07-14 04:42:36,1668.38,UPI,Yes Bank,insufficient_funds,14,1,811,2.6,4.0,False
txn_004300,2026-04-23 18:18:14,2087.3,UPI,SBI,bank_timeout,23,1,334,1.5,0.0,True
txn_004301,2025-04-20 22:04:45,7.65,UPI,Axis,fraud_block,20,1,31,5.5,,False
txn_004302,2026-04-22 21:47:10,398.89,UPI,Kotak,otp_failure,22,2,12,4.3,0.62,False
txn_004303,2026-01-02 16:46:08,517.89,Netbanking,Axis,network_error,2,0,16,1.0,0.42,True
txn_004304,2025-09-14 10:56:54,2272.9,Debit Card,SBI,network_error,14,0,519,0.2,0.08,False
txn_004305,2026-02-12 07:07:22,424.01,Netbanking,HDFC,expired_card,12,0,465,1.6,,False
txn_004306,2025-09-04 18:08:02,1280.38,Netbanking,SBI,invalid_cvv,4,2,835,0.5,2.48,True
txn_004307,2025-04-27 18:42:35,605.11,Netbanking,ICICI,bank_timeout,27,1,749,0.2,1.25,True
txn_004308,2025-01-05 08:26:12,270.25,UPI,Axis,network_error,5,4,619,0.8,0.0,True
txn_004309,2025-06-04 18:37:04,429.95,Credit Card,PNB,network_error,4,2,367,1.4,0.12,True
txn_004310,2025-09-15 02:56:31,3761.56,Credit Card,HDFC,expired_card,15,5,399,4.1,,False
txn_004311,2026-05-01 10:20:12,372.67,Netbanking,SBI,network_error,1,1,682,2.3,0.0,True
txn_004312,2025-02-21 20:43:13,1578.38,UPI,Axis,network_error,21,1,687,0.2,0.45,True
txn_004313,2025-09-25 22:28:22,1552.33,Credit Card,Axis,insufficient_funds,25,1,423,2.0,4.6,True
txn_004314,2025-08-02 06:33:13,1633.51,UPI,IDFC,network_error,2,1,47,1.5,1.07,True
txn_004315,2026-03-30 23:16:49,329.72,UPI,Yes Bank,invalid_cvv,30,0,791,4.0,1.54,False
txn_004316,2026-05-01 01:32:28,2416.47,Netbanking,Kotak,insufficient_funds,1,1,680,4.1,3.94,True
txn_004317,2026-03-12 19:53:28,647.7,Wallet,Axis,expired_card,12,0,50,0.2,,False
txn_004318,2025-03-02 04:15:34,240.52,Wallet,SBI,fraud_block,2,0,563,1.2,,False
txn_004319,2025-03-21 23:37:01,281.81,Debit Card,Kotak,bank_timeout,21,0,494,2.8,0.0,True
txn_004320,2025-05-19 12:13:25,166.5,UPI,ICICI,bank_timeout,19,3,276,2.9,0.66,True
txn_004321,2025-04-09 09:56:07,3796.94,Wallet,IDFC,insufficient_funds,9,0,464,0.4,3.07,True
txn_004322,2025-09-14 10:37:55,2146.43,Wallet,Kotak,bank_timeout,14,0,807,3.4,0.45,True
txn_004323,2026-07-27 15:37:31,496.19,Wallet,PNB,bank_timeout,27,1,834,1.9,0.15,False
txn_004324,2025-06-12 13:45:35,426.66,Debit Card,HDFC,insufficient_funds,12,1,754,4.1,3.36,False
txn_004325,2025-06-30 01:38:37,148.98,Debit Card,ICICI,bank_timeout,30,0,321,1.3,0.0,True
txn_004326,2026-04-23 15:00:30,1855.78,Debit Card,SBI,insufficient_funds,23,0,107,2.1,3.97,False
txn_004327,2025-05-09 00:26:14,240.0,Netbanking,HDFC,expired_card,9,1,584,3.0,,False
txn_004328,2025-09-09 03:27:17,1074.74,Credit Card,HDFC,otp_failure,9,2,446,1.3,0.0,True
txn_004329,2025-04-17 09:23:51,1076.81,Wallet,PNB,network_error,17,2,495,0.6,0.0,True
txn_004330,2025-11-27 10:08:15,240.63,Netbanking,Yes Bank,insufficient_funds,27,1,342,0.3,3.24,False
txn_004331,2025-08-24 00:05:45,430.87,Wallet,ICICI,insufficient_funds,24,0,618,0.2,3.43,True
txn_004332,2025-07-07 00:19:55,1074.86,Wallet,IDFC,insufficient_funds,7,0,243,0.9,4.16,False
txn_004333,2025-10-21 01:33:35,131.49,Netbanking,PNB,bank_timeout,21,0,410,0.6,0.0,True
txn_004334,2025-10-03 17:31:25,219.1,UPI,Yes Bank,otp_failure,3,1,235,0.7,0.33,True
txn_004335,2026-02-17 04:41:41,418.58,Credit Card,Axis,network_error,17,1,705,2.6,0.28,True
txn_004336,2025-05-10 00:37:56,739.58,UPI,SBI,insufficient_funds,10,0,549,0.3,4.69,False
txn_004337,2025-12-06 14:48:17,139.29,Wallet,PNB,network_error,6,3,487,2.1,0.0,True
txn_004338,2026-01-16 16:00:18,2251.84,UPI,ICICI,otp_failure,16,0,481,0.5,0.34,True
txn_004339,2026-03-10 08:06:16,346.24,Netbanking,Yes Bank,otp_failure,10,2,583,0.1,0.03,True
txn_004340,2025-05-19 06:23:30,577.83,Credit Card,Yes Bank,insufficient_funds,19,0,154,1.8,3.62,False
txn_004341,2025-12-29 00:17:02,716.64,UPI,IDFC,expired_card,29,0,548,0.7,,False
txn_004342,2025-06-16 01:08:50,685.44,Wallet,Axis,invalid_cvv,16,0,601,0.5,1.13,True
txn_004343,2025-10-25 01:31:22,1028.44,UPI,SBI,expired_card,25,0,311,0.1,,False
txn_004344,2025-01-09 06:56:54,864.65,Debit Card,PNB,fraud_block,9,0,545,1.4,,False
txn_004345,2025-10-08 09:22:01,1058.91,Wallet,Axis,bank_timeout,8,3,52,0.8,0.5,True
txn_004346,2025-01-05 08:39:45,899.72,Wallet,Kotak,insufficient_funds,5,1,700,0.8,4.33,True
txn_004347,2025-09-13 02:46:50,134.12,Credit Card,Yes Bank,network_error,13,1,35,3.3,0.0,True
txn_004348,2025-07-17 02:26:07,1293.26,Wallet,HDFC,otp_failure,17,1,96,2.1,0.0,False
txn_004349,2026-04-17 07:05:41,333.71,UPI,HDFC,insufficient_funds,17,0,626,1.8,4.9,False
txn_004350,2026-05-18 17:01:12,1978.55,UPI,PNB,network_error,18,1,134,0.3,0.11,True
txn_004351,2025-11-06 08:44:18,5748.85,Credit Card,Kotak,fraud_block,6,1,136,0.6,,False
txn_004352,2025-08-01 22:58:14,744.95,Credit Card,HDFC,otp_failure,1,2,77,2.3,0.43,False
txn_004353,2026-07-12 17:02:24,2582.67,Netbanking,PNB,bank_timeout,12,0,731,6.3,0.42,True
txn_004354,2026-01-16 19:51:48,953.01,Debit Card,PNB,insufficient_funds,16,3,205,1.0,4.06,False
txn_004355,2026-05-18 23:10:43,986.46,Wallet,ICICI,insufficient_funds,18,0,628,4.3,3.88,False
txn_004356,2025-01-30 15:58:48,2236.75,UPI,HDFC,insufficient_funds,30,0,4,2.4,4.72,False
txn_004357,2026-04-22 01:39:57,116.83,Debit Card,SBI,bank_timeout,22,0,473,0.9,0.52,True
txn_004358,2025-04-13 06:06:01,821.58,Credit Card,IDFC,insufficient_funds,13,1,63,0.2,4.78,True
txn_004359,2025-04-03 18:16:34,1484.14,Credit Card,PNB,network_error,3,0,228,3.8,0.26,True
txn_004360,2026-05-11 03:27:14,236.32,Credit Card,Yes Bank,insufficient_funds,11,0,121,0.5,4.31,True
txn_004361,2025-03-17 17:04:27,3674.57,Wallet,Kotak,insufficient_funds,17,1,231,0.4,3.38,False
txn_004362,2025-05-31 19:49:18,250.94,Wallet,HDFC,fraud_block,31,2,246,1.3,,False
txn_004363,2025-09-16 09:19:29,483.66,UPI,SBI,insufficient_funds,16,0,369,0.1,3.39,True
txn_004364,2026-04-01 19:37:48,281.15,UPI,HDFC,fraud_block,1,1,272,4.5,,False
txn_004365,2026-06-01 03:05:27,2215.01,Netbanking,IDFC,network_error,1,3,726,2.4,0.8,False
txn_004366,2026-06-03 15:14:55,464.17,Credit Card,ICICI,insufficient_funds,3,0,36,1.0,4.14,False
txn_004367,2025-05-30 20:39:39,887.44,Wallet,SBI,expired_card,30,4,659,1.3,,False
txn_004368,2026-07-21 04:44:40,444.98,UPI,ICICI,insufficient_funds,21,0,422,0.4,3.6,False
txn_004369,2025-05-15 01:13:18,412.96,Netbanking,HDFC,bank_timeout,15,2,596,2.5,0.34,True
txn_004370,2025-08-03 00:10:00,1505.46,Wallet,Axis,otp_failure,3,0,455,4.5,0.69,True
txn_004371,2026-06-19 22:36:35,1488.17,Wallet,IDFC,otp_failure,19,1,332,1.3,0.0,True
txn_004372,2025-05-15 08:21:40,550.28,Credit Card,Kotak,invalid_cvv,15,1,502,3.0,1.53,False
txn_004373,2025-08-01 15:18:53,280.72,Wallet,Yes Bank,bank_timeout,1,2,754,3.2,0.5,True
txn_004374,2025-04-02 10:21:31,568.17,UPI,PNB,insufficient_funds,2,1,479,2.5,3.88,False
txn_004375,2026-03-18 07:31:02,349.19,Credit Card,PNB,insufficient_funds,18,1,792,1.6,4.28,False
txn_004376,2025-03-10 11:27:28,12008.3,Credit Card,ICICI,expired_card,10,1,153,3.5,,False
txn_004377,2025-05-22 18:03:52,3163.37,Credit Card,SBI,bank_timeout,22,2,644,1.6,0.72,True
txn_004378,2025-09-04 14:39:10,578.32,Wallet,HDFC,otp_failure,4,3,196,5.0,0.6,False
txn_004379,2025-05-12 12:38:55,990.05,Credit Card,Axis,insufficient_funds,12,3,612,0.5,4.47,False
txn_004380,2026-05-11 12:10:05,1264.07,UPI,PNB,otp_failure,11,1,388,4.3,0.85,True
txn_004381,2025-03-05 03:04:28,903.84,Debit Card,Kotak,otp_failure,5,1,628,1.4,0.25,False
txn_004382,2026-06-13 20:43:14,157.81,Debit Card,SBI,otp_failure,13,2,85,3.2,0.11,True
txn_004383,2025-08-30 03:53:54,673.04,Credit Card,IDFC,insufficient_funds,30,0,836,2.2,4.18,True
txn_004384,2026-07-03 07:11:24,804.68,UPI,SBI,otp_failure,3,3,15,1.5,0.0,False
txn_004385,2025-08-05 16:15:16,584.5,Debit Card,Yes Bank,bank_timeout,5,0,36,5.8,0.45,True
txn_004386,2025-11-18 13:11:53,332.98,Debit Card,Axis,insufficient_funds,18,1,485,0.6,4.29,False
txn_004387,2025-07-31 21:20:59,1697.69,Debit Card,SBI,bank_timeout,31,1,816,1.3,0.0,False
txn_004388,2025-08-18 01:56:14,434.02,UPI,PNB,bank_timeout,18,1,825,1.3,0.77,True
txn_004389,2025-07-25 11:28:44,584.24,Credit Card,PNB,insufficient_funds,25,0,257,3.2,3.81,True
txn_004390,2025-10-03 20:32:01,2457.66,Wallet,Yes Bank,expired_card,3,0,201,3.0,,False
txn_004391,2025-09-28 23:12:24,205.15,Wallet,PNB,fraud_block,28,2,855,3.0,,False
txn_004392,2026-05-06 03:11:05,771.08,Debit Card,HDFC,expired_card,6,1,150,3.2,,False
txn_004393,2026-03-31 13:20:49,1553.71,Netbanking,SBI,bank_timeout,31,0,391,0.1,0.74,True
txn_004394,2026-02-22 20:05:31,638.25,Wallet,Axis,insufficient_funds,22,1,115,0.8,3.83,True
txn_004395,2026-06-30 09:43:23,164.47,Netbanking,Yes Bank,invalid_cvv,30,1,449,0.7,0.0,False
txn_004396,2026-05-17 18:27:41,528.3,UPI,Axis,otp_failure,17,0,389,4.4,0.63,False
txn_004397,2025-09-23 18:43:09,53.45,Wallet,Kotak,bank_timeout,23,1,261,1.0,0.49,True
txn_004398,2025-03-12 11:50:32,133.92,Wallet,Axis,expired_card,12,3,397,0.5,,False
txn_004399,2025-07-20 13:27:18,230.04,Debit Card,PNB,expired_card,20,2,466,0.3,,False
txn_004400,2025-07-22 14:31:13,96.14,Credit Card,ICICI,insufficient_funds,22,0,305,0.2,3.98,True
txn_004401,2026-02-06 14:08:03,69.42,Debit Card,PNB,bank_timeout,6,0,336,1.4,0.75,False
txn_004402,2025-04-19 14:20:44,413.73,Netbanking,Yes Bank,network_error,19,1,898,0.2,0.0,True
txn_004403,2025-10-17 03:51:12,2633.46,Wallet,IDFC,invalid_cvv,17,0,12,2.4,1.33,False
txn_004404,2026-05-27 07:41:27,2066.92,Wallet,HDFC,otp_failure,27,1,654,1.9,0.06,True
txn_004405,2025-09-08 09:27:01,333.63,Credit Card,Yes Bank,expired_card,8,1,106,4.7,,False
txn_004406,2025-01-07 03:14:06,1088.03,Debit Card,IDFC,insufficient_funds,7,1,802,1.1,2.84,False
txn_004407,2026-01-05 07:53:11,674.2,UPI,Yes Bank,bank_timeout,5,2,554,2.7,0.38,True
txn_004408,2026-05-19 05:22:58,372.22,Credit Card,SBI,expired_card,19,0,851,1.7,,False
txn_004409,2025-10-06 01:41:17,265.71,UPI,SBI,insufficient_funds,6,1,74,0.9,3.63,False
txn_004410,2025-12-29 14:33:04,628.34,Wallet,SBI,bank_timeout,29,1,473,4.6,1.04,True
txn_004411,2025-01-17 21:26:55,638.07,Netbanking,PNB,bank_timeout,17,1,129,0.3,0.21,False
txn_004412,2026-04-07 01:02:07,147.41,Wallet,IDFC,insufficient_funds,7,0,341,2.3,4.47,True
txn_004413,2026-07-22 17:59:10,574.81,Netbanking,PNB,otp_failure,22,1,91,0.3,0.41,False
txn_004414,2025-07-09 04:49:22,296.25,UPI,Yes Bank,insufficient_funds,9,2,748,5.1,3.96,False
txn_004415,2026-04-12 18:22:09,459.42,UPI,PNB,expired_card,12,1,774,0.8,,False
txn_004416,2026-06-12 01:11:51,1078.2,Netbanking,Kotak,otp_failure,12,1,720,2.2,0.0,True
txn_004417,2025-02-01 04:03:29,893.18,Debit Card,ICICI,insufficient_funds,1,0,307,3.2,2.9,False
txn_004418,2025-11-23 23:44:51,505.74,Netbanking,Kotak,network_error,23,1,853,1.3,0.0,True
txn_004419,2026-03-25 13:09:23,224.26,Netbanking,HDFC,insufficient_funds,25,2,867,2.4,4.73,True
txn_004420,2025-05-08 09:39:56,325.07,Wallet,SBI,insufficient_funds,8,3,175,10.5,4.49,False
txn_004421,2025-08-22 11:16:07,830.79,Wallet,Axis,fraud_block,22,1,232,6.2,,False
txn_004422,2026-03-18 04:04:07,3028.34,Debit Card,SBI,insufficient_funds,18,0,544,0.1,4.42,False
txn_004423,2026-05-31 06:47:31,666.43,UPI,HDFC,otp_failure,31,2,266,2.1,0.0,True
txn_004424,2025-03-12 05:09:10,1757.22,UPI,SBI,otp_failure,12,0,859,1.0,0.59,False
txn_004425,2025-09-26 19:49:02,2633.82,Netbanking,IDFC,insufficient_funds,26,1,427,0.2,4.56,True
txn_004426,2025-05-09 10:11:59,765.13,Netbanking,HDFC,otp_failure,9,1,827,1.0,0.0,True
txn_004427,2026-05-27 13:21:15,364.98,Debit Card,Axis,network_error,27,3,215,0.5,0.84,True
txn_004428,2025-05-14 15:35:17,964.48,UPI,Kotak,insufficient_funds,14,2,18,0.6,3.53,True
txn_004429,2025-03-04 10:18:13,698.93,Debit Card,Axis,bank_timeout,4,1,508,2.6,0.0,True
txn_004430,2025-06-07 22:11:47,184.31,Netbanking,ICICI,otp_failure,7,5,73,1.9,0.1,True
txn_004431,2026-07-17 10:50:36,145.9,Debit Card,SBI,bank_timeout,17,0,355,0.3,0.35,True
txn_004432,2026-06-16 19:59:10,1148.56,Wallet,Yes Bank,invalid_cvv,16,0,543,1.6,0.7,True
txn_004433,2025-01-04 20:10:38,3979.55,Netbanking,SBI,bank_timeout,4,2,105,0.3,0.0,True
txn_004434,2025-09-25 17:53:41,566.62,Credit Card,PNB,otp_failure,25,1,253,0.3,0.0,True
txn_004435,2026-03-04 01:33:24,1165.9,Netbanking,Axis,otp_failure,4,1,417,1.0,0.33,True
txn_004436,2026-01-02 20:25:15,676.62,Netbanking,PNB,network_error,2,4,840,0.9,0.0,False
txn_004437,2026-07-03 12:58:17,559.83,Debit Card,ICICI,insufficient_funds,3,1,887,7.5,3.62,False
txn_004438,2025-10-29 00:54:05,359.31,Debit Card,Yes Bank,expired_card,29,1,502,0.7,,False
txn_004439,2025-04-14 17:06:36,1397.45,Netbanking,Yes Bank,insufficient_funds,14,2,555,2.5,5.02,True
txn_004440,2025-08-08 23:07:47,292.41,Netbanking,IDFC,insufficient_funds,8,0,557,2.6,4.02,True
txn_004441,2026-02-19 20:37:42,1077.98,Credit Card,Yes Bank,insufficient_funds,19,0,227,13.8,4.19,False
txn_004442,2026-01-15 06:44:44,792.55,Wallet,HDFC,otp_failure,15,4,593,4.9,0.04,False
txn_004443,2025-06-22 04:40:35,1676.08,Wallet,SBI,insufficient_funds,22,1,262,3.3,3.83,False
txn_004444,2025-07-02 15:39:18,5279.76,UPI,Yes Bank,otp_failure,2,1,608,1.3,1.26,False
txn_004445,2025-09-21 23:16:51,229.23,Wallet,HDFC,network_error,21,0,599,1.6,0.74,False
txn_004446,2026-04-20 05:47:05,197.39,Wallet,IDFC,insufficient_funds,20,1,299,3.0,3.64,True
txn_004447,2025-03-02 00:24:37,189.37,Debit Card,SBI,expired_card,2,2,278,0.9,,False
txn_004448,2026-01-24 07:44:15,663.1,Debit Card,HDFC,bank_timeout,24,1,499,4.5,0.23,True
txn_004449,2025-06-14 01:39:22,225.56,UPI,IDFC,fraud_block,14,0,597,0.8,,False
txn_004450,2025-03-14 02:51:21,274.27,UPI,IDFC,network_error,14,2,165,3.9,0.0,True
txn_004451,2026-05-24 00:16:52,2597.45,Debit Card,IDFC,insufficient_funds,24,2,666,0.7,3.73,True
txn_004452,2025-04-28 02:08:18,121.28,UPI,Kotak,insufficient_funds,28,0,526,5.0,4.05,True
txn_004453,2025-10-28 10:45:49,92.4,Netbanking,HDFC,bank_timeout,28,2,862,2.6,0.0,True
txn_004454,2025-07-22 17:45:21,387.83,Netbanking,SBI,bank_timeout,22,3,869,2.0,0.91,True
txn_004455,2025-05-08 00:39:36,467.87,Netbanking,ICICI,expired_card,8,0,218,1.7,,False
txn_004456,2025-12-28 02:47:14,907.75,Credit Card,Yes Bank,otp_failure,28,1,644,0.7,0.0,True
txn_004457,2026-06-17 21:11:24,653.24,Credit Card,IDFC,insufficient_funds,17,0,199,0.0,3.33,True
txn_004458,2025-01-10 11:52:51,1040.69,Debit Card,Yes Bank,insufficient_funds,10,2,762,5.1,4.83,True
txn_004459,2025-04-10 23:52:42,1884.64,Wallet,IDFC,expired_card,10,0,763,2.6,,False
txn_004460,2026-06-18 01:32:02,951.04,Netbanking,HDFC,invalid_cvv,18,1,473,0.7,0.04,False
txn_004461,2026-01-13 14:17:41,486.59,Netbanking,IDFC,bank_timeout,13,3,437,2.3,0.0,False
txn_004462,2025-02-12 08:09:50,174.21,UPI,IDFC,invalid_cvv,12,1,792,0.2,1.4,True
txn_004463,2025-07-20 21:34:03,290.17,Credit Card,PNB,network_error,20,0,132,0.9,0.7,False
txn_004464,2026-01-25 23:06:22,393.01,UPI,PNB,bank_timeout,25,1,245,1.2,0.0,False
txn_004465,2026-07-08 01:04:46,1523.22,UPI,Yes Bank,insufficient_funds,8,1,612,0.3,3.68,False
txn_004466,2025-03-28 17:43:10,425.35,Debit Card,IDFC,expired_card,28,2,407,0.4,,False
txn_004467,2026-02-17 23:49:23,1084.19,Netbanking,ICICI,insufficient_funds,17,0,809,1.0,3.73,True
txn_004468,2025-04-27 19:25:15,188.19,Credit Card,Yes Bank,invalid_cvv,27,1,114,0.4,1.14,False
txn_004469,2026-07-04 13:57:44,717.95,Wallet,Kotak,network_error,4,1,503,3.3,0.47,True
txn_004470,2025-06-03 11:46:27,1232.97,Wallet,PNB,network_error,3,0,105,1.2,0.0,True
txn_004471,2025-12-04 18:54:02,1266.84,Credit Card,PNB,expired_card,4,1,463,0.5,,False
txn_004472,2025-08-07 19:31:43,450.82,Credit Card,ICICI,insufficient_funds,7,1,449,0.8,4.33,True
txn_004473,2026-01-16 07:12:16,585.67,Netbanking,Yes Bank,insufficient_funds,16,2,432,3.4,3.7,False
txn_004474,2025-02-08 21:26:16,880.87,Wallet,Yes Bank,insufficient_funds,8,3,550,7.0,4.44,False
txn_004475,2025-07-15 23:42:45,697.44,Netbanking,Yes Bank,insufficient_funds,15,1,877,0.3,3.96,True
txn_004476,2026-06-09 06:50:33,80.3,UPI,HDFC,expired_card,9,3,290,2.9,,False
txn_004477,2026-02-26 13:33:55,763.11,UPI,SBI,insufficient_funds,26,0,122,3.5,4.41,False
txn_004478,2025-08-16 18:23:02,779.03,UPI,IDFC,network_error,16,1,890,0.5,0.3,True
txn_004479,2025-01-14 14:34:39,2168.04,Netbanking,Yes Bank,expired_card,14,3,235,0.5,,False
txn_004480,2025-08-20 05:13:11,2331.96,Credit Card,ICICI,network_error,20,0,707,5.8,0.31,True
txn_004481,2025-10-05 11:31:11,61.48,Credit Card,IDFC,insufficient_funds,5,0,3,0.2,3.45,True
txn_004482,2025-07-13 02:44:16,2496.8,Debit Card,ICICI,expired_card,13,1,559,0.4,,True
txn_004483,2026-02-20 12:50:49,1229.59,Credit Card,SBI,bank_timeout,20,2,217,0.8,0.57,True
txn_004484,2026-07-19 12:17:57,1071.77,Debit Card,PNB,insufficient_funds,19,1,180,0.5,3.81,True
txn_004485,2025-12-01 20:17:47,500.82,UPI,Yes Bank,otp_failure,1,3,753,2.1,0.13,True
txn_004486,2025-12-22 18:18:51,4767.28,Wallet,Axis,otp_failure,22,0,377,3.5,0.0,False
txn_004487,2026-07-24 02:17:24,517.65,Wallet,PNB,invalid_cvv,24,3,25,1.0,0.59,False
txn_004488,2025-02-01 13:36:10,420.26,Credit Card,Yes Bank,insufficient_funds,1,2,516,1.8,3.37,True
txn_004489,2025-10-17 13:24:31,1675.4,Credit Card,SBI,expired_card,17,1,725,0.5,,False
txn_004490,2026-04-19 07:10:20,1420.83,Credit Card,IDFC,otp_failure,19,2,373,0.5,0.0,True
txn_004491,2026-02-03 04:09:29,1255.03,Credit Card,Yes Bank,expired_card,3,0,446,3.5,,False
txn_004492,2026-05-10 13:42:49,3693.98,UPI,IDFC,insufficient_funds,10,0,738,0.1,4.1,True
txn_004493,2025-11-08 06:19:38,644.54,Credit Card,SBI,network_error,8,3,367,1.0,0.71,True
txn_004494,2025-07-19 12:10:48,1477.42,Credit Card,IDFC,insufficient_funds,19,1,698,0.6,3.04,False
txn_004495,2025-04-01 10:19:38,686.14,Debit Card,Kotak,bank_timeout,1,0,837,0.5,0.09,True
txn_004496,2025-08-24 12:05:02,184.96,Wallet,Axis,otp_failure,24,0,12,1.6,0.0,True
txn_004497,2026-06-24 05:53:27,1290.17,Credit Card,Yes Bank,expired_card,24,0,565,1.0,,False
txn_004498,2026-03-22 07:45:28,1586.21,Netbanking,Axis,bank_timeout,22,0,426,0.9,0.39,True
txn_004499,2025-12-06 09:15:25,274.95,UPI,SBI,network_error,6,0,681,1.1,0.02,False
txn_004500,2025-08-04 00:55:44,1089.28,Wallet,HDFC,network_error,4,0,309,4.2,0.0,True
txn_004501,2026-04-15 14:58:53,1811.42,Netbanking,SBI,bank_timeout,15,2,540,0.2,0.0,True
txn_004502,2026-06-11 18:43:05,636.91,UPI,Kotak,insufficient_funds,11,3,888,2.2,3.87,False
txn_004503,2025-01-04 22:09:30,65.11,Netbanking,Axis,expired_card,4,3,875,1.3,,False
txn_004504,2025-01-15 12:56:47,1362.65,Netbanking,SBI,bank_timeout,15,0,676,3.0,0.0,True
txn_004505,2025-08-02 10:03:32,230.1,UPI,PNB,insufficient_funds,2,0,122,3.7,3.27,True
txn_004506,2026-04-11 07:39:01,1602.44,UPI,ICICI,otp_failure,11,1,90,5.3,0.27,True
txn_004507,2025-06-21 21:46:21,94.44,Debit Card,HDFC,bank_timeout,21,1,589,0.1,0.0,False
txn_004508,2026-07-05 16:52:35,148.03,UPI,Axis,otp_failure,5,0,862,1.6,0.0,True
txn_004509,2025-02-19 11:52:21,160.0,Wallet,Kotak,expired_card,19,3,659,1.4,,False
txn_004510,2026-07-20 13:57:36,214.83,Wallet,PNB,otp_failure,20,1,779,0.9,0.34,True
txn_004511,2026-04-02 15:30:51,211.4,Netbanking,Yes Bank,invalid_cvv,2,2,572,4.0,0.63,False
txn_004512,2026-02-25 13:30:26,577.76,Netbanking,PNB,bank_timeout,25,1,598,0.1,0.36,True
txn_004513,2026-03-10 03:28:56,501.66,Credit Card,Yes Bank,bank_timeout,10,0,475,1.4,0.71,True
txn_004514,2025-09-22 13:10:09,669.35,UPI,Yes Bank,fraud_block,22,0,296,2.2,,False
txn_004515,2025-12-12 03:54:02,3266.66,Debit Card,PNB,otp_failure,12,1,149,3.9,0.0,False
txn_004516,2026-07-31 18:31:46,1267.02,Netbanking,Axis,bank_timeout,31,1,479,6.8,0.11,False
txn_004517,2026-02-18 09:40:46,542.01,Debit Card,IDFC,expired_card,18,0,527,2.6,,False
txn_004518,2025-07-18 14:27:19,4090.42,Netbanking,HDFC,otp_failure,18,4,243,5.4,0.38,False
txn_004519,2026-05-29 04:18:45,588.63,Wallet,ICICI,expired_card,29,1,209,0.1,,False
txn_004520,2026-05-06 09:51:07,196.2,Netbanking,Yes Bank,fraud_block,6,1,540,6.1,,True
txn_004521,2025-03-06 12:56:49,534.55,Debit Card,Yes Bank,expired_card,6,1,701,2.8,,False
txn_004522,2025-08-25 03:34:51,185.94,UPI,Yes Bank,bank_timeout,25,1,356,1.1,0.0,False
txn_004523,2025-12-17 16:33:17,220.73,Netbanking,HDFC,otp_failure,17,2,73,5.8,0.0,True
txn_004524,2025-05-02 02:11:45,628.59,Wallet,SBI,otp_failure,2,0,44,8.5,0.21,True
txn_004525,2026-04-30 21:08:44,1363.45,UPI,IDFC,insufficient_funds,30,0,731,4.3,4.91,True
txn_004526,2025-11-19 15:29:11,930.4,Credit Card,Kotak,expired_card,19,2,576,1.9,,True
txn_004527,2026-03-09 04:47:01,974.19,Netbanking,Axis,bank_timeout,9,1,224,4.3,0.46,True
txn_004528,2025-10-19 11:48:25,1730.5,Wallet,SBI,expired_card,19,1,227,0.4,,True
txn_004529,2025-10-21 22:25:29,371.81,Wallet,ICICI,insufficient_funds,21,1,421,1.0,3.43,True
txn_004530,2025-03-17 07:50:05,3713.62,Netbanking,Axis,insufficient_funds,17,1,396,0.1,4.38,False
txn_004531,2025-06-14 03:00:49,244.9,Credit Card,Kotak,fraud_block,14,1,894,6.1,,True
txn_004532,2025-05-19 17:45:48,888.77,Debit Card,IDFC,insufficient_funds,19,2,188,1.4,3.4,False
txn_004533,2026-03-04 06:03:16,633.31,Netbanking,Yes Bank,bank_timeout,4,0,664,1.7,0.05,True
txn_004534,2025-06-19 03:12:09,257.49,Netbanking,Kotak,otp_failure,19,0,291,0.4,0.55,True
txn_004535,2025-09-06 02:06:45,1815.09,UPI,ICICI,bank_timeout,6,3,886,3.1,0.0,True
txn_004536,2026-05-31 22:13:47,878.01,UPI,IDFC,insufficient_funds,31,1,625,9.6,3.19,True
txn_004537,2025-06-24 20:09:12,189.75,Netbanking,PNB,insufficient_funds,24,2,584,2.0,3.53,False
txn_004538,2025-12-27 07:58:57,2539.22,UPI,PNB,expired_card,27,1,782,2.1,,False
txn_004539,2025-05-02 22:05:30,236.52,Debit Card,IDFC,network_error,2,1,657,0.2,1.88,False
txn_004540,2025-08-13 00:18:40,226.53,Credit Card,Yes Bank,network_error,13,0,615,2.1,0.28,True
txn_004541,2025-12-27 09:59:14,536.6,Debit Card,ICICI,bank_timeout,27,3,233,9.0,0.0,False
txn_004542,2025-10-25 18:13:32,266.43,Wallet,IDFC,expired_card,25,1,552,3.0,,True
txn_004543,2025-11-21 21:06:36,88.88,Netbanking,Axis,insufficient_funds,21,0,536,3.7,3.4,True
txn_004544,2026-05-10 07:40:13,601.96,Credit Card,Axis,otp_failure,10,2,462,0.6,0.0,False
txn_004545,2025-04-18 15:10:12,301.23,Wallet,ICICI,bank_timeout,18,1,679,0.2,0.3,False
txn_004546,2026-04-11 16:45:38,86.72,Wallet,IDFC,invalid_cvv,11,2,258,1.1,1.36,False
txn_004547,2025-01-18 17:38:58,552.91,UPI,Axis,insufficient_funds,18,0,718,4.4,4.0,True
txn_004548,2025-05-10 07:01:05,188.58,Wallet,PNB,otp_failure,10,1,315,2.3,0.5,True
txn_004549,2026-06-16 13:27:07,1249.85,Credit Card,Yes Bank,network_error,16,1,474,0.5,0.0,True
txn_004550,2025-01-18 15:31:20,1015.63,Wallet,IDFC,insufficient_funds,18,0,372,0.2,3.36,False
txn_004551,2026-03-05 19:05:42,1148.05,Wallet,Axis,insufficient_funds,5,2,78,1.4,4.1,True
txn_004552,2025-05-06 08:19:39,301.11,Netbanking,Yes Bank,insufficient_funds,6,0,54,0.4,3.73,False
txn_004553,2026-07-16 14:49:02,676.92,Debit Card,SBI,expired_card,16,0,598,0.3,,False
txn_004554,2026-01-02 17:51:57,414.96,Debit Card,Yes Bank,invalid_cvv,2,2,546,1.9,0.0,False
txn_004555,2025-04-14 00:46:34,374.56,UPI,ICICI,insufficient_funds,14,1,257,1.0,3.2,False
txn_004556,2025-01-24 23:49:36,1145.25,Debit Card,PNB,network_error,24,1,737,4.8,0.62,False
txn_004557,2025-12-23 15:58:35,255.12,Debit Card,PNB,insufficient_funds,23,0,517,3.2,3.83,True
txn_004558,2025-07-07 21:02:16,146.41,Debit Card,PNB,bank_timeout,7,3,197,0.8,0.0,True
txn_004559,2026-01-24 12:40:56,561.33,Credit Card,Yes Bank,bank_timeout,24,2,151,1.8,0.34,False
txn_004560,2025-05-04 16:56:39,491.22,Debit Card,PNB,network_error,4,0,177,0.2,0.26,True
txn_004561,2026-07-15 19:55:04,557.83,Credit Card,HDFC,network_error,15,3,715,2.6,0.0,True
txn_004562,2025-01-26 02:32:10,261.44,Netbanking,PNB,expired_card,26,0,563,0.7,,False
txn_004563,2025-10-27 06:48:11,613.86,Credit Card,IDFC,expired_card,27,0,813,1.4,,False
txn_004564,2025-07-21 23:17:47,339.05,Wallet,ICICI,otp_failure,21,0,797,4.7,0.0,False
txn_004565,2026-07-10 23:22:59,1241.98,Wallet,HDFC,otp_failure,10,1,119,0.8,0.25,False
txn_004566,2025-12-07 14:37:34,604.31,Netbanking,HDFC,insufficient_funds,7,0,566,0.7,4.23,False
txn_004567,2025-08-16 13:13:38,713.6,Netbanking,HDFC,bank_timeout,16,0,263,0.2,0.42,True
txn_004568,2025-10-10 05:46:07,2192.32,Netbanking,PNB,insufficient_funds,10,0,264,2.6,4.46,True
txn_004569,2025-11-29 21:28:09,252.55,Credit Card,ICICI,insufficient_funds,29,0,457,1.7,3.91,True
txn_004570,2025-04-24 09:20:02,5155.54,UPI,ICICI,insufficient_funds,24,2,799,1.0,4.27,False
txn_004571,2026-07-15 18:56:51,106.26,Debit Card,Yes Bank,bank_timeout,15,2,461,1.4,0.0,True
txn_004572,2025-11-17 16:53:03,1196.53,UPI,SBI,expired_card,17,1,818,0.4,,False
txn_004573,2025-07-08 19:07:42,1251.78,Netbanking,Axis,insufficient_funds,8,1,784,0.6,3.47,True
txn_004574,2025-07-25 10:46:51,2699.05,Credit Card,Yes Bank,fraud_block,25,0,849,1.5,,False
txn_004575,2026-05-14 16:24:37,1313.04,Credit Card,PNB,expired_card,14,1,390,3.2,,False
txn_004576,2026-07-05 18:15:46,119.24,Netbanking,Axis,insufficient_funds,5,0,872,3.2,4.22,True
txn_004577,2025-07-21 22:44:34,324.97,UPI,Kotak,otp_failure,21,1,360,0.2,0.72,False
txn_004578,2026-06-20 07:30:34,615.39,Netbanking,Yes Bank,network_error,20,1,444,1.0,0.0,True
txn_004579,2025-12-16 19:37:12,295.65,UPI,Kotak,fraud_block,16,2,694,0.8,,False
txn_004580,2026-04-07 16:56:36,726.17,Credit Card,SBI,expired_card,7,0,218,3.6,,True
txn_004581,2025-04-25 23:22:00,1469.41,Wallet,Kotak,network_error,25,1,19,0.2,0.0,False
txn_004582,2025-01-21 03:33:56,1114.97,Debit Card,Yes Bank,bank_timeout,21,3,591,0.4,0.66,False
txn_004583,2026-03-14 17:08:11,971.85,UPI,Kotak,network_error,14,0,277,1.6,0.0,True
txn_004584,2025-08-27 04:36:27,854.22,Debit Card,Kotak,fraud_block,27,1,827,0.6,,False
txn_004585,2026-01-05 03:57:05,467.85,Netbanking,Kotak,fraud_block,5,1,623,0.1,,True
txn_004586,2025-04-30 22:59:39,87.69,Debit Card,SBI,bank_timeout,30,2,834,0.4,0.5,True
txn_004587,2026-04-17 19:40:40,350.84,UPI,IDFC,otp_failure,17,1,610,4.9,0.01,True
txn_004588,2025-07-19 20:31:37,1054.06,Debit Card,HDFC,insufficient_funds,19,0,354,2.2,3.82,True
txn_004589,2025-06-14 09:39:59,141.3,Wallet,Kotak,otp_failure,14,2,167,1.6,0.1,False
txn_004590,2025-04-26 05:41:36,130.7,Wallet,HDFC,network_error,26,3,285,0.6,0.0,False
txn_004591,2025-07-21 11:57:40,2874.46,UPI,IDFC,invalid_cvv,21,3,597,1.3,0.5,False
txn_004592,2026-01-06 11:26:45,697.36,Wallet,SBI,invalid_cvv,6,2,867,1.9,1.48,True
txn_004593,2025-09-25 08:36:19,558.12,Debit Card,Yes Bank,fraud_block,25,1,724,12.2,,False
txn_004594,2026-02-11 11:42:59,1118.49,UPI,IDFC,insufficient_funds,11,1,642,0.0,4.08,True
txn_004595,2026-01-12 21:38:13,661.64,Debit Card,PNB,expired_card,12,1,581,0.1,,False
txn_004596,2025-05-17 05:27:26,773.89,Netbanking,IDFC,network_error,17,1,72,1.7,0.0,True
txn_004597,2025-01-12 01:18:53,305.88,Credit Card,Yes Bank,fraud_block,12,1,483,1.2,,False
txn_004598,2025-06-24 15:02:42,222.08,UPI,Axis,invalid_cvv,24,0,878,0.2,1.59,True
txn_004599,2025-06-24 05:26:28,384.63,Debit Card,Kotak,bank_timeout,24,1,666,2.3,0.08,False
txn_004600,2026-04-18 17:53:41,1013.01,Credit Card,Axis,insufficient_funds,18,2,470,4.8,4.35,False
txn_004601,2025-10-04 21:40:08,361.21,Netbanking,PNB,bank_timeout,4,1,251,0.1,0.0,False
txn_004602,2026-03-19 06:32:03,2157.45,Credit Card,Axis,bank_timeout,19,2,895,3.7,0.67,True
txn_004603,2026-07-30 20:17:06,691.79,Debit Card,Yes Bank,otp_failure,30,1,287,7.2,0.0,True
txn_004604,2026-05-31 22:24:26,1033.43,Credit Card,IDFC,bank_timeout,31,1,303,0.9,0.6,True
txn_004605,2026-05-02 12:58:48,168.7,Credit Card,Yes Bank,bank_timeout,2,4,513,0.3,0.0,True
txn_004606,2026-01-30 02:55:45,717.14,Credit Card,Kotak,expired_card,30,1,733,0.8,,False
txn_004607,2026-03-06 17:58:12,162.23,Wallet,ICICI,insufficient_funds,6,1,791,4.4,3.91,False
txn_004608,2025-02-13 11:26:45,514.5,Netbanking,Axis,invalid_cvv,13,2,582,0.8,0.0,False
txn_004609,2025-07-10 01:23:38,535.23,UPI,SBI,network_error,10,0,133,6.8,0.14,True
txn_004610,2026-06-20 16:55:18,913.17,Debit Card,Axis,network_error,20,0,55,0.1,0.57,True
txn_004611,2026-06-20 15:46:25,171.32,Netbanking,SBI,insufficient_funds,20,3,113,0.8,4.96,False
txn_004612,2025-02-01 05:59:36,125.11,Wallet,Kotak,bank_timeout,1,0,796,0.0,1.0,True
txn_004613,2026-03-05 17:34:19,592.33,UPI,ICICI,otp_failure,5,1,593,0.4,0.05,True
txn_004614,2025-05-28 14:07:14,373.46,Credit Card,SBI,insufficient_funds,28,3,234,0.7,4.19,False
txn_004615,2026-02-10 21:10:53,1052.83,UPI,HDFC,insufficient_funds,10,3,848,0.2,4.41,False
txn_004616,2025-06-11 08:24:21,1319.69,Debit Card,Axis,insufficient_funds,11,0,177,2.8,3.64,True
txn_004617,2026-03-31 21:49:04,623.22,Wallet,PNB,otp_failure,31,2,294,1.3,0.0,True
txn_004618,2025-12-27 14:38:39,801.69,Credit Card,HDFC,network_error,27,1,465,0.9,0.29,True
txn_004619,2025-09-05 15:57:00,931.65,Credit Card,Axis,insufficient_funds,5,2,664,1.2,3.8,False
txn_004620,2026-01-07 12:08:25,898.7,Credit Card,PNB,network_error,7,2,438,0.1,0.0,True
txn_004621,2025-03-06 18:25:53,937.71,Netbanking,Axis,expired_card,6,2,550,0.7,,False
txn_004622,2025-03-19 13:49:18,4352.46,Wallet,Axis,invalid_cvv,19,1,848,1.4,1.53,False
txn_004623,2026-04-10 17:00:15,401.86,Netbanking,Kotak,insufficient_funds,10,0,330,0.2,3.22,False
txn_004624,2026-03-19 05:04:00,2089.69,Credit Card,IDFC,insufficient_funds,19,0,820,3.4,4.77,True
txn_004625,2025-03-28 14:57:22,100.69,Netbanking,Axis,insufficient_funds,28,1,132,7.1,3.99,True
txn_004626,2026-04-03 10:35:29,754.27,Wallet,PNB,insufficient_funds,3,3,753,0.6,3.13,True
txn_004627,2025-01-01 09:13:47,177.0,UPI,IDFC,insufficient_funds,1,0,764,0.6,3.3,True
txn_004628,2026-04-13 02:03:13,1546.52,UPI,PNB,insufficient_funds,13,1,155,1.2,3.39,False
txn_004629,2026-05-06 05:04:56,622.75,Debit Card,Yes Bank,network_error,6,1,381,1.1,0.0,True
txn_004630,2026-01-30 00:37:35,1900.97,Netbanking,Kotak,bank_timeout,30,0,21,1.3,0.2,False
txn_004631,2026-05-17 04:53:03,2241.67,UPI,Kotak,fraud_block,17,2,367,1.6,,False
txn_004632,2026-02-18 08:44:28,1700.53,Debit Card,Yes Bank,expired_card,18,0,677,1.3,,False
txn_004633,2025-08-02 19:44:48,472.37,Wallet,Kotak,bank_timeout,2,1,494,3.4,0.11,False
txn_004634,2026-05-02 04:01:35,900.51,Netbanking,ICICI,bank_timeout,2,2,466,0.8,0.0,True
txn_004635,2025-05-22 12:05:11,209.03,Netbanking,HDFC,insufficient_funds,22,1,105,0.1,4.07,False
txn_004636,2025-09-05 22:27:35,702.08,Wallet,PNB,otp_failure,5,0,324,0.9,0.81,True
txn_004637,2026-01-21 02:09:24,531.97,Debit Card,SBI,bank_timeout,21,1,314,0.3,0.0,True
txn_004638,2025-02-20 22:07:01,1067.79,Netbanking,Kotak,bank_timeout,20,1,517,6.5,0.0,False
txn_004639,2025-03-15 10:52:29,3199.37,Netbanking,Yes Bank,expired_card,15,0,745,6.7,,True
txn_004640,2026-05-11 11:00:01,642.83,Wallet,SBI,invalid_cvv,11,0,148,1.9,1.72,True
txn_004641,2025-05-31 08:52:54,713.51,Credit Card,Axis,insufficient_funds,31,0,510,0.5,3.68,True
txn_004642,2025-06-15 14:38:33,1823.18,UPI,Kotak,fraud_block,15,5,451,2.4,,False
txn_004643,2025-09-06 13:31:40,437.03,Wallet,PNB,otp_failure,6,1,505,2.6,0.42,True
txn_004644,2025-03-21 22:30:50,722.03,UPI,Axis,insufficient_funds,21,0,815,1.7,4.15,False
txn_004645,2026-03-20 12:22:06,983.4,Debit Card,Yes Bank,invalid_cvv,20,4,634,3.3,1.48,False
txn_004646,2025-05-02 11:16:42,602.85,Debit Card,IDFC,expired_card,2,1,30,4.5,,False
txn_004647,2025-05-14 10:09:38,1777.81,Debit Card,SBI,insufficient_funds,14,1,796,0.1,3.43,False
txn_004648,2025-09-10 23:08:19,2501.37,Wallet,PNB,bank_timeout,10,0,418,0.7,0.34,False
txn_004649,2026-05-23 13:56:53,138.01,Wallet,IDFC,bank_timeout,23,1,74,1.3,0.12,True
txn_004650,2026-07-19 06:21:01,876.38,UPI,Axis,bank_timeout,19,2,818,1.0,0.15,True
txn_004651,2025-07-24 03:58:48,5614.6,Netbanking,Kotak,otp_failure,24,0,599,0.3,0.0,True
txn_004652,2025-10-16 00:02:51,1965.83,Debit Card,Kotak,bank_timeout,16,3,845,1.6,0.12,True
txn_004653,2025-09-17 05:01:55,1497.75,UPI,Yes Bank,network_error,17,0,778,2.1,0.0,False
txn_004654,2025-12-16 07:09:44,289.3,UPI,IDFC,bank_timeout,16,0,507,1.4,0.24,True
txn_004655,2026-03-14 12:25:10,341.14,Netbanking,IDFC,bank_timeout,14,0,750,1.4,0.61,True
txn_004656,2025-01-05 09:44:36,1691.38,Netbanking,HDFC,otp_failure,5,2,678,0.5,0.0,True
txn_004657,2025-11-14 12:21:23,2814.83,UPI,SBI,invalid_cvv,14,1,284,0.3,1.48,True
txn_004658,2025-12-21 21:02:29,5786.08,UPI,HDFC,insufficient_funds,21,1,294,6.5,3.76,True
txn_004659,2026-07-02 01:49:44,4310.83,Debit Card,Axis,invalid_cvv,2,1,536,3.9,1.92,False
txn_004660,2026-05-30 05:35:33,665.33,UPI,Kotak,network_error,30,1,136,3.7,1.21,False
txn_004661,2025-10-18 02:04:55,1296.59,Credit Card,Yes Bank,network_error,18,0,578,0.8,0.31,True
txn_004662,2025-11-29 01:08:48,628.36,Netbanking,Yes Bank,expired_card,29,0,658,2.7,,False
txn_004663,2026-03-10 11:08:40,5100.56,Wallet,Axis,bank_timeout,10,2,878,0.4,0.0,False
txn_004664,2025-06-16 23:30:53,72.92,Wallet,PNB,network_error,16,1,595,2.4,0.0,True
txn_004665,2025-08-01 19:02:27,6634.63,Credit Card,ICICI,fraud_block,1,3,762,1.3,,False
txn_004666,2025-07-08 20:25:02,589.25,Debit Card,Yes Bank,bank_timeout,8,2,881,0.8,0.0,True
txn_004667,2026-07-16 10:53:05,262.11,Netbanking,PNB,insufficient_funds,16,2,161,2.4,3.92,True
txn_004668,2025-02-05 17:30:04,439.13,Netbanking,PNB,bank_timeout,5,1,509,1.9,0.06,True
txn_004669,2025-07-14 01:28:09,2030.69,UPI,IDFC,bank_timeout,14,1,111,2.2,0.0,True
txn_004670,2025-02-16 01:44:44,1036.66,Credit Card,HDFC,insufficient_funds,16,2,105,0.6,3.96,False
txn_004671,2026-05-12 19:32:33,726.92,UPI,Kotak,invalid_cvv,12,3,76,1.3,1.27,False
txn_004672,2026-02-22 19:06:10,444.64,UPI,PNB,insufficient_funds,22,1,809,2.8,3.69,False
txn_004673,2025-08-09 18:31:50,348.03,Credit Card,PNB,insufficient_funds,9,0,498,0.3,4.43,False
txn_004674,2025-04-15 07:14:55,675.6,Credit Card,Yes Bank,expired_card,15,0,82,0.9,,False
txn_004675,2026-07-23 21:50:21,125.2,Netbanking,SBI,bank_timeout,23,0,736,0.5,0.0,True
txn_004676,2025-04-27 20:01:26,569.55,Wallet,Kotak,bank_timeout,27,0,282,2.4,0.0,True
txn_004677,2026-03-22 21:46:41,642.67,Debit Card,ICICI,bank_timeout,22,2,809,2.1,0.12,True
txn_004678,2025-12-07 09:46:51,426.79,Debit Card,Yes Bank,fraud_block,7,0,617,0.5,,False
txn_004679,2026-03-21 20:31:12,336.82,Wallet,Kotak,expired_card,21,1,736,8.4,,True
txn_004680,2026-03-09 09:09:48,555.01,Wallet,Kotak,network_error,9,1,407,1.6,0.25,True
txn_004681,2026-06-20 14:31:08,870.25,Credit Card,SBI,network_error,20,0,728,3.0,0.84,True
txn_004682,2025-02-22 19:41:04,641.71,UPI,Yes Bank,insufficient_funds,22,2,385,3.8,3.3,False
txn_004683,2025-12-13 07:04:00,405.89,Debit Card,SBI,insufficient_funds,13,0,13,1.6,4.52,False
txn_004684,2025-09-07 12:51:12,583.12,Netbanking,Axis,expired_card,7,2,862,5.8,,True
txn_004685,2025-12-24 22:00:12,300.32,UPI,Yes Bank,insufficient_funds,24,0,471,0.5,4.07,True
txn_004686,2025-06-04 13:21:09,1303.16,UPI,Kotak,insufficient_funds,4,0,410,2.9,3.67,True
txn_004687,2026-04-14 20:14:03,3093.77,Credit Card,SBI,invalid_cvv,14,2,236,1.5,1.16,False
txn_004688,2025-04-03 13:52:14,646.99,Netbanking,IDFC,network_error,3,2,475,0.1,0.0,True
txn_004689,2025-11-04 19:42:58,401.55,Netbanking,HDFC,otp_failure,4,1,887,5.1,1.35,False
txn_004690,2026-02-15 10:02:28,602.67,Credit Card,Yes Bank,network_error,15,3,112,3.1,0.35,True
txn_004691,2025-01-13 14:00:48,2767.15,Wallet,IDFC,bank_timeout,13,1,304,0.0,0.03,True
txn_004692,2025-01-25 22:05:21,1913.14,Wallet,Yes Bank,insufficient_funds,25,1,895,1.4,4.12,False
txn_004693,2026-02-23 12:08:06,315.22,Netbanking,Kotak,insufficient_funds,23,2,78,1.3,4.18,True
txn_004694,2026-03-23 11:20:13,1113.88,UPI,ICICI,insufficient_funds,23,2,352,5.7,4.6,False
txn_004695,2026-07-25 10:50:18,1184.46,Credit Card,ICICI,insufficient_funds,25,1,651,1.4,4.01,False
txn_004696,2026-03-10 15:17:30,356.78,Credit Card,SBI,network_error,10,3,483,0.2,0.42,True
txn_004697,2026-02-03 20:20:25,583.5,Credit Card,PNB,insufficient_funds,3,1,490,1.1,3.53,True
txn_004698,2026-04-19 19:48:39,514.82,Debit Card,ICICI,network_error,19,0,372,0.9,0.0,True
txn_004699,2026-06-16 05:48:38,424.79,Netbanking,Kotak,fraud_block,16,1,892,2.6,,False
txn_004700,2025-12-28 17:33:35,167.46,Netbanking,SBI,bank_timeout,28,2,44,1.0,0.0,False
txn_004701,2026-05-21 05:08:57,1487.75,UPI,ICICI,bank_timeout,21,1,757,1.1,0.28,True
txn_004702,2025-05-22 02:38:43,1409.2,Wallet,Yes Bank,otp_failure,22,2,388,1.7,0.0,True
txn_004703,2025-12-19 16:03:03,354.05,Wallet,IDFC,bank_timeout,19,0,722,6.9,1.44,False
txn_004704,2025-01-17 16:28:55,880.46,Netbanking,Kotak,insufficient_funds,17,1,308,2.5,3.83,True
txn_004705,2025-01-05 22:26:46,132.44,Wallet,IDFC,invalid_cvv,5,1,595,4.2,0.48,True
txn_004706,2025-01-15 15:47:35,1452.62,Credit Card,Axis,insufficient_funds,15,2,491,1.9,3.99,True
txn_004707,2025-09-08 09:40:44,3414.04,Netbanking,SBI,insufficient_funds,8,0,850,1.1,5.0,False
txn_004708,2025-07-21 01:22:07,637.47,Debit Card,Yes Bank,insufficient_funds,21,1,562,2.8,3.32,False
txn_004709,2026-02-18 11:59:21,2394.85,Netbanking,Axis,insufficient_funds,18,0,800,5.8,4.44,True
txn_004710,2026-03-23 04:18:29,120.64,UPI,SBI,invalid_cvv,23,0,659,0.6,1.34,False
txn_004711,2025-05-27 16:22:12,509.55,Debit Card,Axis,expired_card,27,2,609,0.1,,False
txn_004712,2025-08-28 14:30:54,265.62,Debit Card,ICICI,bank_timeout,28,1,785,1.6,0.95,False
txn_004713,2025-01-21 08:51:35,969.42,Wallet,HDFC,otp_failure,21,1,304,1.7,0.0,False
txn_004714,2025-04-09 21:28:58,369.03,Wallet,Yes Bank,fraud_block,9,0,771,2.6,,False
txn_004715,2025-02-23 19:13:41,1325.25,UPI,Yes Bank,invalid_cvv,23,3,473,0.2,0.99,True
txn_004716,2025-06-28 17:26:48,1629.35,Debit Card,Axis,insufficient_funds,28,3,415,0.2,3.63,False
txn_004717,2025-08-24 07:00:55,732.81,Debit Card,IDFC,bank_timeout,24,0,470,1.9,0.18,True
txn_004718,2025-07-30 13:15:32,262.88,Debit Card,Axis,bank_timeout,30,3,569,2.6,0.85,True
txn_004719,2025-10-04 00:06:23,143.9,Credit Card,SBI,expired_card,4,0,457,0.3,,False
txn_004720,2025-12-08 11:30:04,950.0,Credit Card,IDFC,insufficient_funds,8,1,739,0.8,4.0,True
txn_004721,2025-01-20 17:56:08,2719.48,Netbanking,Axis,otp_failure,20,1,226,3.5,0.0,True
txn_004722,2025-10-23 11:28:43,233.9,Credit Card,PNB,fraud_block,23,1,13,0.3,,False
txn_004723,2025-12-07 15:06:21,280.96,Netbanking,Axis,invalid_cvv,7,3,133,1.9,1.56,False
txn_004724,2025-06-09 17:15:47,118.24,Netbanking,ICICI,otp_failure,9,2,581,3.6,0.0,True
txn_004725,2025-03-14 02:52:59,300.79,Debit Card,ICICI,otp_failure,14,1,562,0.1,0.15,True
txn_004726,2025-05-07 12:21:32,9961.37,Debit Card,ICICI,expired_card,7,0,421,2.1,,False
txn_004727,2026-01-15 21:38:30,607.23,Wallet,Yes Bank,bank_timeout,15,0,460,9.6,0.98,True
txn_004728,2025-09-04 03:03:48,1039.03,Netbanking,Axis,insufficient_funds,4,1,504,6.1,4.57,True
txn_004729,2025-06-13 08:47:16,731.91,Credit Card,Yes Bank,expired_card,13,3,298,0.1,,False
txn_004730,2026-01-07 06:10:24,513.13,UPI,ICICI,bank_timeout,7,0,689,2.9,0.47,True
txn_004731,2025-12-21 22:14:07,1633.06,Credit Card,HDFC,insufficient_funds,21,0,634,1.3,3.34,True
txn_004732,2025-10-23 04:15:23,721.58,Netbanking,IDFC,bank_timeout,23,1,5,0.1,0.0,False
txn_004733,2025-03-19 17:21:57,966.55,UPI,Yes Bank,network_error,19,1,245,5.5,0.0,False
txn_004734,2025-08-29 18:28:41,241.34,Credit Card,IDFC,insufficient_funds,29,0,430,1.4,4.69,True
txn_004735,2026-05-22 10:11:42,603.65,UPI,Axis,bank_timeout,22,2,295,0.1,0.63,False
txn_004736,2026-06-29 15:34:30,56.56,Credit Card,IDFC,insufficient_funds,29,1,65,0.2,4.47,True
txn_004737,2026-01-02 02:48:52,425.73,Credit Card,Kotak,otp_failure,2,2,3,4.1,0.0,False
txn_004738,2026-07-21 17:16:20,1878.35,UPI,HDFC,invalid_cvv,21,1,127,1.8,1.42,False
txn_004739,2025-04-20 07:30:20,2964.55,Debit Card,SBI,insufficient_funds,20,1,97,1.4,4.17,True
txn_004740,2026-03-15 12:31:12,8676.89,Credit Card,SBI,expired_card,15,1,802,0.1,,False
txn_004741,2026-02-07 19:48:54,482.56,Debit Card,SBI,otp_failure,7,0,788,0.1,0.0,False
txn_004742,2026-06-24 21:02:52,1530.91,Netbanking,HDFC,insufficient_funds,24,1,516,0.1,4.57,False
txn_004743,2025-02-17 12:30:18,3421.66,Wallet,Axis,insufficient_funds,17,2,778,1.0,4.76,False
txn_004744,2026-07-29 15:47:20,68.28,UPI,Yes Bank,insufficient_funds,29,0,45,0.6,3.43,True
txn_004745,2026-04-25 16:03:36,4573.41,Netbanking,SBI,bank_timeout,25,0,124,4.2,0.72,True
txn_004746,2025-11-22 15:11:03,283.0,Debit Card,SBI,insufficient_funds,22,1,241,4.3,4.03,False
txn_004747,2026-02-07 19:23:55,1189.15,Debit Card,SBI,bank_timeout,7,0,374,1.4,0.36,True
txn_004748,2025-10-11 13:21:39,269.15,Credit Card,SBI,bank_timeout,11,4,525,0.3,0.54,True
txn_004749,2025-01-24 06:52:12,394.59,Netbanking,Axis,insufficient_funds,24,2,311,3.1,4.55,False
txn_004750,2025-08-26 17:27:42,2888.12,Netbanking,Yes Bank,insufficient_funds,26,1,322,2.0,4.01,False
txn_004751,2025-07-25 23:20:18,166.27,Wallet,Yes Bank,bank_timeout,25,2,210,2.1,0.11,True
txn_004752,2025-01-23 02:52:18,2418.01,Credit Card,Yes Bank,bank_timeout,23,1,876,1.0,0.0,True
txn_004753,2025-01-23 03:13:13,1412.21,Netbanking,HDFC,invalid_cvv,23,0,11,0.1,0.26,False
txn_004754,2026-07-25 20:28:35,352.66,Debit Card,IDFC,fraud_block,25,2,156,3.7,,False
txn_004755,2025-02-06 02:48:45,212.56,Wallet,IDFC,insufficient_funds,6,1,427,0.5,4.4,True
txn_004756,2026-04-10 20:59:16,1644.05,Wallet,SBI,network_error,10,1,582,1.2,0.3,True
txn_004757,2025-05-03 20:33:02,124.45,Credit Card,HDFC,otp_failure,3,1,460,3.2,0.45,False
txn_004758,2025-09-28 19:36:46,2075.78,Debit Card,ICICI,insufficient_funds,28,3,8,2.8,4.09,True
txn_004759,2025-11-23 03:11:02,668.36,Credit Card,ICICI,otp_failure,23,0,452,1.7,0.0,False
txn_004760,2026-01-05 11:29:33,348.51,Netbanking,IDFC,insufficient_funds,5,1,523,7.3,3.97,True
txn_004761,2026-02-21 21:19:12,655.08,Netbanking,SBI,bank_timeout,21,0,171,3.4,0.0,True
txn_004762,2026-04-14 13:47:17,528.52,Credit Card,Kotak,insufficient_funds,14,2,125,0.8,4.38,False
txn_004763,2026-01-05 21:49:18,588.33,Netbanking,Kotak,bank_timeout,5,0,194,3.6,0.48,True
txn_004764,2025-04-10 13:47:43,1984.46,UPI,Yes Bank,network_error,10,1,509,5.4,0.0,True
txn_004765,2026-04-22 14:30:41,3014.07,Credit Card,PNB,insufficient_funds,22,0,813,2.2,3.34,True
txn_004766,2026-01-18 18:29:22,190.82,Wallet,Axis,invalid_cvv,18,2,510,0.5,1.09,False
txn_004767,2025-04-08 17:41:48,1028.96,Debit Card,SBI,insufficient_funds,8,0,400,1.5,3.18,False
txn_004768,2025-04-21 18:10:24,4644.35,Debit Card,ICICI,bank_timeout,21,1,475,8.5,0.05,True
txn_004769,2025-03-15 14:59:54,188.75,Netbanking,Kotak,expired_card,15,2,14,0.0,,False
txn_004770,2026-04-23 16:42:08,1423.88,Credit Card,Axis,bank_timeout,23,3,884,0.5,0.43,False
txn_004771,2025-06-25 17:06:35,2009.51,UPI,SBI,expired_card,25,1,234,3.2,,False
txn_004772,2026-07-22 00:45:02,1532.83,UPI,Yes Bank,bank_timeout,22,1,370,0.1,0.07,True
txn_004773,2026-07-06 19:56:34,1841.31,Netbanking,Kotak,otp_failure,6,0,48,1.2,0.68,True
txn_004774,2025-04-13 07:11:53,659.15,UPI,IDFC,bank_timeout,13,0,262,0.0,0.31,True
txn_004775,2025-10-19 02:13:55,1022.58,Debit Card,HDFC,insufficient_funds,19,1,500,1.7,4.62,False
txn_004776,2025-10-27 01:28:46,1440.22,Credit Card,Axis,network_error,27,2,618,0.5,0.0,True
txn_004777,2025-05-22 11:56:27,1741.25,Credit Card,SBI,invalid_cvv,22,3,651,3.5,1.76,False
txn_004778,2026-05-08 22:22:22,100.42,Credit Card,Axis,insufficient_funds,8,3,275,4.1,3.75,False
txn_004779,2025-05-06 17:45:32,985.97,Netbanking,Yes Bank,otp_failure,6,2,22,2.3,1.12,True
txn_004780,2025-01-10 02:20:13,111.89,Wallet,PNB,invalid_cvv,10,1,338,1.1,0.28,False
txn_004781,2026-01-11 19:31:18,589.21,UPI,Axis,insufficient_funds,11,2,456,1.2,3.47,False
txn_004782,2026-05-04 08:03:29,3750.94,Wallet,IDFC,otp_failure,4,1,24,1.0,0.63,False
txn_004783,2025-12-18 03:49:53,599.45,Debit Card,PNB,insufficient_funds,18,0,400,2.6,3.46,True
txn_004784,2026-04-28 14:06:20,3896.52,UPI,PNB,insufficient_funds,28,2,161,1.2,4.03,True
txn_004785,2025-04-02 12:18:27,2736.76,UPI,Yes Bank,insufficient_funds,2,1,568,1.2,4.69,True
txn_004786,2025-09-19 22:52:52,244.58,Debit Card,Kotak,invalid_cvv,19,0,850,2.1,0.4,True
txn_004787,2025-09-22 20:23:01,785.43,Netbanking,PNB,bank_timeout,22,2,841,1.4,0.0,True
txn_004788,2026-05-31 03:50:24,217.33,Credit Card,Yes Bank,invalid_cvv,31,1,254,0.5,1.29,False
txn_004789,2026-02-08 04:13:14,67.86,UPI,ICICI,invalid_cvv,8,1,220,1.6,0.44,False
txn_004790,2025-10-11 19:57:51,2697.71,Netbanking,HDFC,insufficient_funds,11,2,146,2.7,3.82,False
txn_004791,2026-02-27 00:11:46,382.02,Debit Card,ICICI,insufficient_funds,27,2,68,4.9,4.01,False
txn_004792,2025-06-26 09:55:04,294.12,Netbanking,ICICI,otp_failure,26,0,882,1.5,0.0,True
txn_004793,2025-04-04 10:08:22,1816.49,Wallet,Kotak,insufficient_funds,4,0,664,0.9,3.79,True
txn_004794,2025-04-09 02:23:19,816.35,UPI,Kotak,bank_timeout,9,2,637,0.8,0.07,True
txn_004795,2025-12-18 12:25:11,6168.06,Netbanking,ICICI,fraud_block,18,1,792,0.8,,False
txn_004796,2026-01-28 00:43:55,258.55,Debit Card,IDFC,insufficient_funds,28,2,808,4.3,4.47,True
txn_004797,2026-02-01 19:57:08,617.68,Debit Card,SBI,bank_timeout,1,2,402,4.1,0.0,True
txn_004798,2026-06-13 14:49:32,1991.13,Debit Card,HDFC,insufficient_funds,13,0,609,3.3,5.07,True
txn_004799,2025-06-04 07:36:35,1319.92,UPI,SBI,otp_failure,4,0,719,2.3,1.2,False
txn_004800,2026-03-14 04:53:58,78.32,Wallet,HDFC,invalid_cvv,14,0,695,2.3,0.57,False
txn_004801,2026-02-19 02:45:10,245.09,UPI,Axis,bank_timeout,19,0,611,0.9,0.0,False
txn_004802,2026-06-23 19:24:26,602.65,Wallet,SBI,bank_timeout,23,1,177,1.6,0.0,True
txn_004803,2025-10-18 20:39:58,626.62,Debit Card,ICICI,insufficient_funds,18,0,785,1.1,4.01,True
txn_004804,2026-06-13 11:31:03,1384.44,Debit Card,Axis,expired_card,13,0,31,3.8,,True
txn_004805,2026-07-11 04:48:35,744.08,Debit Card,IDFC,network_error,11,3,539,0.2,0.1,True
txn_004806,2025-06-07 01:12:32,1151.26,UPI,HDFC,expired_card,7,3,566,4.2,,False
txn_004807,2025-11-08 08:48:41,263.23,UPI,IDFC,expired_card,8,1,817,6.1,,False
txn_004808,2026-02-10 06:05:53,141.32,Netbanking,PNB,otp_failure,10,2,17,1.4,0.5,False
txn_004809,2025-12-30 12:13:46,954.36,UPI,SBI,otp_failure,30,2,605,2.2,0.0,True
txn_004810,2026-07-15 10:37:22,1747.05,UPI,HDFC,insufficient_funds,15,0,270,2.5,3.33,False
txn_004811,2025-02-28 03:41:13,1871.71,UPI,Kotak,insufficient_funds,28,0,556,2.2,4.71,True
txn_004812,2025-06-12 03:28:17,533.06,Wallet,ICICI,otp_failure,12,0,569,2.8,0.0,True
txn_004813,2025-02-15 23:58:56,184.86,Netbanking,SBI,otp_failure,15,1,509,0.6,0.53,True
txn_004814,2025-04-22 16:28:08,270.0,Netbanking,SBI,fraud_block,22,1,895,5.4,,False
txn_004815,2025-07-08 07:50:20,154.14,Netbanking,SBI,network_error,8,1,14,0.2,0.97,True
txn_004816,2026-05-17 19:53:25,415.42,Netbanking,IDFC,invalid_cvv,17,1,527,0.7,0.57,False
txn_004817,2026-04-05 08:48:03,2197.55,Debit Card,Axis,invalid_cvv,5,1,158,1.5,0.01,True
txn_004818,2025-09-30 04:03:58,2380.86,Credit Card,Axis,insufficient_funds,30,1,69,2.8,4.16,True
txn_004819,2025-08-03 13:04:27,2496.03,Debit Card,IDFC,insufficient_funds,3,0,132,0.3,4.02,False
txn_004820,2025-04-06 21:40:26,1177.03,Wallet,SBI,bank_timeout,6,2,462,5.9,0.83,True
txn_004821,2025-06-09 20:58:10,336.29,Netbanking,SBI,network_error,9,0,389,1.8,0.86,True
txn_004822,2026-06-07 03:25:33,3233.8,UPI,Yes Bank,otp_failure,7,1,887,1.1,0.0,True
txn_004823,2025-01-09 08:44:57,144.95,Credit Card,Kotak,expired_card,9,0,389,3.4,,False
txn_004824,2026-02-12 04:33:35,826.53,Credit Card,PNB,insufficient_funds,12,3,805,0.1,4.82,False
txn_004825,2025-06-30 08:10:14,2207.2,Netbanking,Kotak,expired_card,30,1,137,0.5,,False
txn_004826,2025-04-07 23:38:34,962.93,Wallet,PNB,insufficient_funds,7,1,21,0.1,3.67,False
txn_004827,2025-04-30 08:44:22,109.42,Credit Card,Yes Bank,insufficient_funds,30,1,22,0.1,4.22,True
txn_004828,2025-07-31 08:21:48,82.93,Credit Card,IDFC,bank_timeout,31,1,693,0.5,0.0,True
txn_004829,2025-07-18 09:58:38,3511.2,Credit Card,PNB,bank_timeout,18,0,792,3.6,0.0,True
txn_004830,2025-11-27 19:32:54,291.57,Wallet,SBI,insufficient_funds,27,2,162,0.7,3.94,False
txn_004831,2026-07-06 06:53:52,1132.27,Netbanking,Kotak,bank_timeout,6,1,413,0.7,0.0,False
txn_004832,2025-06-24 11:28:13,388.86,Wallet,ICICI,otp_failure,24,2,366,2.3,0.88,False
txn_004833,2025-03-10 19:07:10,810.83,Wallet,Yes Bank,network_error,10,2,158,1.6,0.42,False
txn_004834,2025-07-07 10:01:11,674.62,Netbanking,IDFC,fraud_block,7,1,559,0.4,,False
txn_004835,2025-11-24 12:34:31,310.82,Credit Card,ICICI,insufficient_funds,24,1,151,0.9,3.84,False
txn_004836,2025-08-06 15:22:22,445.88,UPI,Kotak,fraud_block,6,0,615,0.5,,False
txn_004837,2026-05-13 07:24:45,103.24,Wallet,Yes Bank,expired_card,13,0,559,0.2,,False
txn_004838,2025-11-22 22:45:23,217.61,UPI,Yes Bank,bank_timeout,22,2,758,2.9,0.0,True
txn_004839,2025-03-06 12:58:21,605.57,Credit Card,ICICI,otp_failure,6,0,116,1.6,0.77,True
txn_004840,2026-07-08 21:03:56,133.03,Netbanking,Axis,expired_card,8,1,733,2.6,,False
txn_004841,2026-03-31 23:48:26,434.15,Netbanking,Axis,expired_card,31,0,735,1.1,,False
txn_004842,2026-04-05 02:36:45,200.96,Netbanking,Kotak,network_error,5,0,619,1.0,0.0,True
txn_004843,2025-03-22 18:03:23,540.33,Netbanking,IDFC,network_error,22,1,853,6.7,0.37,True
txn_004844,2026-04-17 04:21:44,2071.18,Wallet,IDFC,insufficient_funds,17,0,325,5.4,4.44,False
txn_004845,2025-02-02 16:49:25,403.33,Wallet,ICICI,bank_timeout,2,1,491,0.1,0.0,True
txn_004846,2026-04-04 12:47:30,318.27,Credit Card,ICICI,invalid_cvv,4,2,625,1.0,1.31,False
txn_004847,2025-04-02 05:51:43,3448.46,Debit Card,Yes Bank,otp_failure,2,0,499,0.9,0.0,False
txn_004848,2026-03-27 14:15:32,1311.75,Wallet,IDFC,insufficient_funds,27,1,570,2.5,4.57,False
txn_004849,2025-11-02 19:56:26,3993.68,Credit Card,Yes Bank,insufficient_funds,2,1,393,0.0,3.64,True
txn_004850,2026-05-18 14:36:12,935.71,Netbanking,PNB,insufficient_funds,18,1,539,0.5,4.12,False
txn_004851,2026-03-22 07:55:26,678.03,Wallet,HDFC,invalid_cvv,22,1,260,2.2,1.82,True
txn_004852,2025-11-06 16:10:16,617.33,Netbanking,HDFC,insufficient_funds,6,0,815,1.9,3.9,True
txn_004853,2025-06-17 19:16:07,110.07,Wallet,SBI,fraud_block,17,2,585,0.5,,True
txn_004854,2025-01-19 18:05:04,639.06,UPI,ICICI,expired_card,19,4,426,3.0,,False
txn_004855,2025-08-16 00:26:06,428.44,Netbanking,HDFC,bank_timeout,16,0,737,0.2,0.3,True
txn_004856,2026-07-21 06:36:51,820.72,Netbanking,Kotak,insufficient_funds,21,2,295,2.5,4.09,False
txn_004857,2025-10-06 12:34:55,456.9,UPI,Yes Bank,expired_card,6,1,221,3.2,,False
txn_004858,2025-07-13 04:07:27,177.77,UPI,PNB,otp_failure,13,0,827,0.4,0.51,True
txn_004859,2025-02-07 03:02:24,287.35,UPI,PNB,otp_failure,7,0,494,0.8,0.0,True
txn_004860,2026-06-28 00:15:03,775.13,UPI,SBI,network_error,28,1,590,3.0,1.04,True
txn_004861,2025-06-12 15:08:42,679.58,Wallet,Yes Bank,expired_card,12,0,382,0.1,,False
txn_004862,2026-07-30 07:44:15,467.87,Netbanking,Yes Bank,invalid_cvv,30,2,863,2.0,0.84,False
txn_004863,2025-05-14 15:23:37,797.09,Netbanking,ICICI,invalid_cvv,14,3,633,2.3,2.47,False
txn_004864,2025-09-17 05:47:53,153.17,UPI,Axis,invalid_cvv,17,1,187,2.9,0.71,False
txn_004865,2025-09-03 20:37:26,532.0,UPI,ICICI,network_error,3,0,558,0.2,0.52,False
txn_004866,2026-07-15 17:56:58,526.91,Credit Card,IDFC,bank_timeout,15,1,9,1.3,0.0,True
txn_004867,2025-09-01 01:19:57,194.68,Wallet,PNB,invalid_cvv,1,1,228,0.7,1.61,True
txn_004868,2026-05-12 16:40:41,159.16,Debit Card,IDFC,insufficient_funds,12,0,39,1.2,3.24,True
txn_004869,2025-06-07 00:19:57,153.11,UPI,PNB,otp_failure,7,1,882,3.2,0.29,False
txn_004870,2025-09-30 07:32:38,831.94,UPI,PNB,bank_timeout,30,3,772,1.2,0.26,False
txn_004871,2025-10-08 18:09:45,147.25,Debit Card,SBI,insufficient_funds,8,2,85,2.4,3.96,False
txn_004872,2025-09-08 16:40:42,1058.61,Credit Card,ICICI,network_error,8,1,837,0.0,0.0,True
txn_004873,2025-05-28 09:56:14,464.38,Wallet,Kotak,expired_card,28,1,599,0.6,,False
txn_004874,2026-01-29 02:44:49,475.83,Wallet,Kotak,otp_failure,29,2,463,0.0,0.0,True
txn_004875,2026-03-11 21:41:19,432.21,Wallet,SBI,bank_timeout,11,0,746,1.0,0.44,True
txn_004876,2025-11-06 02:43:17,490.27,Wallet,ICICI,bank_timeout,6,1,489,0.0,0.0,True
txn_004877,2025-06-04 06:32:16,678.42,Credit Card,ICICI,bank_timeout,4,3,226,3.3,0.37,False
txn_004878,2026-07-07 18:24:27,774.92,Wallet,IDFC,insufficient_funds,7,1,275,1.5,4.44,False
txn_004879,2025-07-24 13:34:24,227.05,Debit Card,Yes Bank,insufficient_funds,24,0,650,3.6,4.24,True
txn_004880,2026-02-18 20:37:45,132.42,UPI,IDFC,insufficient_funds,18,1,368,0.5,4.11,False
txn_004881,2025-04-14 07:54:05,93.1,Netbanking,ICICI,insufficient_funds,14,1,234,0.1,3.34,False
txn_004882,2026-07-26 21:17:52,744.04,UPI,ICICI,invalid_cvv,26,2,221,1.6,0.84,True
txn_004883,2025-09-09 12:44:45,956.02,Debit Card,PNB,bank_timeout,9,0,883,1.4,0.77,True
txn_004884,2025-02-01 16:03:39,923.18,Debit Card,SBI,network_error,1,1,486,2.0,0.0,True
txn_004885,2026-06-03 11:29:57,2664.34,UPI,HDFC,bank_timeout,3,3,63,2.1,1.03,False
txn_004886,2026-01-20 02:00:58,782.98,Debit Card,Axis,otp_failure,20,1,375,5.5,0.44,False
txn_004887,2025-07-10 13:41:16,1167.19,Debit Card,PNB,otp_failure,10,1,78,0.3,0.18,False
txn_004888,2026-05-19 05:38:20,316.08,Debit Card,SBI,invalid_cvv,19,3,792,2.0,0.38,False
txn_004889,2025-01-10 15:29:41,442.73,UPI,Axis,expired_card,10,2,101,1.7,,False
txn_004890,2025-01-17 03:15:16,1472.7,Wallet,PNB,bank_timeout,17,0,656,7.4,0.0,True
txn_004891,2025-12-07 22:37:08,1100.6,Netbanking,Axis,expired_card,7,3,658,0.0,,False
txn_004892,2025-11-17 06:16:06,587.02,Debit Card,IDFC,fraud_block,17,2,165,2.4,,False
txn_004893,2026-05-03 04:52:57,235.77,Wallet,IDFC,expired_card,3,2,142,0.3,,False
txn_004894,2025-07-23 02:34:09,406.92,UPI,Kotak,expired_card,23,0,145,4.8,,False
txn_004895,2025-12-02 00:17:19,955.73,UPI,Yes Bank,insufficient_funds,2,0,276,1.2,4.07,True
txn_004896,2025-07-02 07:14:00,693.34,UPI,Yes Bank,otp_failure,2,4,439,0.7,0.0,False
txn_004897,2025-03-01 20:08:16,1818.07,Debit Card,Yes Bank,insufficient_funds,1,2,774,0.4,4.43,True
txn_004898,2026-06-30 14:20:02,1611.7,Debit Card,SBI,insufficient_funds,30,2,413,3.9,2.55,True
txn_004899,2025-03-17 01:09:12,87.33,Wallet,PNB,otp_failure,17,3,694,1.0,0.03,True
txn_004900,2026-02-20 19:49:55,709.84,UPI,ICICI,expired_card,20,1,94,0.5,,False
txn_004901,2026-04-15 05:05:00,823.54,Debit Card,Yes Bank,fraud_block,15,0,56,2.3,,False
txn_004902,2026-07-12 08:22:20,574.98,Wallet,Axis,bank_timeout,12,2,428,1.3,0.0,True
txn_004903,2025-12-28 09:34:04,813.69,UPI,HDFC,network_error,28,0,742,2.4,0.48,True
txn_004904,2025-12-24 11:28:27,225.84,Wallet,PNB,network_error,24,0,252,1.6,0.0,True
txn_004905,2026-01-22 03:13:47,750.94,Wallet,IDFC,network_error,22,1,762,1.2,0.0,True
txn_004906,2025-02-20 05:18:28,1982.48,Debit Card,HDFC,invalid_cvv,20,0,539,1.0,0.35,False
txn_004907,2026-03-11 22:23:14,2388.24,Netbanking,HDFC,otp_failure,11,4,424,2.4,0.33,False
txn_004908,2025-09-27 23:47:29,139.9,Netbanking,SBI,insufficient_funds,27,0,270,3.1,3.87,False
txn_004909,2025-02-19 12:53:10,594.01,UPI,ICICI,insufficient_funds,19,0,866,1.1,3.41,False
txn_004910,2026-07-13 08:41:08,353.29,UPI,Kotak,network_error,13,2,105,0.9,0.92,True
txn_004911,2026-07-20 06:26:20,744.39,Credit Card,PNB,insufficient_funds,20,1,508,4.7,5.26,True
txn_004912,2025-12-01 15:15:13,609.81,Debit Card,IDFC,insufficient_funds,1,3,87,0.2,4.47,True
txn_004913,2025-06-17 03:41:45,6793.96,Netbanking,Kotak,network_error,17,1,297,3.8,0.02,True
txn_004914,2026-02-23 04:25:23,180.94,UPI,Yes Bank,insufficient_funds,23,1,670,1.5,4.44,False
txn_004915,2025-06-30 15:18:49,4290.72,Wallet,IDFC,insufficient_funds,30,0,718,5.0,3.73,True
txn_004916,2025-04-23 00:41:57,263.34,Wallet,Yes Bank,expired_card,23,4,625,0.3,,False
txn_004917,2025-01-06 06:18:05,249.39,Wallet,HDFC,otp_failure,6,0,466,0.1,0.25,True
txn_004918,2026-07-08 02:45:42,420.95,UPI,ICICI,bank_timeout,8,1,831,1.3,0.0,True
txn_004919,2025-02-25 03:47:08,376.8,Wallet,ICICI,fraud_block,25,2,660,0.8,,False
txn_004920,2026-02-16 11:39:55,1056.43,Netbanking,SBI,insufficient_funds,16,0,124,1.1,4.18,True
txn_004921,2026-07-23 23:50:23,492.28,Debit Card,Axis,insufficient_funds,23,0,285,8.5,3.56,False
txn_004922,2026-04-13 05:14:50,268.48,Debit Card,SBI,insufficient_funds,13,1,457,6.3,4.5,True
txn_004923,2025-01-23 21:41:16,491.88,Netbanking,ICICI,network_error,23,2,479,3.0,0.51,True
txn_004924,2025-09-15 17:00:57,43.34,Credit Card,ICICI,invalid_cvv,15,3,119,4.2,2.0,False
txn_004925,2025-11-10 10:48:56,376.03,Wallet,IDFC,insufficient_funds,10,1,752,0.6,3.98,True
txn_004926,2025-11-13 13:44:00,1766.88,Netbanking,PNB,otp_failure,13,1,697,0.4,0.11,True
txn_004927,2025-04-18 14:00:15,417.2,UPI,SBI,otp_failure,18,2,126,0.6,0.0,True
txn_004928,2025-03-16 11:01:17,2321.78,UPI,Yes Bank,expired_card,16,3,84,0.4,,False
txn_004929,2025-05-18 19:10:47,168.9,Netbanking,Kotak,insufficient_funds,18,0,556,7.2,3.76,True
txn_004930,2026-01-24 02:44:39,1032.87,Credit Card,SBI,insufficient_funds,24,1,594,0.2,3.6,True
txn_004931,2025-07-22 08:10:32,1890.51,Netbanking,Axis,bank_timeout,22,2,531,0.3,0.48,True
txn_004932,2025-06-26 00:52:46,217.69,UPI,ICICI,insufficient_funds,26,0,755,0.5,3.25,False
txn_004933,2025-09-21 20:50:34,301.18,Netbanking,ICICI,insufficient_funds,21,0,124,4.6,4.16,False
txn_004934,2026-02-11 21:35:37,1198.26,UPI,HDFC,bank_timeout,11,0,374,0.6,0.97,True
txn_004935,2026-04-16 19:37:50,909.67,Credit Card,HDFC,insufficient_funds,16,1,41,0.5,3.62,True
txn_004936,2026-06-15 06:38:18,665.35,UPI,ICICI,invalid_cvv,15,0,273,4.4,0.1,True
txn_004937,2025-05-11 21:18:43,613.4,Credit Card,HDFC,network_error,11,1,195,1.0,0.67,True
txn_004938,2025-01-04 14:53:16,1362.58,UPI,IDFC,expired_card,4,0,541,1.8,,False
txn_004939,2025-08-26 21:10:21,6214.67,Credit Card,Yes Bank,network_error,26,0,789,0.2,0.34,False
txn_004940,2025-02-23 21:30:32,355.76,Debit Card,Axis,fraud_block,23,2,191,0.4,,False
txn_004941,2026-05-10 08:52:47,1910.14,Wallet,PNB,insufficient_funds,10,1,894,2.2,3.95,False
txn_004942,2025-05-22 04:44:59,1305.05,Wallet,Axis,network_error,22,1,426,0.0,0.0,True
txn_004943,2025-09-26 03:53:18,537.02,Credit Card,SBI,invalid_cvv,26,1,161,0.9,0.77,False
txn_004944,2026-04-11 19:33:34,89.2,UPI,SBI,insufficient_funds,11,1,421,0.7,3.85,True
txn_004945,2025-12-09 07:11:54,401.43,Debit Card,SBI,insufficient_funds,9,0,889,1.6,3.73,False
txn_004946,2025-12-12 17:23:08,311.14,Credit Card,HDFC,network_error,12,0,168,0.2,0.14,False
txn_004947,2026-02-22 13:24:03,212.21,Credit Card,Kotak,bank_timeout,22,0,371,0.4,0.23,False
txn_004948,2025-08-15 08:39:59,1219.85,Credit Card,Yes Bank,network_error,15,1,881,3.5,0.43,True
txn_004949,2026-06-15 12:38:25,630.39,Debit Card,SBI,bank_timeout,15,2,521,1.5,0.44,True
txn_004950,2025-03-19 10:56:41,699.06,Netbanking,Axis,insufficient_funds,19,0,539,0.1,3.46,False
txn_004951,2026-04-14 18:07:05,2765.04,Debit Card,Yes Bank,fraud_block,14,0,655,5.0,,False
txn_004952,2025-12-20 03:36:31,60.8,Wallet,IDFC,expired_card,20,2,1,2.0,,False
txn_004953,2025-12-14 22:07:27,297.22,Credit Card,ICICI,invalid_cvv,14,4,151,0.3,0.08,False
txn_004954,2025-09-20 19:11:17,1431.02,Debit Card,Yes Bank,otp_failure,20,0,97,1.3,0.0,True
txn_004955,2025-04-20 19:32:23,3289.02,Debit Card,PNB,insufficient_funds,20,1,308,1.2,3.7,True
txn_004956,2025-05-27 06:54:55,1326.2,Netbanking,HDFC,insufficient_funds,27,1,548,5.1,3.65,False
txn_004957,2025-10-06 07:35:42,287.47,Credit Card,PNB,insufficient_funds,6,0,478,1.8,2.94,False
txn_004958,2026-05-28 08:57:14,179.74,Wallet,ICICI,network_error,28,2,203,1.1,0.0,True
txn_004959,2026-02-08 18:35:27,1057.4,Credit Card,Yes Bank,insufficient_funds,8,0,429,1.1,4.09,True
txn_004960,2026-02-14 14:16:59,733.46,Wallet,IDFC,insufficient_funds,14,0,149,11.5,4.02,True
txn_004961,2026-03-01 09:16:56,1916.95,Debit Card,Kotak,otp_failure,1,0,16,4.5,0.0,False
txn_004962,2025-09-06 19:07:51,1322.2,Debit Card,PNB,insufficient_funds,6,4,374,4.2,3.62,False
txn_004963,2025-06-03 19:45:41,162.37,UPI,IDFC,insufficient_funds,3,0,66,0.7,4.34,True
txn_004964,2025-11-10 23:32:38,896.66,Netbanking,IDFC,otp_failure,10,1,453,1.8,0.0,True
txn_004965,2025-03-05 23:50:24,764.94,Netbanking,HDFC,expired_card,5,0,146,0.1,,False
txn_004966,2026-01-17 13:21:58,11274.09,Credit Card,Yes Bank,insufficient_funds,17,1,325,0.3,3.58,False
txn_004967,2026-03-12 22:30:50,3710.75,Netbanking,IDFC,network_error,12,1,46,0.4,0.24,True
txn_004968,2025-08-26 14:20:39,1044.81,Netbanking,Kotak,network_error,26,0,83,1.7,0.44,False
txn_004969,2026-06-16 07:39:39,49.03,Credit Card,HDFC,insufficient_funds,16,0,417,0.8,3.47,True
txn_004970,2025-05-27 02:02:41,580.2,Credit Card,Kotak,fraud_block,27,2,711,2.8,,False
txn_004971,2026-04-02 07:13:54,538.3,Wallet,SBI,otp_failure,2,3,335,0.6,0.32,False
txn_004972,2026-05-13 19:50:47,7013.76,UPI,HDFC,insufficient_funds,13,3,79,0.7,3.98,False
txn_004973,2026-02-19 23:55:38,113.15,Credit Card,HDFC,insufficient_funds,19,2,549,0.5,3.65,False
txn_004974,2025-08-24 07:19:16,768.16,Netbanking,Axis,insufficient_funds,24,0,61,3.6,4.58,False
txn_004975,2025-10-01 05:23:10,246.8,Wallet,HDFC,invalid_cvv,1,2,207,3.2,0.95,False
txn_004976,2026-06-16 09:46:00,586.86,Netbanking,SBI,otp_failure,16,1,858,3.7,0.0,True
txn_004977,2026-01-31 03:42:18,5204.63,UPI,HDFC,insufficient_funds,31,2,581,0.1,4.23,True
txn_004978,2025-06-16 14:26:32,285.15,Credit Card,PNB,otp_failure,16,3,634,0.2,0.13,True
txn_004979,2025-05-25 05:47:57,3652.2,Debit Card,Yes Bank,insufficient_funds,25,1,403,0.6,3.2,False
txn_004980,2025-02-26 16:08:16,537.63,Debit Card,PNB,insufficient_funds,26,0,360,0.4,4.04,False
txn_004981,2025-06-10 13:51:21,511.18,Wallet,HDFC,fraud_block,10,0,862,1.6,,False
txn_004982,2025-02-05 03:13:14,374.76,Netbanking,Axis,otp_failure,5,0,305,4.6,0.46,True
txn_004983,2026-06-20 11:09:07,35.97,Credit Card,Kotak,invalid_cvv,20,4,246,0.1,0.02,False
txn_004984,2025-01-04 16:20:14,496.17,Debit Card,Yes Bank,bank_timeout,4,2,73,1.9,0.31,False
txn_004985,2025-05-18 12:35:44,1049.73,Netbanking,Axis,invalid_cvv,18,1,531,8.4,0.89,False
txn_004986,2025-10-16 18:33:06,2822.57,Netbanking,HDFC,bank_timeout,16,1,633,3.2,0.27,True
txn_004987,2025-05-02 02:43:37,1294.11,Debit Card,Axis,invalid_cvv,2,3,876,0.1,0.46,True
txn_004988,2026-04-28 22:30:58,1961.69,UPI,IDFC,insufficient_funds,28,2,554,0.9,4.13,True
txn_004989,2026-06-13 11:29:43,692.2,Wallet,Kotak,insufficient_funds,13,1,294,2.9,4.76,False
txn_004990,2025-06-09 03:10:14,744.93,UPI,IDFC,bank_timeout,9,0,755,0.6,0.0,True
txn_004991,2026-06-21 03:46:31,281.29,Credit Card,IDFC,otp_failure,21,0,544,0.9,0.06,True
txn_004992,2025-11-18 06:48:20,2684.28,Netbanking,Kotak,expired_card,18,2,631,0.1,,False
txn_004993,2025-05-28 04:28:15,571.78,Netbanking,Kotak,bank_timeout,28,1,741,4.0,0.59,False
txn_004994,2026-04-12 03:13:37,1590.75,Credit Card,IDFC,insufficient_funds,12,2,443,2.9,3.38,False
txn_004995,2025-02-02 11:11:46,1896.41,Netbanking,SBI,invalid_cvv,2,1,219,7.0,1.37,True
txn_004996,2026-05-30 22:31:35,774.53,Debit Card,ICICI,fraud_block,30,1,74,4.8,,False
txn_004997,2026-05-11 05:40:14,1637.51,Credit Card,ICICI,bank_timeout,11,2,232,0.3,0.12,True
txn_004998,2025-05-04 10:33:17,400.32,Netbanking,ICICI,otp_failure,4,0,475,0.5,0.0,True
txn_004999,2025-05-23 10:03:04,61.19,Wallet,Yes Bank,expired_card,23,1,894,1.2,,False
txn_005000,2025-05-10 23:56:31,1860.78,UPI,IDFC,network_error,10,1,35,3.1,0.39,True
txn_005001,2025-08-10 05:10:59,1627.93,Wallet,Kotak,invalid_cvv,10,1,349,1.0,1.65,False
txn_005002,2025-08-10 03:16:57,171.49,Wallet,Kotak,otp_failure,10,0,197,4.9,0.0,False
txn_005003,2025-03-26 06:26:18,392.04,Credit Card,IDFC,bank_timeout,26,5,496,2.0,0.93,True
txn_005004,2025-06-06 23:54:13,47.82,Credit Card,PNB,expired_card,6,0,437,1.8,,True
txn_005005,2025-06-05 22:57:46,642.56,Debit Card,HDFC,invalid_cvv,5,1,873,2.4,1.05,False
txn_005006,2025-12-31 05:59:30,365.47,Netbanking,ICICI,invalid_cvv,31,3,113,0.8,0.69,False
txn_005007,2025-03-28 12:46:12,1461.51,Debit Card,HDFC,insufficient_funds,28,1,8,1.2,3.55,False
txn_005008,2025-10-29 10:02:04,80.96,Debit Card,ICICI,bank_timeout,29,3,590,1.8,0.0,True
txn_005009,2026-06-23 17:57:14,2145.59,Credit Card,Axis,insufficient_funds,23,0,190,4.5,4.16,True
txn_005010,2025-12-05 14:40:17,521.59,Wallet,Yes Bank,otp_failure,5,1,841,0.1,0.0,False
txn_005011,2025-12-07 06:56:07,483.51,Debit Card,PNB,insufficient_funds,7,1,763,7.2,3.99,True
txn_005012,2026-04-09 16:54:50,185.68,Credit Card,Axis,bank_timeout,9,1,30,0.2,0.0,True
txn_005013,2025-06-13 10:43:29,1237.89,UPI,HDFC,invalid_cvv,13,3,387,1.2,1.09,False
txn_005014,2026-03-18 19:13:32,310.7,Credit Card,SBI,bank_timeout,18,0,573,0.1,0.48,True
txn_005015,2025-09-23 03:10:42,2294.36,UPI,SBI,fraud_block,23,3,789,1.9,,False
txn_005016,2025-09-29 22:39:28,224.64,Netbanking,Axis,insufficient_funds,29,1,240,1.4,3.85,True
txn_005017,2026-05-16 07:32:59,601.5,Credit Card,IDFC,bank_timeout,16,1,792,0.8,0.0,True
txn_005018,2025-10-23 04:21:13,73.03,Debit Card,Kotak,expired_card,23,0,51,0.0,,False
txn_005019,2026-01-28 16:57:59,861.55,Credit Card,Axis,insufficient_funds,28,0,736,0.7,3.77,False
txn_005020,2025-05-23 21:19:18,30.23,Debit Card,Yes Bank,bank_timeout,23,0,96,0.0,0.0,True
txn_005021,2026-05-27 02:14:12,164.18,Netbanking,HDFC,insufficient_funds,27,1,141,4.9,4.2,False
txn_005022,2025-12-09 04:05:01,581.25,Credit Card,Axis,insufficient_funds,9,1,551,3.5,3.58,True
txn_005023,2026-04-13 07:45:22,295.75,Wallet,Kotak,otp_failure,13,0,855,2.4,0.09,True
txn_005024,2026-03-09 12:29:41,1550.69,Debit Card,SBI,invalid_cvv,9,2,88,1.4,0.48,False
txn_005025,2026-03-01 23:07:06,678.81,UPI,HDFC,expired_card,1,1,252,1.3,,False
txn_005026,2025-03-28 12:00:32,325.4,Credit Card,IDFC,fraud_block,28,1,387,0.9,,False
txn_005027,2026-02-07 09:06:06,850.42,Wallet,HDFC,bank_timeout,7,0,348,1.9,0.0,False
txn_005028,2026-04-26 11:16:58,1686.56,Debit Card,Yes Bank,otp_failure,26,2,386,0.7,0.02,False
txn_005029,2025-10-15 16:14:14,888.78,Credit Card,SBI,insufficient_funds,15,1,354,11.3,4.45,False
txn_005030,2025-03-22 14:50:03,927.11,Debit Card,HDFC,insufficient_funds,22,1,341,7.9,3.86,True
txn_005031,2025-10-24 02:19:57,1022.76,Credit Card,HDFC,bank_timeout,24,2,82,0.2,0.0,True
txn_005032,2025-10-29 00:01:54,1364.15,Wallet,ICICI,insufficient_funds,29,0,793,0.6,3.79,True
txn_005033,2025-06-24 09:19:12,388.7,Credit Card,ICICI,insufficient_funds,24,1,219,1.6,4.25,True
txn_005034,2025-01-16 08:58:29,209.88,Netbanking,IDFC,bank_timeout,16,2,173,0.8,0.65,True
txn_005035,2025-08-08 09:35:36,155.89,Wallet,IDFC,insufficient_funds,8,2,73,1.9,3.49,False
txn_005036,2025-12-16 06:28:43,389.71,Debit Card,PNB,invalid_cvv,16,2,687,0.4,0.98,False
txn_005037,2026-04-21 19:51:00,150.03,UPI,Yes Bank,insufficient_funds,21,1,77,0.1,4.33,False
txn_005038,2026-05-10 12:54:10,333.18,Netbanking,PNB,network_error,10,2,758,2.6,0.13,False
txn_005039,2025-04-29 22:41:51,75.62,Netbanking,Yes Bank,otp_failure,29,2,655,3.0,0.54,False
txn_005040,2025-06-23 20:40:37,303.12,Debit Card,Kotak,insufficient_funds,23,0,130,3.3,3.94,False
txn_005041,2026-05-10 20:16:41,349.18,Debit Card,IDFC,otp_failure,10,1,174,0.9,0.38,True
txn_005042,2025-07-19 18:45:34,634.0,Debit Card,Yes Bank,invalid_cvv,19,1,575,0.9,0.9,False
txn_005043,2026-07-29 18:42:13,1364.78,Credit Card,IDFC,insufficient_funds,29,2,546,0.2,4.24,True
txn_005044,2025-08-21 21:45:07,545.84,Debit Card,HDFC,bank_timeout,21,0,389,4.3,0.0,True
txn_005045,2025-12-24 05:45:18,539.79,Netbanking,Axis,fraud_block,24,1,452,2.7,,True
txn_005046,2025-11-09 10:07:42,126.88,Debit Card,Yes Bank,expired_card,9,0,419,1.4,,False
txn_005047,2025-06-11 15:16:56,390.98,Netbanking,IDFC,bank_timeout,11,1,306,2.5,0.13,True
txn_005048,2025-11-21 10:58:12,718.57,Netbanking,PNB,expired_card,21,0,313,5.8,,False
txn_005049,2025-12-11 18:45:47,488.22,Netbanking,PNB,otp_failure,11,3,763,2.9,0.09,True
txn_005050,2025-10-10 09:15:16,2974.8,UPI,Yes Bank,otp_failure,10,0,708,0.5,0.3,False
txn_005051,2026-06-01 19:27:34,554.38,Netbanking,SBI,insufficient_funds,1,1,320,0.0,3.96,True
txn_005052,2026-07-16 19:25:58,151.1,Wallet,Axis,insufficient_funds,16,0,649,6.1,3.58,False
txn_005053,2025-07-11 01:54:18,574.0,Debit Card,Axis,otp_failure,11,0,400,0.1,0.0,False
txn_005054,2026-03-18 11:29:38,566.51,Debit Card,Yes Bank,insufficient_funds,18,2,12,0.4,4.4,False
txn_005055,2025-12-26 21:57:12,693.88,Wallet,IDFC,otp_failure,26,5,178,1.4,0.0,False
txn_005056,2025-10-19 03:05:18,1548.88,UPI,Axis,insufficient_funds,19,0,458,0.4,4.15,True
txn_005057,2025-11-02 02:52:25,503.25,Debit Card,PNB,insufficient_funds,2,0,530,1.2,4.02,True
txn_005058,2025-03-26 09:23:10,1544.16,Wallet,PNB,bank_timeout,26,1,57,0.3,0.0,True
txn_005059,2025-08-22 06:22:32,1676.0,Wallet,IDFC,insufficient_funds,22,2,210,1.1,4.23,False
txn_005060,2025-02-09 12:34:42,1508.17,Debit Card,Axis,expired_card,9,0,890,0.6,,False
txn_005061,2025-09-20 06:52:12,1020.94,Wallet,SBI,otp_failure,20,1,539,7.5,0.0,False
txn_005062,2026-05-28 08:47:40,1092.88,Netbanking,IDFC,fraud_block,28,1,116,5.7,,False
txn_005063,2025-05-21 01:19:10,6121.69,Netbanking,HDFC,insufficient_funds,21,1,333,2.3,3.16,False
txn_005064,2026-06-24 00:31:52,90.43,Debit Card,IDFC,insufficient_funds,24,1,887,6.1,4.43,False
txn_005065,2026-03-17 16:58:13,530.4,Debit Card,Kotak,bank_timeout,17,0,126,1.3,0.0,True
txn_005066,2026-06-13 15:51:57,784.22,Wallet,SBI,network_error,13,2,137,1.7,0.0,True
txn_005067,2026-05-14 01:32:43,918.58,Netbanking,Axis,invalid_cvv,14,1,612,1.0,0.87,False
txn_005068,2025-04-28 00:56:22,117.52,Netbanking,Yes Bank,bank_timeout,28,3,434,2.9,0.06,True
txn_005069,2025-12-30 22:57:35,815.82,Debit Card,SBI,network_error,30,3,45,4.8,0.05,True
txn_005070,2026-01-14 00:27:56,379.54,UPI,HDFC,insufficient_funds,14,4,627,0.7,4.41,False
txn_005071,2026-06-10 05:05:03,610.73,Credit Card,ICICI,invalid_cvv,10,0,262,3.5,0.0,False
txn_005072,2025-03-08 14:29:49,2907.87,Credit Card,HDFC,bank_timeout,8,1,37,1.1,0.0,False
txn_005073,2025-02-10 23:22:54,1018.33,UPI,ICICI,network_error,10,1,237,0.0,0.23,True
txn_005074,2025-09-01 08:13:16,752.3,UPI,Axis,network_error,1,1,345,3.1,0.4,True
txn_005075,2025-04-27 23:26:31,360.55,Debit Card,Kotak,network_error,27,2,330,0.1,1.5,False
txn_005076,2025-02-21 06:45:34,271.9,UPI,Yes Bank,expired_card,21,1,340,1.6,,False
txn_005077,2026-03-30 04:16:07,155.85,Netbanking,PNB,insufficient_funds,30,0,618,12.5,4.13,True
txn_005078,2025-09-21 00:20:55,743.59,Debit Card,Kotak,insufficient_funds,21,0,568,2.0,4.66,True
txn_005079,2025-08-24 12:48:44,3804.64,Credit Card,SBI,insufficient_funds,24,1,388,2.1,3.84,False
txn_005080,2025-04-29 01:48:01,1809.53,Debit Card,IDFC,invalid_cvv,29,1,757,1.5,0.56,False
txn_005081,2025-04-02 23:53:25,405.13,Wallet,IDFC,expired_card,2,0,392,0.8,,False
txn_005082,2025-05-03 22:33:39,660.04,Wallet,PNB,fraud_block,3,0,204,0.4,,False
txn_005083,2026-06-28 14:23:04,668.94,UPI,Axis,bank_timeout,28,2,803,2.1,0.0,True
txn_005084,2025-03-30 01:11:30,288.59,Debit Card,PNB,insufficient_funds,30,1,551,8.9,4.05,False
txn_005085,2025-03-17 09:29:45,63.89,Credit Card,SBI,bank_timeout,17,1,52,1.0,0.18,True
txn_005086,2025-10-23 21:24:24,947.4,Netbanking,IDFC,bank_timeout,23,3,437,2.6,0.21,True
txn_005087,2026-01-06 09:41:18,475.29,Debit Card,HDFC,insufficient_funds,6,0,687,1.5,3.46,False
txn_005088,2026-04-01 07:06:03,317.53,UPI,PNB,insufficient_funds,1,1,608,5.2,3.61,True
txn_005089,2026-03-31 07:09:44,382.1,Wallet,SBI,insufficient_funds,31,0,502,0.5,3.88,True
txn_005090,2025-12-14 10:53:57,484.04,Credit Card,PNB,insufficient_funds,14,0,92,4.0,4.99,True
txn_005091,2026-06-06 18:32:46,1190.67,Wallet,Yes Bank,insufficient_funds,6,0,708,0.1,3.67,False
txn_005092,2025-09-21 21:53:44,671.9,Credit Card,Yes Bank,bank_timeout,21,2,404,3.2,0.0,True
txn_005093,2025-02-23 12:12:09,1696.7,Debit Card,SBI,invalid_cvv,23,1,123,2.4,2.18,True
txn_005094,2026-04-30 16:46:58,392.24,UPI,IDFC,insufficient_funds,30,1,786,0.3,4.19,True
txn_005095,2025-04-27 02:37:15,324.87,Credit Card,Axis,bank_timeout,27,0,87,0.0,0.0,True
txn_005096,2026-05-08 14:46:09,535.81,UPI,Kotak,invalid_cvv,8,1,788,0.3,0.67,False
txn_005097,2026-07-07 13:36:34,5910.54,Credit Card,Yes Bank,insufficient_funds,7,2,288,1.2,3.63,False
txn_005098,2026-04-14 05:14:25,1277.67,Netbanking,HDFC,bank_timeout,14,0,542,0.7,0.57,True
txn_005099,2026-04-29 00:21:05,2250.48,Wallet,IDFC,otp_failure,29,1,134,10.2,0.0,True
txn_005100,2025-05-12 07:30:35,454.39,UPI,Kotak,invalid_cvv,12,1,208,1.5,1.16,True
txn_005101,2025-05-30 03:34:15,241.02,Wallet,Kotak,bank_timeout,30,0,649,3.0,0.25,True
txn_005102,2026-02-09 05:32:53,1112.58,Credit Card,PNB,bank_timeout,9,1,59,1.8,0.21,True
txn_005103,2025-09-05 10:31:46,713.66,Debit Card,HDFC,fraud_block,5,0,136,3.0,,False
txn_005104,2026-05-20 09:47:19,786.79,Debit Card,Kotak,bank_timeout,20,3,804,0.4,0.44,False
txn_005105,2025-07-24 08:47:20,47.78,Netbanking,IDFC,invalid_cvv,24,2,343,1.2,0.86,False
txn_005106,2025-09-20 03:47:18,1508.63,Credit Card,Kotak,insufficient_funds,20,0,897,1.4,4.96,False
txn_005107,2026-05-26 01:39:07,783.21,Netbanking,ICICI,invalid_cvv,26,1,586,0.2,1.57,False
txn_005108,2025-09-16 14:03:26,270.59,Wallet,HDFC,bank_timeout,16,2,434,1.6,0.19,True
txn_005109,2025-04-12 11:29:23,481.93,Wallet,HDFC,network_error,12,0,136,6.4,0.0,True
txn_005110,2026-07-25 14:42:20,289.73,Wallet,HDFC,expired_card,25,0,121,2.8,,False
txn_005111,2025-08-24 02:55:55,3328.87,Netbanking,Axis,network_error,24,3,634,4.4,0.04,True
txn_005112,2026-01-01 03:41:24,388.36,Netbanking,IDFC,otp_failure,1,0,821,6.1,0.0,True
txn_005113,2025-01-28 22:46:28,233.66,UPI,IDFC,insufficient_funds,28,0,807,6.0,3.0,True
txn_005114,2025-09-18 16:41:17,1328.98,UPI,IDFC,insufficient_funds,18,0,214,2.8,3.82,False
txn_005115,2025-11-13 06:39:56,2080.96,UPI,SBI,insufficient_funds,13,4,680,1.4,4.4,True
txn_005116,2025-09-26 22:21:52,3030.27,UPI,Axis,expired_card,26,1,761,3.2,,True
txn_005117,2026-01-15 16:27:34,693.88,UPI,Kotak,otp_failure,15,0,227,3.9,0.0,True
txn_005118,2025-03-06 16:56:19,263.58,Netbanking,ICICI,otp_failure,6,2,487,10.1,0.37,True
txn_005119,2026-06-02 11:17:21,1966.33,UPI,ICICI,network_error,2,1,848,1.0,0.2,True
txn_005120,2025-01-18 20:53:24,754.46,Debit Card,ICICI,insufficient_funds,18,0,257,2.2,3.7,True
txn_005121,2025-07-08 17:07:18,957.48,Credit Card,SBI,bank_timeout,8,1,620,2.2,0.0,True
txn_005122,2025-10-18 00:27:44,1793.78,Credit Card,SBI,network_error,18,2,639,0.9,0.6,True
txn_005123,2026-03-21 05:09:10,853.77,Debit Card,ICICI,fraud_block,21,2,777,3.8,,False
txn_005124,2025-02-28 13:46:23,456.23,Credit Card,HDFC,invalid_cvv,28,1,570,0.9,1.23,True
txn_005125,2026-07-27 01:25:14,1336.15,UPI,ICICI,otp_failure,27,0,428,2.9,0.0,True
txn_005126,2025-05-02 08:35:43,436.5,Wallet,PNB,network_error,2,3,153,1.4,0.0,True
txn_005127,2026-05-06 02:44:48,1557.92,UPI,ICICI,network_error,6,1,509,0.9,0.0,True
txn_005128,2026-04-21 19:02:33,1032.49,Credit Card,HDFC,otp_failure,21,1,79,0.2,0.0,True
txn_005129,2026-07-01 22:15:47,445.01,Debit Card,Axis,bank_timeout,1,3,329,1.5,0.18,False
txn_005130,2025-03-05 00:51:00,262.94,Debit Card,ICICI,otp_failure,5,1,810,1.4,0.0,True
txn_005131,2026-07-12 21:13:56,1360.03,Credit Card,HDFC,expired_card,12,2,570,3.9,,False
txn_005132,2025-12-03 07:08:02,149.62,Debit Card,Axis,network_error,3,1,781,0.3,0.54,True
txn_005133,2025-02-08 20:02:31,770.93,Credit Card,IDFC,insufficient_funds,8,0,758,2.0,4.08,False
txn_005134,2025-09-06 20:46:52,937.57,Wallet,Axis,expired_card,6,1,172,1.4,,False
txn_005135,2026-01-05 18:06:19,229.72,Debit Card,PNB,expired_card,5,1,881,0.6,,False
txn_005136,2026-04-16 06:33:06,903.3,Debit Card,PNB,bank_timeout,16,0,410,0.7,0.0,True
txn_005137,2025-08-12 17:53:33,305.16,Wallet,HDFC,insufficient_funds,12,0,530,2.0,3.29,False
txn_005138,2025-12-10 17:06:08,633.11,Debit Card,HDFC,otp_failure,10,0,820,2.0,0.62,True
txn_005139,2025-03-03 19:04:27,2686.59,Debit Card,Axis,invalid_cvv,3,3,166,1.0,1.47,False
txn_005140,2025-07-24 11:33:06,961.02,Debit Card,Axis,network_error,24,1,182,5.4,0.0,True
txn_005141,2026-06-28 16:19:51,243.15,Credit Card,ICICI,insufficient_funds,28,2,354,0.5,4.6,False
txn_005142,2025-05-27 04:16:28,1439.45,Debit Card,Yes Bank,otp_failure,27,0,567,10.0,0.0,False
txn_005143,2025-06-26 20:55:31,1784.81,Debit Card,IDFC,network_error,26,1,727,0.1,0.67,False
txn_005144,2026-05-09 10:47:34,20963.85,Wallet,Kotak,insufficient_funds,9,1,5,1.6,3.1,True
txn_005145,2026-04-13 05:46:43,475.86,Netbanking,Kotak,insufficient_funds,13,3,215,5.8,3.59,False
txn_005146,2025-06-19 12:37:41,500.53,Netbanking,Kotak,otp_failure,19,1,766,1.0,0.58,True
txn_005147,2025-09-25 18:46:27,838.88,Debit Card,HDFC,insufficient_funds,25,2,828,0.8,5.12,True
txn_005148,2026-05-24 15:08:33,595.11,UPI,Kotak,insufficient_funds,24,1,730,0.4,4.66,True
txn_005149,2025-05-06 06:10:55,245.22,Credit Card,HDFC,bank_timeout,6,1,528,5.0,0.32,True
txn_005150,2025-02-18 18:21:34,2175.44,Netbanking,Yes Bank,network_error,18,1,234,3.1,0.92,True
txn_005151,2026-07-24 06:30:38,503.95,Credit Card,IDFC,bank_timeout,24,1,785,3.1,0.0,True
txn_005152,2025-03-04 02:24:21,466.89,Netbanking,HDFC,network_error,4,3,899,0.0,0.4,False
txn_005153,2026-06-08 21:36:44,1548.94,Credit Card,Yes Bank,insufficient_funds,8,2,713,4.1,4.05,False
txn_005154,2026-04-02 19:41:54,649.45,UPI,ICICI,expired_card,2,1,497,6.1,,False
txn_005155,2026-03-19 02:40:41,1029.7,UPI,Yes Bank,otp_failure,19,0,850,3.0,0.23,False
txn_005156,2025-12-17 03:16:40,1106.06,UPI,PNB,insufficient_funds,17,1,676,0.9,3.64,True
txn_005157,2025-10-15 17:33:55,733.24,Netbanking,Kotak,bank_timeout,15,0,378,1.0,0.29,True
txn_005158,2026-01-15 21:15:03,1144.17,UPI,Axis,insufficient_funds,15,0,831,0.2,3.99,False
txn_005159,2025-06-27 04:18:32,1245.08,Wallet,SBI,bank_timeout,27,2,636,0.5,0.0,True
txn_005160,2025-02-03 03:58:33,2491.91,UPI,IDFC,insufficient_funds,3,4,877,6.5,3.88,True
txn_005161,2025-12-28 03:11:58,669.14,Netbanking,Yes Bank,expired_card,28,0,608,5.4,,False
txn_005162,2025-11-10 04:58:11,907.41,Netbanking,PNB,expired_card,10,2,346,0.3,,False
txn_005163,2025-12-18 05:10:45,225.89,Debit Card,SBI,network_error,18,1,307,0.2,0.31,True
txn_005164,2026-07-28 02:41:32,359.95,Netbanking,IDFC,network_error,28,0,860,3.0,0.01,True
txn_005165,2025-01-20 00:20:12,1164.89,Debit Card,Yes Bank,otp_failure,20,1,319,6.2,0.0,True
txn_005166,2025-10-24 06:52:49,640.89,Debit Card,IDFC,bank_timeout,24,0,186,1.2,0.0,True
txn_005167,2025-10-12 01:19:46,453.94,Credit Card,IDFC,invalid_cvv,12,2,862,2.1,0.82,False
txn_005168,2026-05-30 00:19:31,316.9,Debit Card,SBI,network_error,30,1,125,4.4,0.74,True
txn_005169,2026-04-06 13:08:59,143.3,Debit Card,Axis,expired_card,6,2,589,2.1,,False
txn_005170,2025-03-15 16:03:41,1948.41,Credit Card,IDFC,bank_timeout,15,0,360,0.6,0.1,True
txn_005171,2026-01-02 20:05:26,1114.82,Debit Card,Kotak,bank_timeout,2,2,531,5.1,0.33,True
txn_005172,2025-09-20 00:00:41,227.88,Debit Card,HDFC,insufficient_funds,20,4,774,5.7,4.65,True
txn_005173,2026-01-22 06:45:43,1317.54,Netbanking,SBI,fraud_block,22,3,880,0.6,,False
txn_005174,2025-08-24 18:03:45,4064.91,Wallet,Kotak,bank_timeout,24,1,387,2.9,0.0,True
txn_005175,2025-06-26 21:22:05,2404.36,Debit Card,PNB,otp_failure,26,0,139,1.2,0.14,True
txn_005176,2026-04-17 08:02:16,492.21,Netbanking,IDFC,insufficient_funds,17,1,862,1.3,4.05,True
txn_005177,2025-12-04 22:59:34,312.33,Debit Card,PNB,bank_timeout,4,1,378,2.4,0.16,True
txn_005178,2026-06-02 03:12:37,559.76,Credit Card,Yes Bank,fraud_block,2,5,488,0.2,,False
txn_005179,2025-03-24 08:11:51,2129.78,Credit Card,Yes Bank,expired_card,24,1,269,2.1,,False
txn_005180,2026-07-03 09:14:35,494.91,Netbanking,Kotak,invalid_cvv,3,2,819,0.3,0.54,True
txn_005181,2025-04-20 21:20:14,1632.43,Debit Card,PNB,otp_failure,20,1,734,3.2,0.3,True
txn_005182,2025-06-18 02:03:36,923.51,Netbanking,PNB,bank_timeout,18,1,419,2.1,0.0,True
txn_005183,2025-01-11 01:44:00,3281.1,UPI,SBI,bank_timeout,11,1,422,2.1,0.21,False
txn_005184,2025-09-20 23:35:53,176.12,UPI,IDFC,expired_card,20,0,737,6.8,,False
txn_005185,2026-04-21 01:32:57,1974.31,Credit Card,SBI,otp_failure,21,1,264,1.7,0.0,True
txn_005186,2026-02-16 09:08:38,1312.89,UPI,Yes Bank,expired_card,16,2,521,1.2,,False
txn_005187,2026-07-17 22:26:42,973.5,UPI,SBI,insufficient_funds,17,1,566,0.2,2.99,False
txn_005188,2025-10-15 01:14:17,121.97,Wallet,PNB,expired_card,15,0,696,0.3,,False
txn_005189,2025-02-19 00:44:06,1112.45,Credit Card,PNB,insufficient_funds,19,2,564,2.3,3.61,True
txn_005190,2025-10-15 09:27:31,3421.15,Netbanking,Axis,insufficient_funds,15,0,565,0.1,4.6,False
txn_005191,2025-06-12 16:32:33,160.39,UPI,Axis,fraud_block,12,1,627,1.8,,False
txn_005192,2025-08-31 18:06:45,691.3,Netbanking,Kotak,bank_timeout,31,2,406,0.5,0.17,True
txn_005193,2026-03-08 01:52:14,1093.13,UPI,Yes Bank,insufficient_funds,8,0,861,3.6,3.39,True
txn_005194,2026-06-27 09:48:22,221.48,Debit Card,SBI,invalid_cvv,27,0,648,0.4,0.62,True
txn_005195,2025-09-07 23:23:50,366.06,Wallet,Axis,insufficient_funds,7,0,409,2.4,2.91,False
txn_005196,2026-07-05 00:01:54,1538.53,Wallet,Axis,insufficient_funds,5,0,4,0.9,4.26,True
txn_005197,2025-07-13 11:32:35,4029.41,Netbanking,PNB,insufficient_funds,13,1,811,0.8,4.08,True
txn_005198,2025-01-16 01:35:30,207.29,UPI,ICICI,network_error,16,1,875,0.3,0.13,True
txn_005199,2025-10-26 08:57:03,1260.8,Debit Card,Yes Bank,insufficient_funds,26,1,814,1.3,3.62,False
txn_005200,2025-03-05 03:41:05,304.63,Wallet,PNB,expired_card,5,0,854,0.3,,False
txn_005201,2025-12-26 09:09:10,127.38,Wallet,Kotak,bank_timeout,26,1,736,1.0,0.56,False
txn_005202,2025-02-21 23:34:50,4004.54,Netbanking,IDFC,insufficient_funds,21,1,342,0.9,4.22,True
txn_005203,2025-05-31 01:10:05,54.76,UPI,SBI,bank_timeout,31,1,64,5.2,0.98,True
txn_005204,2025-10-10 13:23:47,875.64,Credit Card,PNB,bank_timeout,10,2,312,3.2,0.21,False
txn_005205,2025-07-11 12:41:20,587.09,Debit Card,HDFC,insufficient_funds,11,2,59,3.8,3.87,False
txn_005206,2025-09-12 03:43:05,2150.47,UPI,PNB,insufficient_funds,12,0,179,6.1,2.86,True
txn_005207,2026-03-13 10:09:47,955.02,Debit Card,Kotak,expired_card,13,0,62,13.3,,True
txn_005208,2025-09-06 13:53:50,6603.47,Netbanking,Yes Bank,fraud_block,6,2,852,1.6,,False
txn_005209,2026-04-15 17:44:56,2133.04,Wallet,Axis,insufficient_funds,15,2,144,5.4,3.74,False
txn_005210,2026-05-17 15:21:34,451.01,Debit Card,ICICI,network_error,17,0,163,1.7,0.0,True
txn_005211,2025-08-18 14:44:53,2612.53,Credit Card,Axis,otp_failure,18,2,61,6.2,0.5,True
txn_005212,2026-02-11 14:47:17,737.03,Wallet,Kotak,bank_timeout,11,0,369,3.1,0.02,False
txn_005213,2025-07-12 19:16:36,443.73,Netbanking,IDFC,insufficient_funds,12,1,277,1.3,3.59,False
txn_005214,2026-06-29 04:59:23,590.01,Credit Card,Kotak,invalid_cvv,29,2,827,0.5,0.92,True
txn_005215,2025-07-22 17:10:00,349.69,Debit Card,SBI,network_error,22,1,186,1.0,0.18,False
txn_005216,2025-08-18 23:46:01,344.67,Credit Card,HDFC,insufficient_funds,18,1,110,0.3,4.21,False
txn_005217,2026-05-22 03:21:22,2061.73,Netbanking,ICICI,bank_timeout,22,2,80,3.0,0.28,True
txn_005218,2025-10-14 07:47:31,301.3,Netbanking,SBI,network_error,14,1,184,0.8,1.0,True
txn_005219,2025-12-13 22:48:49,89.37,Netbanking,SBI,otp_failure,13,2,493,5.7,0.36,False
txn_005220,2026-04-07 06:04:27,417.73,Netbanking,Yes Bank,expired_card,7,3,813,1.5,,False
txn_005221,2025-03-25 16:30:35,613.1,UPI,PNB,invalid_cvv,25,1,102,3.3,0.93,False
txn_005222,2025-08-03 08:04:14,148.42,Debit Card,PNB,fraud_block,3,2,385,0.2,,False
txn_005223,2025-08-10 04:21:46,1160.11,Debit Card,SBI,insufficient_funds,10,1,673,0.7,4.45,False
txn_005224,2025-09-08 17:29:50,480.87,Credit Card,ICICI,bank_timeout,8,0,246,3.3,0.0,True
txn_005225,2025-02-10 17:14:40,173.01,UPI,PNB,expired_card,10,3,253,0.3,,False
txn_005226,2025-10-14 11:20:25,1908.81,Debit Card,Yes Bank,network_error,14,2,605,0.6,0.0,True
txn_005227,2026-07-14 15:07:00,520.24,Netbanking,HDFC,invalid_cvv,14,1,1,3.2,1.69,False
txn_005228,2026-05-04 11:21:56,978.57,Netbanking,Yes Bank,bank_timeout,4,3,801,0.0,0.0,True
txn_005229,2025-11-04 05:21:25,204.91,Debit Card,Yes Bank,bank_timeout,4,0,745,0.4,0.25,True
txn_005230,2026-04-22 04:40:40,2468.75,Credit Card,Kotak,invalid_cvv,22,1,443,8.2,0.5,True
txn_005231,2025-09-09 16:03:42,654.05,Wallet,HDFC,otp_failure,9,2,891,2.0,0.0,False
txn_005232,2026-02-02 10:56:07,489.2,Credit Card,SBI,bank_timeout,2,1,302,0.3,0.0,True
txn_005233,2026-01-21 18:43:23,350.46,Credit Card,ICICI,otp_failure,21,3,594,0.6,0.0,True
txn_005234,2025-04-19 16:08:17,226.19,Debit Card,ICICI,network_error,19,2,427,2.3,0.19,True
txn_005235,2026-02-11 01:20:11,275.48,Debit Card,Axis,network_error,11,1,426,0.5,0.0,True
txn_005236,2025-03-13 08:23:00,234.86,UPI,Yes Bank,expired_card,13,0,792,1.4,,False
txn_005237,2025-09-20 15:43:22,348.45,Credit Card,IDFC,otp_failure,20,0,415,0.2,0.0,True
txn_005238,2025-09-24 20:40:00,215.6,Credit Card,PNB,network_error,24,1,647,0.4,0.57,True
txn_005239,2025-11-08 02:58:38,187.61,Wallet,HDFC,bank_timeout,8,2,776,2.0,1.23,True
txn_005240,2026-02-12 12:43:54,602.55,Netbanking,IDFC,expired_card,12,1,69,0.5,,True
txn_005241,2026-06-24 12:01:58,314.48,Debit Card,ICICI,network_error,24,0,612,1.6,0.27,False
txn_005242,2025-06-10 23:30:18,786.59,Netbanking,SBI,insufficient_funds,10,0,422,1.5,4.51,False
txn_005243,2025-03-31 12:23:59,806.11,UPI,Axis,otp_failure,31,2,757,4.2,0.24,False
txn_005244,2025-07-05 20:13:47,365.28,Credit Card,HDFC,network_error,5,1,670,1.0,0.0,True
txn_005245,2025-02-10 18:21:21,1738.47,Debit Card,PNB,invalid_cvv,10,2,736,2.9,1.16,False
txn_005246,2025-02-02 22:17:49,656.72,Credit Card,Axis,network_error,2,0,165,1.0,0.0,False
txn_005247,2025-06-30 17:12:07,311.31,Debit Card,SBI,bank_timeout,30,0,730,0.8,0.0,True
txn_005248,2026-01-24 19:33:35,1277.5,UPI,Yes Bank,network_error,24,0,795,0.1,0.12,True
txn_005249,2025-10-28 23:59:40,457.09,Netbanking,HDFC,fraud_block,28,0,131,2.6,,False
txn_005250,2026-02-01 07:41:32,3926.83,UPI,PNB,insufficient_funds,1,2,786,2.9,4.33,True
txn_005251,2025-01-19 06:18:59,2604.16,Netbanking,ICICI,insufficient_funds,19,2,419,0.1,3.81,True
txn_005252,2025-02-01 04:04:40,425.56,Debit Card,HDFC,expired_card,1,3,682,0.6,,False
txn_005253,2025-06-12 04:59:47,510.12,Debit Card,PNB,insufficient_funds,12,1,453,0.8,4.47,True
txn_005254,2025-01-06 13:19:47,3526.38,UPI,ICICI,insufficient_funds,6,2,709,9.5,3.73,False
txn_005255,2026-03-28 17:29:48,986.81,UPI,SBI,bank_timeout,28,1,67,1.6,0.0,True
txn_005256,2025-11-05 11:59:58,638.44,Debit Card,SBI,expired_card,5,0,854,2.6,,False
txn_005257,2026-02-21 12:03:05,680.9,Credit Card,Kotak,otp_failure,21,1,666,3.4,0.56,False
txn_005258,2025-07-26 08:00:49,272.46,Wallet,Yes Bank,insufficient_funds,26,0,814,0.6,2.73,False
txn_005259,2026-02-01 19:29:11,113.99,Netbanking,SBI,fraud_block,1,3,829,5.5,,False
txn_005260,2025-06-06 13:50:01,723.76,Wallet,Kotak,bank_timeout,6,0,164,3.5,0.32,True
txn_005261,2025-09-17 19:15:58,303.46,Debit Card,Yes Bank,expired_card,17,0,854,0.6,,False
txn_005262,2025-07-22 05:07:25,108.77,Netbanking,ICICI,invalid_cvv,22,1,302,1.7,0.8,True
txn_005263,2026-05-21 05:30:08,574.04,UPI,PNB,expired_card,21,0,604,0.3,,True
txn_005264,2025-01-23 09:11:48,655.83,Netbanking,IDFC,expired_card,23,0,463,4.7,,False
txn_005265,2025-06-08 21:50:06,59.76,Debit Card,ICICI,bank_timeout,8,2,238,2.8,0.09,True
txn_005266,2025-02-02 08:36:01,863.92,Netbanking,ICICI,otp_failure,2,4,727,2.4,0.34,True
txn_005267,2026-07-31 23:02:43,197.6,Debit Card,Axis,insufficient_funds,31,1,441,1.0,4.55,False
txn_005268,2026-03-19 21:25:42,3263.28,UPI,Axis,invalid_cvv,19,2,194,1.2,2.21,False
txn_005269,2026-04-06 19:08:01,460.56,UPI,Yes Bank,network_error,6,3,578,1.8,0.0,False
txn_005270,2025-12-27 05:28:53,1140.94,Credit Card,Axis,network_error,27,1,574,0.6,0.0,True
txn_005271,2026-03-17 06:47:10,169.53,UPI,Axis,bank_timeout,17,3,360,0.8,0.0,False
txn_005272,2026-02-01 23:34:59,548.62,Credit Card,Kotak,otp_failure,1,1,799,0.5,0.3,True
txn_005273,2025-01-10 14:24:48,244.36,Debit Card,SBI,expired_card,10,0,350,1.8,,False
txn_005274,2025-09-17 08:56:38,486.93,Debit Card,PNB,otp_failure,17,0,800,0.1,0.0,True
txn_005275,2026-07-14 04:41:36,1266.25,Netbanking,Yes Bank,network_error,14,1,379,3.9,0.12,False
txn_005276,2025-12-22 15:34:57,482.63,Netbanking,SBI,network_error,22,0,275,1.5,0.17,True
txn_005277,2026-01-17 21:37:17,140.12,Netbanking,Kotak,insufficient_funds,17,1,559,1.4,3.35,True
txn_005278,2026-06-03 02:14:03,455.85,Debit Card,ICICI,bank_timeout,3,3,457,0.3,0.0,False
txn_005279,2026-04-24 17:58:31,417.6,Credit Card,HDFC,fraud_block,24,0,18,0.4,,False
txn_005280,2025-01-25 05:36:32,665.11,Wallet,HDFC,network_error,25,0,239,1.9,0.0,True
txn_005281,2025-01-09 17:00:18,43.27,UPI,HDFC,expired_card,9,3,662,0.7,,False
txn_005282,2025-08-24 16:39:13,664.49,Netbanking,IDFC,fraud_block,24,1,510,3.6,,False
txn_005283,2026-07-21 00:51:05,177.49,Wallet,SBI,expired_card,21,0,606,0.2,,False
txn_005284,2025-03-17 12:32:54,113.26,Credit Card,Yes Bank,insufficient_funds,17,2,707,4.5,3.34,False
txn_005285,2025-06-17 05:38:38,176.56,Debit Card,IDFC,expired_card,17,2,209,0.7,,False
txn_005286,2026-07-31 05:01:14,82.88,UPI,ICICI,expired_card,31,0,312,1.5,,False
txn_005287,2025-08-06 11:10:51,211.48,Netbanking,HDFC,expired_card,6,3,843,5.1,,False
txn_005288,2025-08-20 01:14:28,158.26,Credit Card,ICICI,insufficient_funds,20,4,704,2.4,4.76,False
txn_005289,2025-08-23 14:37:20,522.6,Debit Card,Kotak,network_error,23,2,41,2.3,0.0,False
txn_005290,2025-12-21 21:44:55,878.06,Debit Card,ICICI,insufficient_funds,21,0,335,0.1,3.62,False
txn_005291,2026-05-10 13:07:50,400.62,Credit Card,PNB,expired_card,10,3,89,1.8,,False
txn_005292,2025-05-16 14:25:52,7506.36,Credit Card,ICICI,insufficient_funds,16,3,159,1.3,3.15,False
txn_005293,2025-03-08 20:55:55,693.96,Debit Card,PNB,bank_timeout,8,1,297,1.1,0.0,True
txn_005294,2026-03-27 07:49:36,590.63,Wallet,Kotak,insufficient_funds,27,1,309,4.7,3.47,True
txn_005295,2025-07-29 18:24:38,948.24,Credit Card,PNB,bank_timeout,29,4,286,0.3,0.0,True
txn_005296,2025-02-19 03:41:46,700.54,Debit Card,Axis,expired_card,19,4,599,0.7,,False
txn_005297,2025-02-20 14:37:43,699.96,Netbanking,IDFC,insufficient_funds,20,3,151,2.0,4.72,False
txn_005298,2025-01-24 05:20:28,198.48,Credit Card,PNB,insufficient_funds,24,2,609,0.3,4.37,True
txn_005299,2025-12-02 22:09:06,2471.98,Netbanking,IDFC,insufficient_funds,2,0,825,3.4,4.48,True
txn_005300,2025-05-16 22:39:47,4036.84,Credit Card,HDFC,otp_failure,16,2,95,1.2,0.0,True
txn_005301,2026-05-26 00:05:53,754.84,Credit Card,Kotak,expired_card,26,0,848,6.6,,False
txn_005302,2026-07-06 09:31:39,816.37,UPI,PNB,network_error,6,1,340,0.8,0.47,True
txn_005303,2025-06-07 10:34:34,367.6,UPI,HDFC,otp_failure,7,2,83,2.2,0.65,True
txn_005304,2026-06-06 08:52:05,182.76,UPI,Axis,invalid_cvv,6,1,228,0.2,1.04,False
txn_005305,2025-07-02 09:20:02,213.68,Netbanking,HDFC,insufficient_funds,2,2,842,0.4,4.4,True
txn_005306,2026-05-21 00:16:30,162.26,Credit Card,IDFC,insufficient_funds,21,0,22,0.8,4.58,True
txn_005307,2026-03-11 03:28:43,154.25,Netbanking,Axis,insufficient_funds,11,0,188,2.4,4.72,False
txn_005308,2026-07-10 19:10:44,1769.34,Credit Card,Kotak,network_error,10,2,701,2.6,0.46,True
txn_005309,2025-10-10 18:06:01,1098.36,Credit Card,Yes Bank,bank_timeout,10,4,631,0.5,0.0,False
txn_005310,2025-12-21 09:15:21,2070.03,Netbanking,SBI,otp_failure,21,1,98,0.3,0.37,True
txn_005311,2025-10-17 22:12:35,477.85,UPI,SBI,bank_timeout,17,1,137,2.6,0.0,False
txn_005312,2025-09-07 02:29:26,228.69,UPI,IDFC,bank_timeout,7,0,526,2.1,0.0,False
txn_005313,2025-05-16 02:54:01,257.46,Wallet,IDFC,network_error,16,2,605,1.1,0.44,True
txn_005314,2025-10-17 00:37:53,3191.13,Netbanking,Yes Bank,bank_timeout,17,0,887,2.7,0.7,True
txn_005315,2025-08-16 03:39:16,793.31,Debit Card,PNB,bank_timeout,16,0,192,2.1,1.2,False
txn_005316,2026-06-09 20:09:37,183.27,Wallet,IDFC,expired_card,9,1,679,0.2,,False
txn_005317,2025-10-07 21:00:59,1063.64,Netbanking,ICICI,otp_failure,7,2,844,4.0,0.0,False
txn_005318,2026-04-13 16:55:29,1031.62,UPI,SBI,network_error,13,1,613,0.0,0.18,True
txn_005319,2025-09-16 11:55:03,395.2,UPI,PNB,otp_failure,16,0,827,0.0,0.0,True
txn_005320,2025-12-17 02:56:18,1872.02,Wallet,SBI,otp_failure,17,0,657,1.6,0.22,False
txn_005321,2025-02-03 05:01:28,363.01,UPI,SBI,insufficient_funds,3,2,706,3.4,3.88,True
txn_005322,2026-04-11 02:18:07,323.95,UPI,SBI,network_error,11,1,153,0.6,0.35,True
txn_005323,2026-03-22 14:24:18,3882.72,Debit Card,Axis,insufficient_funds,22,3,247,0.6,4.98,False
txn_005324,2026-06-23 10:27:38,107.35,Netbanking,ICICI,network_error,23,2,74,2.8,0.36,True
txn_005325,2025-11-22 10:16:47,155.27,Credit Card,HDFC,fraud_block,22,2,413,0.3,,False
txn_005326,2026-02-08 13:27:55,676.72,Credit Card,HDFC,otp_failure,8,2,502,0.5,0.0,True
txn_005327,2025-07-17 20:16:19,254.83,Wallet,SBI,otp_failure,17,0,510,1.1,0.39,True
txn_005328,2026-07-29 13:13:02,591.86,Debit Card,Yes Bank,insufficient_funds,29,0,223,2.4,3.74,False
txn_005329,2026-01-15 22:58:33,338.71,Credit Card,Yes Bank,insufficient_funds,15,2,245,0.1,4.6,True
txn_005330,2026-07-23 10:45:37,878.8,UPI,IDFC,invalid_cvv,23,2,531,2.5,1.47,False
txn_005331,2026-02-11 07:40:57,211.16,Netbanking,Axis,insufficient_funds,11,1,758,1.5,3.78,True
txn_005332,2026-03-25 04:25:18,61.54,UPI,IDFC,bank_timeout,25,3,714,0.4,0.67,False
txn_005333,2026-06-19 05:32:19,2360.51,Credit Card,Axis,network_error,19,1,884,2.3,0.0,True
txn_005334,2026-05-13 11:12:50,1178.94,Netbanking,SBI,expired_card,13,1,720,1.0,,False
txn_005335,2026-06-24 00:01:55,809.25,Debit Card,HDFC,invalid_cvv,24,1,103,8.8,1.23,False
txn_005336,2026-01-27 20:46:05,116.59,Credit Card,PNB,insufficient_funds,27,2,630,0.4,4.65,False
txn_005337,2025-04-23 02:58:56,1879.48,Credit Card,Kotak,network_error,23,3,445,1.2,0.1,True
txn_005338,2025-07-07 20:06:01,2171.19,Netbanking,Kotak,otp_failure,7,2,161,1.9,0.0,True
txn_005339,2025-06-12 12:35:28,245.5,Wallet,ICICI,insufficient_funds,12,1,786,3.3,4.31,False
txn_005340,2025-05-29 08:37:14,404.29,Credit Card,HDFC,invalid_cvv,29,2,36,0.6,1.13,False
txn_005341,2025-01-25 03:41:54,95.98,UPI,ICICI,network_error,25,2,276,1.4,0.25,True
txn_005342,2025-06-10 20:23:20,894.6,Debit Card,ICICI,insufficient_funds,10,0,567,10.3,4.44,True
txn_005343,2025-02-22 01:22:40,879.31,UPI,PNB,invalid_cvv,22,0,351,2.8,1.32,False
txn_005344,2025-04-03 09:26:36,438.33,Netbanking,Yes Bank,network_error,3,2,741,5.0,0.3,False
txn_005345,2026-05-29 20:50:21,1933.02,Netbanking,HDFC,bank_timeout,29,2,871,1.7,0.35,True
txn_005346,2026-06-27 00:16:47,411.71,Wallet,Kotak,fraud_block,27,1,121,3.9,,False
txn_005347,2025-09-24 13:08:41,1271.82,Netbanking,Yes Bank,insufficient_funds,24,1,648,0.5,3.19,False
txn_005348,2025-06-11 21:45:35,3976.73,UPI,IDFC,insufficient_funds,11,1,322,1.0,4.76,True
txn_005349,2026-04-26 23:48:05,1689.26,Wallet,PNB,network_error,26,1,774,0.9,0.26,True
txn_005350,2026-05-09 09:21:05,747.12,Wallet,HDFC,otp_failure,9,1,363,2.5,0.46,False
txn_005351,2026-06-12 11:39:58,2702.05,Netbanking,HDFC,expired_card,12,0,894,3.1,,False
txn_005352,2026-01-24 08:34:46,2396.93,UPI,Yes Bank,insufficient_funds,24,0,610,1.5,4.12,True
txn_005353,2025-01-25 02:38:00,1030.67,UPI,PNB,invalid_cvv,25,0,792,0.3,1.36,False
txn_005354,2025-10-26 01:43:00,161.45,Wallet,ICICI,insufficient_funds,26,1,159,3.5,4.64,True
txn_005355,2025-11-25 07:43:48,871.28,Wallet,Yes Bank,bank_timeout,25,0,315,3.1,0.76,True
txn_005356,2026-06-16 22:29:42,2680.82,Netbanking,HDFC,otp_failure,16,3,628,1.6,0.0,True
txn_005357,2025-10-23 03:06:13,6612.79,Credit Card,PNB,bank_timeout,23,1,91,0.4,0.0,True
txn_005358,2025-03-09 10:36:10,79.27,Netbanking,Kotak,insufficient_funds,9,2,479,0.7,4.94,False
txn_005359,2026-02-27 07:57:15,1776.83,Credit Card,ICICI,network_error,27,1,816,0.2,0.17,True
txn_005360,2025-07-10 14:23:31,979.29,Credit Card,PNB,bank_timeout,10,4,319,2.1,0.0,True
txn_005361,2025-10-23 00:56:16,994.14,UPI,Axis,bank_timeout,23,0,225,2.7,0.85,True
txn_005362,2026-04-14 20:04:56,514.54,Netbanking,HDFC,insufficient_funds,14,0,611,0.8,3.85,False
txn_005363,2025-09-08 18:46:47,4926.93,UPI,PNB,expired_card,8,4,153,0.6,,False
txn_005364,2025-06-18 04:53:03,238.62,Wallet,IDFC,otp_failure,18,1,767,1.2,0.0,False
txn_005365,2025-03-15 18:03:59,630.87,Credit Card,SBI,invalid_cvv,15,2,120,1.6,1.32,True
txn_005366,2026-04-06 22:19:10,140.02,Credit Card,PNB,insufficient_funds,6,2,679,1.7,4.35,True
txn_005367,2025-02-23 16:06:36,150.05,Wallet,SBI,otp_failure,23,0,289,0.2,0.12,False
txn_005368,2025-12-26 18:18:02,6936.44,UPI,IDFC,expired_card,26,1,100,2.0,,False
txn_005369,2026-02-21 01:28:50,1433.47,Credit Card,Kotak,network_error,21,3,179,2.0,0.12,True
txn_005370,2026-03-31 21:30:48,114.04,Credit Card,PNB,invalid_cvv,31,0,328,0.0,0.88,True
txn_005371,2025-05-16 02:04:44,510.83,Netbanking,Kotak,insufficient_funds,16,0,156,3.1,4.25,False
txn_005372,2025-05-07 09:48:31,627.31,Credit Card,Kotak,invalid_cvv,7,0,243,1.7,0.51,False
txn_005373,2026-04-12 21:41:43,754.03,UPI,IDFC,expired_card,12,0,403,0.3,,True
txn_005374,2025-03-27 04:28:55,1059.32,Debit Card,ICICI,insufficient_funds,27,0,744,1.1,4.11,False
txn_005375,2025-06-04 15:55:23,244.85,Netbanking,PNB,bank_timeout,4,3,654,3.4,0.68,False
txn_005376,2025-07-13 10:29:30,699.49,Credit Card,IDFC,fraud_block,13,0,839,0.4,,False
txn_005377,2026-05-23 21:02:55,1993.69,Debit Card,IDFC,insufficient_funds,23,0,594,0.1,4.15,False
txn_005378,2025-02-04 01:52:59,641.14,UPI,SBI,otp_failure,4,0,248,0.4,0.0,True
txn_005379,2025-06-23 12:54:00,249.84,UPI,PNB,otp_failure,23,1,304,1.1,0.0,False
txn_005380,2025-06-27 15:52:59,186.24,Netbanking,ICICI,invalid_cvv,27,1,682,1.1,0.96,False
txn_005381,2025-03-20 20:48:01,86.01,Debit Card,SBI,bank_timeout,20,2,831,3.1,0.0,True
txn_005382,2025-04-13 12:38:23,858.08,Wallet,HDFC,network_error,13,0,358,1.3,0.91,True
txn_005383,2025-12-07 06:43:31,257.71,Netbanking,Yes Bank,insufficient_funds,7,2,713,0.7,3.9,False
txn_005384,2026-06-27 20:50:07,2329.87,Netbanking,HDFC,insufficient_funds,27,1,335,2.0,4.22,True
txn_005385,2026-07-05 05:41:50,3065.72,Wallet,Yes Bank,fraud_block,5,1,126,3.6,,False
txn_005386,2026-05-09 02:07:34,1038.74,Wallet,ICICI,otp_failure,9,2,802,0.8,0.27,True
txn_005387,2025-11-22 03:43:40,281.09,Netbanking,HDFC,network_error,22,0,682,0.5,0.98,True
txn_005388,2025-08-05 15:06:50,151.17,Netbanking,IDFC,expired_card,5,2,455,0.3,,False
txn_005389,2025-02-21 23:49:30,1790.27,Credit Card,ICICI,network_error,21,3,865,0.0,0.0,True
txn_005390,2025-07-24 02:29:30,854.82,UPI,PNB,insufficient_funds,24,1,561,1.5,4.53,True
txn_005391,2025-11-08 17:16:37,1016.26,Wallet,Axis,insufficient_funds,8,1,185,0.1,3.64,True
txn_005392,2025-04-17 19:41:39,161.56,Credit Card,HDFC,insufficient_funds,17,0,698,0.5,4.14,True
txn_005393,2025-05-06 19:48:42,806.48,Credit Card,SBI,invalid_cvv,6,3,817,0.9,0.54,False
txn_005394,2026-06-01 05:48:19,1081.73,Debit Card,PNB,network_error,1,1,548,0.5,0.97,True
txn_005395,2026-05-28 12:43:06,1030.25,Wallet,Yes Bank,expired_card,28,1,744,0.9,,False
txn_005396,2026-03-09 22:06:05,131.64,UPI,PNB,expired_card,9,1,856,0.1,,False
txn_005397,2025-02-21 21:35:39,1036.86,Debit Card,IDFC,expired_card,21,2,706,8.1,,True
txn_005398,2025-03-31 23:35:50,422.98,Wallet,HDFC,bank_timeout,31,0,603,0.0,0.69,True
txn_005399,2025-06-30 09:25:19,2430.4,Debit Card,SBI,insufficient_funds,30,2,214,0.3,3.79,True
txn_005400,2025-08-22 06:48:04,6492.96,Debit Card,IDFC,insufficient_funds,22,0,471,3.4,4.21,False
txn_005401,2025-01-09 16:39:51,1505.46,UPI,HDFC,expired_card,9,1,96,0.8,,False
txn_005402,2026-02-01 06:44:35,963.74,Credit Card,ICICI,insufficient_funds,1,0,126,1.1,4.61,False
txn_005403,2026-02-12 10:33:55,760.63,UPI,HDFC,invalid_cvv,12,0,741,6.1,0.99,False
txn_005404,2025-08-24 14:44:40,5023.02,Debit Card,Yes Bank,insufficient_funds,24,1,179,0.4,4.44,False
txn_005405,2025-07-09 06:27:09,163.47,Netbanking,Axis,insufficient_funds,9,1,503,0.2,4.47,False
txn_005406,2025-05-27 13:00:28,5753.87,Netbanking,PNB,fraud_block,27,2,272,2.0,,False
txn_005407,2026-01-07 20:15:18,3019.47,Debit Card,ICICI,insufficient_funds,7,2,434,1.0,4.4,True
txn_005408,2025-05-14 22:06:14,2808.79,Netbanking,ICICI,fraud_block,14,1,464,0.1,,True
txn_005409,2025-04-24 11:43:56,198.97,Debit Card,SBI,insufficient_funds,24,3,34,2.1,3.48,False
txn_005410,2025-02-22 19:30:01,402.26,Netbanking,ICICI,invalid_cvv,22,0,554,0.1,1.08,False
txn_005411,2026-03-16 17:56:20,254.25,Debit Card,Axis,insufficient_funds,16,3,598,0.3,3.89,False
txn_005412,2026-05-02 23:01:34,319.9,Netbanking,Yes Bank,bank_timeout,2,2,464,1.1,0.35,True
txn_005413,2025-06-25 00:40:48,1412.97,UPI,IDFC,expired_card,25,2,424,0.8,,False
txn_005414,2025-02-16 08:23:08,1215.81,Netbanking,HDFC,network_error,16,0,822,0.3,0.1,True
txn_005415,2025-09-06 22:19:17,409.91,Netbanking,HDFC,bank_timeout,6,1,194,4.8,0.0,False
txn_005416,2025-05-30 14:25:49,715.81,UPI,IDFC,bank_timeout,30,2,376,3.2,0.11,False
txn_005417,2025-12-16 09:24:28,832.8,Wallet,Axis,bank_timeout,16,2,828,2.8,0.04,False
txn_005418,2025-04-09 21:32:06,318.11,Netbanking,IDFC,invalid_cvv,9,1,403,2.4,0.98,True
txn_005419,2026-05-17 19:04:34,366.77,Debit Card,Axis,insufficient_funds,17,1,379,0.8,3.79,True
txn_005420,2026-04-11 05:46:30,323.98,Wallet,Kotak,otp_failure,11,3,505,0.5,0.0,False
txn_005421,2026-01-22 03:14:23,636.62,Credit Card,IDFC,bank_timeout,22,1,336,1.1,0.68,True
txn_005422,2026-04-11 21:29:18,290.58,Credit Card,IDFC,expired_card,11,0,730,1.9,,False
txn_005423,2025-02-21 12:33:17,630.28,Wallet,ICICI,bank_timeout,21,0,185,9.9,0.03,True
txn_005424,2026-07-02 04:21:14,176.84,Debit Card,HDFC,insufficient_funds,2,0,688,1.9,4.34,True
txn_005425,2025-10-15 00:22:23,988.35,UPI,IDFC,otp_failure,15,2,835,6.2,0.86,False
txn_005426,2025-08-07 03:06:55,1248.09,Netbanking,Yes Bank,otp_failure,7,1,242,9.9,0.0,True
txn_005427,2025-08-24 17:35:31,499.29,Wallet,Yes Bank,fraud_block,24,1,792,0.7,,True
txn_005428,2025-08-28 08:10:50,117.71,Netbanking,PNB,insufficient_funds,28,0,325,0.0,3.81,True
txn_005429,2025-10-27 21:18:39,611.17,Wallet,SBI,expired_card,27,3,413,0.2,,False
txn_005430,2025-12-31 12:54:35,121.67,UPI,ICICI,invalid_cvv,31,2,84,1.5,0.9,False
txn_005431,2026-06-22 01:04:44,747.17,Netbanking,Yes Bank,insufficient_funds,22,1,503,0.5,4.81,True
txn_005432,2026-02-18 18:58:36,1295.7,Wallet,ICICI,insufficient_funds,18,1,783,2.3,3.34,True
txn_005433,2025-07-15 10:01:56,136.14,UPI,Kotak,otp_failure,15,3,110,1.5,0.0,False
txn_005434,2025-08-13 10:21:42,1967.69,Wallet,Axis,invalid_cvv,13,1,39,2.3,1.77,False
txn_005435,2025-09-01 03:42:19,268.28,UPI,Axis,bank_timeout,1,2,617,1.2,0.0,True
txn_005436,2026-03-16 15:16:58,666.59,Debit Card,Yes Bank,otp_failure,16,0,185,0.4,0.0,False
txn_005437,2025-08-26 22:44:01,3203.53,Debit Card,Yes Bank,bank_timeout,26,3,365,0.7,0.85,True
txn_005438,2026-02-07 02:06:03,154.64,Netbanking,Kotak,bank_timeout,7,2,657,0.6,0.0,True
txn_005439,2025-07-24 23:38:30,1576.07,Wallet,IDFC,network_error,24,1,276,6.2,0.04,True
txn_005440,2026-06-05 03:49:34,109.62,Debit Card,SBI,insufficient_funds,5,1,545,0.5,4.69,True
txn_005441,2026-06-19 15:26:30,488.84,UPI,Axis,expired_card,19,3,707,0.8,,False
txn_005442,2026-06-18 16:32:07,623.42,UPI,Yes Bank,network_error,18,2,822,0.9,0.07,True
txn_005443,2025-06-08 19:29:39,379.41,Netbanking,SBI,insufficient_funds,8,2,245,0.6,3.97,False
txn_005444,2025-04-02 00:58:01,368.0,UPI,Axis,invalid_cvv,2,2,883,0.5,0.67,True
txn_005445,2025-06-09 19:09:23,455.44,Wallet,Yes Bank,otp_failure,9,2,570,1.8,0.32,True
txn_005446,2025-05-23 04:49:05,1362.88,Netbanking,Yes Bank,otp_failure,23,2,574,0.2,0.08,True
txn_005447,2025-07-10 18:56:46,2344.8,Netbanking,PNB,bank_timeout,10,0,508,0.5,0.0,False
txn_005448,2026-07-11 22:37:17,316.2,UPI,PNB,insufficient_funds,11,3,186,1.6,3.63,False
txn_005449,2026-02-22 10:01:21,11627.63,UPI,SBI,invalid_cvv,22,0,440,1.7,0.0,True
txn_005450,2025-07-17 20:25:53,2086.14,Wallet,ICICI,expired_card,17,1,710,0.2,,False
txn_005451,2025-07-16 03:36:23,4602.26,Credit Card,IDFC,network_error,16,0,855,3.6,0.0,True
txn_005452,2026-03-04 17:28:58,1355.04,Netbanking,HDFC,network_error,4,3,558,0.9,1.17,False
txn_005453,2025-02-21 16:30:53,1528.52,Debit Card,Kotak,fraud_block,21,0,128,0.9,,False
txn_005454,2026-01-20 12:30:19,549.29,Netbanking,Kotak,insufficient_funds,20,2,301,2.2,4.05,True
txn_005455,2026-02-01 23:56:15,298.37,Wallet,IDFC,bank_timeout,1,1,879,6.8,0.0,True
txn_005456,2025-06-04 17:10:15,624.56,UPI,HDFC,insufficient_funds,4,1,162,0.0,4.02,False
txn_005457,2025-11-29 05:02:30,707.86,Netbanking,ICICI,bank_timeout,29,3,289,3.6,0.0,False
txn_005458,2026-01-06 00:08:45,1800.4,Netbanking,IDFC,otp_failure,6,0,42,1.0,0.0,True
txn_005459,2025-09-01 05:23:22,806.47,Credit Card,SBI,invalid_cvv,1,1,128,1.4,0.39,True
txn_005460,2025-05-21 16:02:12,10483.26,Credit Card,Yes Bank,network_error,21,1,582,0.1,0.56,True
txn_005461,2025-02-12 07:59:37,2018.86,Credit Card,ICICI,fraud_block,12,0,626,3.9,,False
txn_005462,2025-08-04 10:17:27,359.15,Credit Card,Kotak,insufficient_funds,4,3,886,2.0,3.47,True
txn_005463,2025-04-09 23:19:13,798.08,Credit Card,IDFC,invalid_cvv,9,0,337,0.5,0.61,True
txn_005464,2025-06-09 03:28:39,907.02,Credit Card,HDFC,invalid_cvv,9,0,339,0.3,1.03,False
txn_005465,2025-01-08 15:43:51,325.69,Credit Card,Yes Bank,insufficient_funds,8,0,604,2.3,3.96,True
txn_005466,2026-04-30 22:54:51,2523.97,UPI,Kotak,insufficient_funds,30,0,188,0.6,3.98,True
txn_005467,2025-11-30 20:06:07,434.22,Debit Card,Axis,network_error,30,1,572,0.3,0.0,True
txn_005468,2025-06-21 05:15:17,2387.19,Wallet,Kotak,otp_failure,21,1,157,1.9,0.0,True
txn_005469,2026-03-06 05:30:18,117.53,UPI,Axis,bank_timeout,6,0,121,5.1,0.39,True
txn_005470,2025-04-28 19:56:49,1291.33,Credit Card,Yes Bank,network_error,28,1,500,3.9,0.44,True
txn_005471,2025-06-20 18:43:00,472.48,Debit Card,IDFC,otp_failure,20,2,681,0.7,0.04,True
txn_005472,2025-06-07 18:49:35,1751.07,Wallet,HDFC,invalid_cvv,7,0,216,1.4,0.78,False
txn_005473,2025-05-05 13:59:38,721.02,Credit Card,Kotak,expired_card,5,1,315,2.0,,False
txn_005474,2026-01-13 16:29:20,442.55,Credit Card,ICICI,bank_timeout,13,2,596,1.6,0.18,True
txn_005475,2025-07-11 05:22:09,1000.73,Netbanking,Axis,bank_timeout,11,0,158,0.7,0.0,True
txn_005476,2025-07-07 23:39:49,3254.09,Netbanking,SBI,insufficient_funds,7,1,693,1.6,4.57,True
txn_005477,2025-05-15 19:04:40,657.29,Debit Card,Kotak,bank_timeout,15,1,140,0.3,0.35,True
txn_005478,2025-03-25 09:50:13,381.87,Credit Card,Axis,insufficient_funds,25,4,805,0.9,3.47,False
txn_005479,2026-06-06 07:21:32,561.43,UPI,IDFC,insufficient_funds,6,0,161,2.8,4.44,True
txn_005480,2026-03-27 05:13:38,344.54,Wallet,IDFC,network_error,27,0,490,0.2,0.57,True
txn_005481,2025-12-13 13:07:20,1875.85,Debit Card,Axis,bank_timeout,13,3,438,1.6,0.0,False
txn_005482,2025-03-19 22:58:09,357.55,Credit Card,IDFC,invalid_cvv,19,2,117,1.7,1.6,False
txn_005483,2026-07-08 08:33:53,2192.2,Netbanking,PNB,otp_failure,8,2,376,0.8,0.0,False
txn_005484,2025-04-27 19:23:22,1373.27,Netbanking,IDFC,otp_failure,27,1,407,0.9,0.04,True
txn_005485,2025-01-18 21:14:48,453.89,Wallet,Kotak,otp_failure,18,2,563,1.5,0.53,True
txn_005486,2025-06-09 07:52:38,188.21,Netbanking,IDFC,invalid_cvv,9,0,865,1.7,1.26,False
txn_005487,2026-02-11 22:51:48,352.38,UPI,Yes Bank,otp_failure,11,3,726,6.3,0.0,True
txn_005488,2025-01-17 02:10:14,494.28,Netbanking,IDFC,invalid_cvv,17,2,19,1.6,1.16,False
txn_005489,2025-12-10 11:00:33,1004.05,Wallet,Axis,insufficient_funds,10,2,609,1.8,3.64,True
txn_005490,2025-10-17 16:29:52,435.77,Debit Card,ICICI,expired_card,17,0,391,2.0,,False
txn_005491,2026-04-12 18:35:09,3829.41,Netbanking,SBI,bank_timeout,12,2,779,0.4,0.36,True
txn_005492,2025-11-10 19:13:24,175.54,Debit Card,Axis,expired_card,10,1,437,0.6,,False
txn_005493,2025-09-02 01:19:55,487.88,UPI,IDFC,bank_timeout,2,1,202,3.4,0.21,True
txn_005494,2025-08-01 22:22:22,1657.72,Debit Card,Kotak,insufficient_funds,1,1,49,1.5,4.13,True
txn_005495,2025-06-29 08:12:13,2449.44,Netbanking,PNB,invalid_cvv,29,0,305,2.5,1.75,False
txn_005496,2025-01-19 20:32:13,3350.92,Wallet,Axis,insufficient_funds,19,2,567,2.5,4.23,True
txn_005497,2026-05-17 08:34:05,2602.51,Credit Card,PNB,insufficient_funds,17,0,836,0.3,4.19,True
txn_005498,2026-07-08 20:34:55,919.95,Credit Card,IDFC,invalid_cvv,8,0,13,2.7,0.77,False
txn_005499,2026-03-21 00:26:59,444.53,UPI,Yes Bank,insufficient_funds,21,2,169,12.9,4.36,True
txn_005500,2025-10-23 21:48:46,508.93,Credit Card,PNB,invalid_cvv,23,2,229,3.9,1.23,True
txn_005501,2025-12-05 21:04:10,145.43,Netbanking,IDFC,insufficient_funds,5,1,297,2.2,4.17,True
txn_005502,2025-03-11 11:40:19,205.89,Netbanking,Kotak,otp_failure,11,2,684,0.1,0.21,True
txn_005503,2025-09-28 11:28:43,3926.73,Debit Card,Kotak,network_error,28,2,459,1.6,0.86,True
txn_005504,2025-10-12 17:49:17,2404.95,UPI,PNB,insufficient_funds,12,0,332,4.0,2.75,False
txn_005505,2025-05-03 19:09:50,436.43,Debit Card,Axis,fraud_block,3,2,20,3.8,,False
txn_005506,2026-03-31 18:24:36,1574.06,Wallet,Axis,insufficient_funds,31,2,25,0.5,3.99,False
txn_005507,2025-01-29 04:33:22,336.71,Netbanking,Yes Bank,invalid_cvv,29,2,536,2.1,1.83,False
txn_005508,2025-02-07 06:23:04,2298.09,Debit Card,ICICI,insufficient_funds,7,0,60,2.3,3.79,False
txn_005509,2026-07-04 05:23:02,2466.83,Debit Card,ICICI,insufficient_funds,4,2,211,4.2,3.25,True
txn_005510,2026-04-24 00:49:07,252.26,Wallet,HDFC,expired_card,24,0,276,0.8,,False
txn_005511,2025-07-14 11:37:43,181.02,Credit Card,Kotak,bank_timeout,14,2,446,1.8,0.15,True
txn_005512,2025-12-18 22:24:42,842.35,Debit Card,Kotak,insufficient_funds,18,0,829,6.9,4.56,False
txn_005513,2025-04-21 00:14:59,1127.72,Netbanking,Kotak,otp_failure,21,3,174,0.3,0.01,True
txn_005514,2025-05-25 11:39:55,740.4,Debit Card,IDFC,otp_failure,25,2,470,0.8,0.49,False
txn_005515,2025-08-31 00:36:51,235.55,Debit Card,ICICI,insufficient_funds,31,0,880,0.5,4.34,True
txn_005516,2025-06-30 01:21:23,1203.08,Credit Card,HDFC,bank_timeout,30,3,606,0.1,0.0,True
txn_005517,2026-03-21 18:12:22,731.75,Debit Card,Kotak,otp_failure,21,2,675,3.5,0.0,False
txn_005518,2026-03-02 14:18:53,1904.48,Netbanking,IDFC,insufficient_funds,2,0,405,2.5,4.16,True
txn_005519,2025-05-11 10:22:17,261.72,Debit Card,HDFC,bank_timeout,11,3,868,0.7,0.31,True
txn_005520,2025-06-01 18:14:25,1520.37,Wallet,ICICI,network_error,1,0,856,3.0,0.3,False
txn_005521,2025-02-22 08:05:36,730.29,Credit Card,Kotak,insufficient_funds,22,0,680,1.2,3.84,True
txn_005522,2025-05-19 19:46:47,231.4,Wallet,ICICI,otp_failure,19,1,433,0.2,0.14,True
txn_005523,2025-12-26 06:19:01,509.16,Wallet,Yes Bank,bank_timeout,26,4,859,4.9,0.0,True
txn_005524,2026-07-16 17:35:00,550.63,Debit Card,SBI,fraud_block,16,1,279,2.7,,False
txn_005525,2026-02-19 12:05:37,748.76,Debit Card,Axis,network_error,19,0,22,0.9,0.74,False
txn_005526,2025-01-07 19:02:47,185.1,UPI,SBI,otp_failure,7,0,770,0.0,0.71,False
txn_005527,2025-07-31 12:44:16,831.83,Wallet,HDFC,bank_timeout,31,1,388,3.0,0.0,True
txn_005528,2026-01-25 01:41:48,302.49,Wallet,HDFC,insufficient_funds,25,2,628,0.8,3.99,False
txn_005529,2025-11-02 21:04:11,112.6,Debit Card,SBI,insufficient_funds,2,1,519,1.3,4.24,False
txn_005530,2025-02-07 13:12:22,210.23,Netbanking,SBI,invalid_cvv,7,1,742,2.0,0.52,True
txn_005531,2025-04-13 18:04:57,3001.85,Debit Card,Yes Bank,network_error,13,0,224,0.2,0.06,True
txn_005532,2026-03-22 17:36:34,4726.91,UPI,PNB,insufficient_funds,22,2,350,0.8,4.24,True
txn_005533,2025-07-10 21:50:15,3427.04,Netbanking,SBI,expired_card,10,1,750,2.1,,False
txn_005534,2026-07-06 15:15:31,4957.09,Credit Card,Axis,otp_failure,6,3,281,0.5,0.68,True
txn_005535,2025-05-06 21:31:07,1453.74,Wallet,HDFC,otp_failure,6,3,505,5.6,0.0,False
txn_005536,2025-02-22 02:21:01,944.05,Netbanking,SBI,network_error,22,2,164,0.9,0.92,False
txn_005537,2025-01-01 10:41:19,719.66,UPI,PNB,expired_card,1,0,467,1.9,,False
txn_005538,2026-02-15 19:16:51,2817.28,Netbanking,IDFC,fraud_block,15,0,805,0.8,,False
txn_005539,2026-03-04 10:37:44,235.25,Wallet,IDFC,insufficient_funds,4,3,140,1.9,3.36,True
txn_005540,2026-02-12 19:39:21,477.12,Netbanking,Yes Bank,fraud_block,12,1,794,2.4,,False
txn_005541,2026-04-16 07:39:28,941.29,Wallet,IDFC,insufficient_funds,16,3,369,3.0,4.14,False
txn_005542,2025-07-15 06:59:29,1345.05,Wallet,IDFC,insufficient_funds,15,1,805,1.1,4.46,True
txn_005543,2025-05-10 15:09:29,758.74,Wallet,PNB,expired_card,10,1,689,3.9,,False
txn_005544,2025-04-09 01:16:52,691.27,Credit Card,Axis,insufficient_funds,9,1,656,3.5,3.49,True
txn_005545,2025-02-27 00:35:36,573.53,Wallet,Yes Bank,insufficient_funds,27,1,357,1.3,3.57,True
txn_005546,2025-08-20 19:21:55,904.4,Credit Card,IDFC,invalid_cvv,20,2,893,2.9,0.95,False
txn_005547,2025-10-25 03:39:51,1377.01,Netbanking,Kotak,expired_card,25,4,213,0.5,,False
txn_005548,2025-10-18 04:50:43,430.12,Credit Card,Yes Bank,insufficient_funds,18,1,807,2.5,2.77,True
txn_005549,2026-01-14 10:28:07,2175.73,Debit Card,HDFC,insufficient_funds,14,0,100,0.1,3.74,False
txn_005550,2025-06-17 10:31:26,188.21,Netbanking,SBI,bank_timeout,17,1,679,0.8,0.76,False
txn_005551,2025-12-16 11:29:51,724.85,Wallet,SBI,insufficient_funds,16,2,435,1.8,4.29,True
txn_005552,2026-05-20 03:33:58,2645.88,UPI,IDFC,bank_timeout,20,0,588,4.2,0.09,False
txn_005553,2025-07-09 21:39:25,101.56,Debit Card,HDFC,bank_timeout,9,1,852,0.1,0.43,True
txn_005554,2025-06-26 08:55:09,2495.77,Netbanking,Kotak,expired_card,26,0,881,0.0,,False
txn_005555,2026-01-14 02:09:33,267.66,Netbanking,PNB,expired_card,14,0,373,1.6,,False
txn_005556,2026-07-08 17:14:16,139.98,Netbanking,Yes Bank,insufficient_funds,8,1,258,0.8,3.45,False
txn_005557,2025-06-08 23:44:35,94.11,Netbanking,SBI,network_error,8,2,5,0.9,0.58,True
txn_005558,2025-11-19 23:04:27,1846.52,Credit Card,Axis,bank_timeout,19,3,62,2.3,0.38,True
txn_005559,2025-04-24 01:00:54,716.64,Credit Card,Kotak,bank_timeout,24,2,550,4.3,0.0,True
txn_005560,2025-10-18 12:31:47,488.87,Credit Card,Yes Bank,insufficient_funds,18,3,40,2.5,4.1,False
txn_005561,2025-12-28 05:53:42,2900.81,Netbanking,IDFC,insufficient_funds,28,4,811,0.0,4.09,True
txn_005562,2025-03-02 16:19:37,122.73,Wallet,Kotak,insufficient_funds,2,0,170,1.4,3.7,True
txn_005563,2025-10-03 13:28:25,246.46,Wallet,PNB,invalid_cvv,3,2,346,0.0,1.19,False
txn_005564,2025-02-01 11:25:47,834.88,Netbanking,ICICI,network_error,1,1,103,1.9,0.42,True
txn_005565,2025-10-01 18:44:55,743.17,UPI,Axis,otp_failure,1,3,371,0.4,0.3,False
txn_005566,2025-08-30 01:11:23,986.15,Wallet,SBI,insufficient_funds,30,1,116,0.5,3.34,False
txn_005567,2025-01-09 14:06:07,510.6,Credit Card,SBI,insufficient_funds,9,3,210,1.5,3.98,True
txn_005568,2026-07-07 07:57:30,344.33,Wallet,Kotak,network_error,7,2,21,2.8,0.41,False
txn_005569,2025-02-16 12:22:26,865.61,Credit Card,Axis,otp_failure,16,0,826,2.3,0.77,True
txn_005570,2026-05-05 20:37:29,1137.8,Wallet,Yes Bank,insufficient_funds,5,3,717,0.2,3.93,True
txn_005571,2025-01-19 17:59:57,1603.65,Netbanking,IDFC,otp_failure,19,4,356,4.2,0.46,True
txn_005572,2025-09-17 10:58:27,1978.53,Wallet,PNB,network_error,17,1,634,0.5,0.56,True
txn_005573,2025-09-27 11:09:52,2751.39,Wallet,Yes Bank,network_error,27,2,21,0.8,0.34,True
txn_005574,2025-08-10 07:25:38,1001.06,UPI,HDFC,network_error,10,0,550,2.0,0.25,True
txn_005575,2026-02-06 13:31:56,297.31,Wallet,ICICI,network_error,6,1,180,0.4,0.41,True
txn_005576,2025-12-07 12:19:41,2036.15,Netbanking,IDFC,bank_timeout,7,2,656,2.0,0.64,False
txn_005577,2026-02-04 05:07:33,2950.34,Credit Card,ICICI,expired_card,4,2,258,2.1,,False
txn_005578,2025-04-30 02:16:42,603.96,Netbanking,Yes Bank,otp_failure,30,1,107,0.2,0.25,False
txn_005579,2026-05-29 02:46:46,2735.93,Netbanking,Kotak,bank_timeout,29,1,70,5.5,0.58,True
txn_005580,2025-04-22 19:27:00,3055.68,Debit Card,Axis,bank_timeout,22,2,658,2.7,0.0,True
txn_005581,2025-03-14 09:10:48,938.44,Wallet,IDFC,insufficient_funds,14,0,453,0.5,4.31,False
txn_005582,2025-08-03 04:32:08,1185.78,Netbanking,Axis,bank_timeout,3,1,782,0.7,0.55,True
txn_005583,2025-02-02 12:55:01,152.9,Credit Card,Kotak,fraud_block,2,1,891,0.5,,False
txn_005584,2025-01-10 09:50:05,944.66,Debit Card,Axis,insufficient_funds,10,1,624,0.5,3.95,True
txn_005585,2025-11-21 23:05:29,826.43,Wallet,Axis,insufficient_funds,21,0,471,6.3,3.9,True
txn_005586,2025-11-21 08:25:26,5187.75,Debit Card,IDFC,fraud_block,21,0,329,0.1,,False
txn_005587,2026-03-01 21:51:44,2226.8,Wallet,Kotak,network_error,1,0,738,1.0,0.0,True
txn_005588,2025-06-13 14:09:59,448.57,Credit Card,ICICI,network_error,13,0,71,2.0,1.47,True
txn_005589,2025-05-07 21:50:13,177.16,Credit Card,Kotak,insufficient_funds,7,0,279,1.2,3.73,False
txn_005590,2026-07-19 20:41:51,507.64,Netbanking,ICICI,insufficient_funds,19,3,222,1.3,4.15,True
txn_005591,2025-06-20 04:12:59,2910.01,Netbanking,SBI,otp_failure,20,0,711,0.4,0.0,True
txn_005592,2026-06-07 10:23:33,1273.36,Netbanking,ICICI,network_error,7,7,637,3.0,1.86,True
txn_005593,2025-03-04 02:44:24,409.03,Netbanking,Yes Bank,insufficient_funds,4,2,630,0.3,3.84,False
txn_005594,2026-04-25 01:57:16,84.4,UPI,PNB,insufficient_funds,25,0,244,0.0,3.95,True
txn_005595,2025-07-20 11:01:21,1686.85,Wallet,Yes Bank,expired_card,20,1,240,0.3,,False
txn_005596,2026-05-06 12:28:13,393.95,UPI,SBI,network_error,6,3,557,0.3,0.0,True
txn_005597,2026-06-03 15:47:48,793.13,Wallet,Kotak,invalid_cvv,3,5,107,1.6,0.6,False
txn_005598,2026-04-07 06:10:20,363.05,Debit Card,Axis,network_error,7,3,525,2.3,0.29,False
txn_005599,2025-01-18 06:18:27,693.45,Netbanking,PNB,network_error,18,0,277,0.6,0.36,True
txn_005600,2025-07-31 09:57:43,477.16,UPI,Kotak,fraud_block,31,0,526,0.2,,False
txn_005601,2026-01-23 11:41:32,255.3,Netbanking,HDFC,invalid_cvv,23,1,893,0.6,0.27,False
txn_005602,2026-04-05 13:57:14,1288.69,UPI,Kotak,invalid_cvv,5,2,247,0.4,0.82,False
txn_005603,2025-03-24 17:14:39,2348.33,Debit Card,Axis,otp_failure,24,2,869,0.0,0.44,True
txn_005604,2025-06-20 01:34:17,1516.8,Debit Card,PNB,bank_timeout,20,3,226,3.1,0.0,False
txn_005605,2025-04-30 00:56:27,2070.22,Credit Card,Yes Bank,insufficient_funds,30,1,175,0.3,4.12,False
txn_005606,2025-11-17 12:15:38,2455.58,Netbanking,IDFC,expired_card,17,3,133,1.9,,False
txn_005607,2026-03-17 01:41:01,186.41,UPI,Kotak,insufficient_funds,17,0,474,0.7,4.48,True
txn_005608,2025-03-05 00:21:28,289.21,Debit Card,SBI,insufficient_funds,5,1,448,2.8,3.31,True
txn_005609,2026-04-29 22:38:44,1942.95,Netbanking,ICICI,invalid_cvv,29,0,773,0.4,0.95,True
txn_005610,2025-09-01 20:34:57,271.72,Credit Card,IDFC,insufficient_funds,1,0,336,0.8,4.23,True
txn_005611,2025-11-12 06:59:05,3500.75,Netbanking,SBI,bank_timeout,12,1,299,4.2,0.37,True
txn_005612,2025-11-18 17:40:28,380.91,Netbanking,HDFC,invalid_cvv,18,1,422,1.0,1.08,False
txn_005613,2025-09-17 06:13:09,480.71,UPI,ICICI,network_error,17,1,895,0.4,0.0,True
txn_005614,2025-08-28 05:40:27,578.14,Debit Card,PNB,network_error,28,1,615,2.1,0.6,True
txn_005615,2026-01-18 00:56:57,330.37,Netbanking,Axis,insufficient_funds,18,2,600,2.0,5.54,False
txn_005616,2025-11-11 19:40:10,3656.73,Netbanking,Axis,otp_failure,11,2,498,0.3,1.25,False
txn_005617,2025-08-11 12:08:34,826.29,Debit Card,SBI,expired_card,11,3,862,1.2,,False
txn_005618,2025-09-19 01:34:06,3860.55,Debit Card,Yes Bank,insufficient_funds,19,2,429,5.7,4.69,False
txn_005619,2026-04-06 22:38:09,925.34,Netbanking,ICICI,otp_failure,6,0,582,0.3,0.17,False
txn_005620,2025-03-20 04:26:07,92.3,Credit Card,ICICI,insufficient_funds,20,1,360,0.6,3.28,True
txn_005621,2026-07-27 18:41:43,3936.43,Credit Card,SBI,bank_timeout,27,0,765,0.6,0.11,False
txn_005622,2026-02-24 17:14:07,338.83,Netbanking,PNB,insufficient_funds,24,1,844,0.2,3.84,True
txn_005623,2025-03-13 16:52:37,783.99,Debit Card,HDFC,otp_failure,13,0,352,0.9,0.01,True
txn_005624,2025-01-02 14:54:33,255.71,Netbanking,SBI,insufficient_funds,2,0,857,1.9,4.04,True
txn_005625,2025-01-26 09:17:08,334.29,Debit Card,Kotak,invalid_cvv,26,0,78,0.0,1.4,False
txn_005626,2025-10-12 21:01:55,284.91,UPI,ICICI,expired_card,12,0,267,3.5,,False
txn_005627,2025-02-01 09:40:00,555.75,Debit Card,Kotak,otp_failure,1,1,641,1.0,0.0,True
txn_005628,2025-09-14 10:17:17,903.52,Credit Card,HDFC,expired_card,14,1,621,1.7,,False
txn_005629,2026-03-29 17:21:47,1142.55,Credit Card,HDFC,fraud_block,29,3,320,1.1,,False
txn_005630,2026-04-23 04:33:46,721.18,Credit Card,Axis,insufficient_funds,23,1,187,0.6,4.43,True
txn_005631,2025-05-12 23:48:23,465.9,Netbanking,PNB,network_error,12,1,649,2.6,0.42,True
txn_005632,2025-03-25 12:39:44,2251.31,UPI,Kotak,otp_failure,25,2,365,0.9,0.96,True
txn_005633,2026-04-24 00:32:29,454.13,Wallet,ICICI,insufficient_funds,24,1,425,2.2,3.94,True
txn_005634,2026-04-21 22:14:41,804.45,UPI,SBI,otp_failure,21,1,311,0.6,0.39,True
txn_005635,2025-02-20 10:36:58,2146.88,Netbanking,Kotak,bank_timeout,20,1,538,2.4,0.24,True
txn_005636,2025-05-03 06:02:15,243.49,Wallet,ICICI,insufficient_funds,3,1,297,5.9,4.01,True
txn_005637,2026-01-21 13:51:21,1711.47,Wallet,Axis,invalid_cvv,21,0,214,1.7,1.21,False
txn_005638,2026-06-20 04:29:16,625.11,UPI,HDFC,fraud_block,20,2,547,2.3,,False
txn_005639,2025-11-02 13:23:09,474.93,UPI,SBI,otp_failure,2,2,527,6.6,0.03,True
txn_005640,2026-06-24 18:02:18,2532.56,Netbanking,PNB,insufficient_funds,24,0,554,1.3,3.71,False
txn_005641,2025-10-06 15:37:13,213.11,Wallet,Kotak,bank_timeout,6,2,796,0.6,0.0,True
txn_005642,2025-08-17 02:05:37,159.65,Netbanking,IDFC,otp_failure,17,0,304,1.1,0.34,False
txn_005643,2025-07-02 15:02:57,339.78,UPI,Yes Bank,insufficient_funds,2,0,808,1.0,4.34,False
txn_005644,2025-06-13 12:53:09,471.49,Debit Card,PNB,insufficient_funds,13,0,743,2.9,4.7,False
txn_005645,2025-04-26 12:21:31,1511.63,Debit Card,HDFC,otp_failure,26,1,789,1.6,0.13,True
txn_005646,2025-03-03 17:06:49,1971.13,Credit Card,ICICI,bank_timeout,3,1,166,0.3,0.09,True
txn_005647,2025-04-25 16:57:15,1450.82,Credit Card,PNB,expired_card,25,1,846,3.7,,True
txn_005648,2025-04-08 22:51:21,1984.64,Debit Card,ICICI,insufficient_funds,8,1,315,0.1,3.81,False
txn_005649,2025-08-08 09:43:13,974.3,UPI,Yes Bank,network_error,8,3,290,1.7,0.0,False
txn_005650,2026-03-26 22:22:52,961.21,Debit Card,PNB,bank_timeout,26,0,157,0.9,0.0,True
txn_005651,2025-12-05 03:13:46,2279.7,Netbanking,ICICI,expired_card,5,3,585,0.2,,False
txn_005652,2026-05-16 10:49:40,194.68,Wallet,Kotak,insufficient_funds,16,2,716,1.8,4.37,False
txn_005653,2026-07-05 18:46:58,1062.75,Debit Card,PNB,bank_timeout,5,1,40,1.2,0.13,True
txn_005654,2026-05-25 16:06:46,1510.48,Credit Card,Yes Bank,bank_timeout,25,1,297,1.1,0.0,True
txn_005655,2025-05-02 13:56:54,500.79,Netbanking,Axis,network_error,2,1,725,5.4,0.55,True
txn_005656,2025-09-26 00:51:45,557.09,Credit Card,HDFC,otp_failure,26,3,322,0.6,0.39,False
txn_005657,2025-01-25 08:57:23,1679.76,UPI,IDFC,otp_failure,25,0,899,1.5,0.0,True
txn_005658,2025-05-25 21:46:36,1837.78,Netbanking,PNB,invalid_cvv,25,4,67,0.6,1.71,False
txn_005659,2026-05-27 08:09:01,2050.47,Netbanking,Yes Bank,otp_failure,27,0,189,0.4,0.1,True
txn_005660,2025-12-16 05:22:47,698.03,Debit Card,Yes Bank,otp_failure,16,1,365,2.7,0.0,True
txn_005661,2026-07-04 10:36:12,424.36,Netbanking,Yes Bank,insufficient_funds,4,1,176,0.1,4.65,True
txn_005662,2026-03-17 01:36:24,1276.6,Debit Card,HDFC,otp_failure,17,1,36,1.4,0.0,True
txn_005663,2025-05-08 12:31:14,277.16,UPI,IDFC,bank_timeout,8,0,718,0.6,0.17,True
txn_005664,2025-03-14 09:40:42,192.25,Netbanking,Yes Bank,otp_failure,14,1,835,0.3,0.45,True
txn_005665,2025-04-26 02:02:51,246.67,Credit Card,SBI,network_error,26,1,319,0.8,0.2,True
txn_005666,2025-07-06 10:21:36,413.94,Wallet,PNB,bank_timeout,6,1,784,0.4,0.0,False
txn_005667,2025-08-04 19:43:43,1532.56,Debit Card,SBI,insufficient_funds,4,1,334,0.8,3.42,True
txn_005668,2025-11-21 13:39:54,1166.46,Credit Card,HDFC,bank_timeout,21,3,345,0.4,0.0,False
txn_005669,2026-05-06 12:43:15,358.79,UPI,Yes Bank,invalid_cvv,6,0,458,8.2,1.41,True
txn_005670,2026-04-23 14:08:12,261.93,UPI,Yes Bank,insufficient_funds,23,2,391,1.6,3.76,True
txn_005671,2025-01-03 03:01:37,2626.1,Credit Card,PNB,bank_timeout,3,1,475,1.4,0.24,True
txn_005672,2026-01-25 04:45:01,495.58,Debit Card,Axis,network_error,25,3,143,4.8,0.0,True
txn_005673,2025-04-25 19:18:02,390.8,UPI,Kotak,insufficient_funds,25,3,657,3.9,3.57,True
txn_005674,2026-02-17 08:07:02,2110.36,Netbanking,Axis,bank_timeout,17,1,589,4.9,1.14,False
txn_005675,2025-12-04 19:49:32,1532.19,Credit Card,PNB,otp_failure,4,0,535,5.2,0.0,True
txn_005676,2026-07-13 13:07:47,1252.66,Wallet,Kotak,network_error,13,1,328,0.8,0.0,False
txn_005677,2026-02-23 11:48:55,113.81,Netbanking,HDFC,otp_failure,23,1,733,4.9,0.14,True
txn_005678,2025-08-09 23:11:50,2360.15,UPI,HDFC,bank_timeout,9,3,132,1.4,1.05,True
txn_005679,2025-11-13 09:17:56,1126.19,Wallet,ICICI,insufficient_funds,13,0,644,4.9,4.48,False
txn_005680,2026-01-04 13:38:54,445.28,Netbanking,PNB,invalid_cvv,4,0,310,0.1,1.12,False
txn_005681,2026-04-18 20:07:02,390.16,Wallet,Axis,expired_card,18,1,588,8.2,,False
txn_005682,2025-09-02 19:22:21,589.79,Wallet,Axis,fraud_block,2,2,839,0.2,,False
txn_005683,2025-12-15 23:01:29,487.96,UPI,Kotak,otp_failure,15,5,750,2.7,0.0,True
txn_005684,2026-05-22 11:10:49,1331.12,Credit Card,Axis,insufficient_funds,22,0,522,5.6,4.17,True
txn_005685,2026-06-04 04:28:47,283.34,Wallet,Kotak,expired_card,4,2,522,0.1,,True
txn_005686,2025-11-03 15:50:23,1063.55,UPI,HDFC,insufficient_funds,3,2,222,0.3,4.14,True
txn_005687,2026-02-17 05:45:47,279.61,Debit Card,HDFC,bank_timeout,17,3,375,0.4,0.46,True
txn_005688,2025-06-22 06:40:08,497.26,Netbanking,Axis,bank_timeout,22,2,529,1.3,0.85,True
txn_005689,2025-11-05 08:14:49,1197.8,Credit Card,IDFC,otp_failure,5,0,316,2.1,0.54,False
txn_005690,2025-02-07 02:22:51,88.48,Credit Card,Kotak,bank_timeout,7,1,790,1.7,0.0,True
txn_005691,2026-02-20 17:55:31,702.01,Wallet,IDFC,bank_timeout,20,1,140,1.1,0.71,True
txn_005692,2025-01-13 16:39:47,1670.14,Wallet,Kotak,insufficient_funds,13,0,454,0.3,3.17,True
txn_005693,2026-04-12 05:22:38,1115.72,Credit Card,PNB,expired_card,12,0,450,1.4,,False
txn_005694,2026-03-27 15:16:08,181.11,Debit Card,Kotak,expired_card,27,1,293,4.4,,False
txn_005695,2025-04-01 00:00:15,103.0,Debit Card,IDFC,bank_timeout,1,0,187,0.6,0.7,False
txn_005696,2026-03-12 13:13:31,271.08,UPI,SBI,bank_timeout,12,1,433,0.8,0.0,False
txn_005697,2026-02-28 08:42:55,453.29,Debit Card,HDFC,insufficient_funds,28,2,591,0.2,4.11,True
txn_005698,2026-06-17 02:53:31,860.39,Netbanking,ICICI,insufficient_funds,17,4,869,3.0,3.82,False
txn_005699,2025-09-13 08:48:25,174.61,Debit Card,PNB,insufficient_funds,13,0,430,0.4,3.35,False
txn_005700,2025-01-17 01:42:22,401.6,Credit Card,SBI,expired_card,17,0,286,1.0,,False
txn_005701,2026-07-22 19:08:12,3222.82,UPI,SBI,bank_timeout,22,2,63,1.1,0.12,False
txn_005702,2026-05-26 15:53:23,779.62,UPI,Kotak,expired_card,26,1,704,6.7,,False
txn_005703,2025-11-19 18:53:29,4320.45,Debit Card,IDFC,bank_timeout,19,1,423,1.5,0.46,True
txn_005704,2025-06-08 12:34:31,1411.43,Debit Card,Yes Bank,expired_card,8,2,359,5.4,,False
txn_005705,2025-03-17 19:28:34,1042.82,UPI,Kotak,invalid_cvv,17,1,571,2.7,2.28,False
txn_005706,2026-02-26 05:34:08,1034.02,Wallet,ICICI,insufficient_funds,26,1,447,0.5,3.34,True
txn_005707,2025-03-01 04:57:04,288.32,Debit Card,ICICI,network_error,1,1,54,0.1,0.0,True
txn_005708,2025-01-03 14:02:32,932.12,Debit Card,ICICI,bank_timeout,3,2,586,4.2,0.39,False
txn_005709,2025-07-29 18:07:02,730.0,Debit Card,ICICI,network_error,29,1,433,0.9,0.23,False
txn_005710,2025-12-17 12:41:06,234.63,UPI,ICICI,bank_timeout,17,2,149,1.5,0.0,False
txn_005711,2026-01-24 17:18:28,1558.06,Wallet,PNB,network_error,24,2,449,1.2,0.3,True
txn_005712,2026-02-01 17:37:18,1067.4,Credit Card,PNB,insufficient_funds,1,1,280,0.5,4.27,True
txn_005713,2026-06-03 20:23:32,544.3,Wallet,Kotak,invalid_cvv,3,1,61,1.0,0.93,False
txn_005714,2025-03-06 16:13:47,2459.31,UPI,ICICI,insufficient_funds,6,0,735,2.8,3.99,True
txn_005715,2025-10-02 08:52:26,1009.65,Debit Card,IDFC,insufficient_funds,2,1,634,0.8,3.49,False
txn_005716,2025-05-28 00:48:38,268.82,Wallet,Kotak,insufficient_funds,28,1,461,3.2,3.94,True
txn_005717,2026-07-18 08:51:22,841.68,Credit Card,ICICI,insufficient_funds,18,1,89,1.6,4.07,True
txn_005718,2025-02-19 06:28:35,245.97,Debit Card,SBI,insufficient_funds,19,2,586,0.6,3.85,True
txn_005719,2025-09-23 17:13:42,340.24,Debit Card,Axis,insufficient_funds,23,1,845,2.4,4.2,True
txn_005720,2026-01-07 19:26:05,437.24,UPI,HDFC,bank_timeout,7,1,396,1.6,0.34,True
txn_005721,2025-09-22 05:25:45,590.17,Netbanking,IDFC,insufficient_funds,22,4,199,0.4,5.23,True
txn_005722,2025-03-22 10:40:23,77.19,Wallet,IDFC,expired_card,22,1,1,2.3,,False
txn_005723,2025-06-14 22:40:37,663.23,Debit Card,Axis,fraud_block,14,0,72,6.3,,False
txn_005724,2026-04-28 09:40:43,307.54,Netbanking,ICICI,network_error,28,1,501,1.2,0.04,True
txn_005725,2025-06-26 02:56:55,835.16,Netbanking,PNB,insufficient_funds,26,2,309,1.4,4.43,False
txn_005726,2025-10-28 19:20:25,2298.54,UPI,Yes Bank,insufficient_funds,28,1,448,1.2,3.38,True
txn_005727,2025-06-04 15:44:12,1192.89,Credit Card,HDFC,expired_card,4,0,738,4.0,,True
txn_005728,2025-12-18 18:50:36,720.6,Debit Card,HDFC,expired_card,18,2,410,0.2,,False
txn_005729,2026-03-20 11:04:47,1749.4,UPI,HDFC,insufficient_funds,20,1,130,2.8,3.66,True
txn_005730,2026-06-01 04:40:24,1027.62,UPI,Yes Bank,bank_timeout,1,1,390,1.1,0.0,True
txn_005731,2025-11-19 18:06:33,96.1,Credit Card,Yes Bank,insufficient_funds,19,3,776,6.1,4.34,True
txn_005732,2025-12-26 23:55:02,2739.19,Credit Card,SBI,bank_timeout,26,0,471,1.3,0.0,True
txn_005733,2025-03-16 13:08:51,832.75,Wallet,ICICI,otp_failure,16,2,800,0.5,0.67,True
txn_005734,2026-04-06 12:11:12,1109.76,Debit Card,PNB,invalid_cvv,6,1,506,2.3,0.84,False
txn_005735,2026-01-19 23:15:58,263.83,Wallet,Yes Bank,bank_timeout,19,0,286,1.2,0.58,True
txn_005736,2025-04-04 00:21:30,44.99,Wallet,HDFC,network_error,4,3,83,1.1,0.0,True
txn_005737,2026-05-11 14:40:43,2225.96,UPI,Axis,insufficient_funds,11,4,187,0.7,4.08,False
txn_005738,2025-08-31 09:11:09,549.09,Wallet,IDFC,insufficient_funds,31,0,224,0.1,3.1,True
txn_005739,2025-08-16 22:19:44,4726.57,Credit Card,ICICI,expired_card,16,0,727,8.2,,False
txn_005740,2025-02-12 15:39:09,477.01,UPI,SBI,insufficient_funds,12,1,890,2.6,3.94,False
txn_005741,2026-06-25 12:38:33,321.01,UPI,IDFC,network_error,25,2,855,0.4,0.0,True
txn_005742,2025-04-29 20:48:43,596.07,UPI,Yes Bank,insufficient_funds,29,2,288,0.2,4.02,False
txn_005743,2025-11-17 00:47:33,633.48,Credit Card,Yes Bank,insufficient_funds,17,0,645,0.4,3.09,True
txn_005744,2025-02-28 08:10:58,123.84,Netbanking,Kotak,invalid_cvv,28,2,424,2.4,1.16,False
txn_005745,2026-07-28 17:01:52,916.53,UPI,IDFC,expired_card,28,0,681,2.2,,True
txn_005746,2025-01-18 15:45:34,991.33,Credit Card,Kotak,insufficient_funds,18,2,36,1.1,3.42,False
txn_005747,2025-09-12 13:46:28,174.45,Debit Card,ICICI,insufficient_funds,12,4,290,2.3,3.58,True
txn_005748,2025-04-17 17:46:57,271.17,Wallet,ICICI,insufficient_funds,17,0,602,1.1,4.48,True
txn_005749,2025-10-09 14:05:21,1099.36,Credit Card,ICICI,insufficient_funds,9,3,246,0.5,4.76,True
txn_005750,2025-07-25 05:02:31,204.44,UPI,Yes Bank,bank_timeout,25,2,63,2.5,0.33,False
txn_005751,2025-04-07 02:26:16,615.56,Debit Card,Axis,bank_timeout,7,3,413,1.7,1.05,False
txn_005752,2026-03-29 05:31:12,549.34,Credit Card,Axis,insufficient_funds,29,1,630,1.0,4.34,True
txn_005753,2025-02-08 02:53:36,1757.78,UPI,Kotak,otp_failure,8,0,271,2.0,0.0,True
txn_005754,2026-03-04 08:37:39,1278.34,Wallet,ICICI,otp_failure,4,2,899,2.1,0.0,True
txn_005755,2026-07-08 15:48:49,660.37,Wallet,Kotak,insufficient_funds,8,3,433,0.1,3.95,False
txn_005756,2026-03-06 00:51:44,264.14,UPI,ICICI,otp_failure,6,0,277,0.0,0.0,False
txn_005757,2025-11-10 12:34:38,650.5,Credit Card,Kotak,expired_card,10,2,454,0.5,,False
txn_005758,2025-11-23 08:33:29,744.5,Credit Card,Yes Bank,insufficient_funds,23,1,849,0.1,3.87,False
txn_005759,2025-07-28 23:25:18,334.99,Credit Card,SBI,otp_failure,28,1,456,0.7,0.0,False
txn_005760,2025-02-23 09:32:50,437.49,Credit Card,HDFC,network_error,23,2,149,1.1,0.0,True
txn_005761,2025-03-24 23:25:52,836.02,Netbanking,HDFC,otp_failure,24,0,70,0.8,0.89,True
txn_005762,2025-12-31 10:57:10,4251.77,UPI,IDFC,otp_failure,31,1,853,0.6,0.12,True
txn_005763,2026-02-25 22:56:56,1270.01,Credit Card,Kotak,insufficient_funds,25,2,431,0.6,4.39,True
txn_005764,2025-05-04 08:22:33,460.38,Wallet,Axis,insufficient_funds,4,2,807,2.4,4.37,False
txn_005765,2025-03-05 16:45:22,2692.66,UPI,SBI,otp_failure,5,2,864,7.4,0.19,False
txn_005766,2025-05-24 19:03:30,421.44,Wallet,ICICI,insufficient_funds,24,3,481,1.8,3.94,False
txn_005767,2026-05-05 23:41:20,692.15,Credit Card,PNB,expired_card,5,0,576,10.1,,False
txn_005768,2025-06-19 15:36:15,2488.86,Debit Card,SBI,insufficient_funds,19,1,765,1.8,4.38,False
txn_005769,2026-07-28 02:44:18,2087.3,Wallet,Axis,bank_timeout,28,4,280,2.3,0.35,False
txn_005770,2025-11-13 20:00:09,2055.42,Credit Card,Kotak,bank_timeout,13,2,726,0.8,0.48,True
txn_005771,2026-03-24 22:17:41,938.14,Debit Card,PNB,insufficient_funds,24,2,842,0.8,4.22,True
txn_005772,2026-03-02 07:19:42,3417.0,Debit Card,HDFC,expired_card,2,1,761,0.7,,False
txn_005773,2025-11-30 18:37:10,2098.28,Debit Card,IDFC,insufficient_funds,30,0,733,1.9,4.14,False
txn_005774,2025-05-30 11:56:03,1115.82,Wallet,Kotak,expired_card,30,0,260,0.6,,False
txn_005775,2025-09-25 09:37:05,688.56,Debit Card,IDFC,insufficient_funds,25,0,1,0.7,3.91,True
txn_005776,2026-04-04 20:45:12,3414.14,Netbanking,Kotak,invalid_cvv,4,0,50,1.0,0.65,False
txn_005777,2025-07-29 05:14:19,384.65,Debit Card,ICICI,bank_timeout,29,0,145,2.9,0.25,True
txn_005778,2026-07-04 01:39:08,335.05,Netbanking,Kotak,network_error,4,0,34,1.9,0.33,True
txn_005779,2026-05-19 13:53:20,336.95,Wallet,PNB,network_error,19,1,204,0.9,1.22,True
txn_005780,2025-01-02 03:04:44,75.16,Credit Card,IDFC,bank_timeout,2,0,168,0.3,0.88,True
txn_005781,2026-04-04 20:08:33,255.74,Debit Card,Kotak,otp_failure,4,1,57,3.1,0.46,True
txn_005782,2026-06-21 22:45:55,304.09,Debit Card,SBI,otp_failure,21,2,816,0.9,0.83,True
txn_005783,2026-05-13 17:45:39,827.76,Wallet,ICICI,network_error,13,4,858,0.5,0.59,True
txn_005784,2026-06-06 04:47:23,717.15,Debit Card,SBI,insufficient_funds,6,3,308,2.4,4.22,True
txn_005785,2026-07-07 07:16:18,222.75,Credit Card,Axis,insufficient_funds,7,1,54,0.5,4.34,False
txn_005786,2025-07-14 04:15:45,935.68,Credit Card,ICICI,insufficient_funds,14,2,197,6.6,4.58,True
txn_005787,2026-06-16 07:57:17,1658.74,Netbanking,SBI,otp_failure,16,2,254,1.0,0.69,True
txn_005788,2025-06-19 10:20:37,402.43,UPI,ICICI,otp_failure,19,2,804,4.5,0.0,True
txn_005789,2026-03-23 06:50:57,2018.83,Credit Card,Axis,bank_timeout,23,1,251,1.9,0.0,False
txn_005790,2026-07-12 02:15:27,1008.36,Credit Card,HDFC,otp_failure,12,1,698,9.9,0.11,True
txn_005791,2025-11-18 01:30:40,1736.85,Credit Card,Yes Bank,otp_failure,18,1,279,0.5,0.07,False
txn_005792,2025-06-10 06:20:03,2964.43,Netbanking,SBI,insufficient_funds,10,2,716,1.0,3.86,True
txn_005793,2025-04-25 04:02:47,268.64,Credit Card,Yes Bank,insufficient_funds,25,1,211,3.1,4.1,True
txn_005794,2025-09-10 12:31:10,514.2,Netbanking,IDFC,otp_failure,10,0,689,0.1,0.0,False
txn_005795,2026-05-28 06:20:53,456.81,Wallet,Kotak,insufficient_funds,28,2,513,2.3,4.22,True
txn_005796,2025-12-11 09:47:40,1035.23,Debit Card,SBI,insufficient_funds,11,2,5,0.8,3.78,False
txn_005797,2025-06-10 14:41:09,977.04,Netbanking,Yes Bank,network_error,10,1,682,2.3,0.19,True
txn_005798,2025-05-27 00:35:12,2192.73,Debit Card,PNB,bank_timeout,27,2,368,0.0,0.0,True
txn_005799,2026-01-15 18:00:30,77.26,UPI,IDFC,otp_failure,15,1,868,1.8,1.02,True
txn_005800,2025-02-08 00:11:06,535.04,UPI,HDFC,insufficient_funds,8,1,136,0.8,3.56,False
txn_005801,2025-12-03 13:10:27,1622.57,Netbanking,SBI,otp_failure,3,1,237,0.1,0.0,False
txn_005802,2025-02-17 16:39:52,998.84,Credit Card,PNB,bank_timeout,17,4,887,2.9,0.88,True
txn_005803,2026-02-12 05:19:29,470.78,UPI,Axis,insufficient_funds,12,1,54,1.0,3.41,False
txn_005804,2025-11-18 02:24:56,506.54,Credit Card,Kotak,insufficient_funds,18,2,286,0.3,3.84,True
txn_005805,2025-04-20 06:47:53,278.88,UPI,Kotak,bank_timeout,20,1,652,0.3,0.0,True
txn_005806,2025-05-18 12:38:20,939.5,Netbanking,HDFC,insufficient_funds,18,0,627,2.9,3.62,False
txn_005807,2026-01-03 13:43:13,310.23,Wallet,ICICI,network_error,3,3,592,3.9,0.43,False
txn_005808,2026-04-01 12:51:45,120.4,Netbanking,Yes Bank,bank_timeout,1,0,602,1.1,0.49,True
txn_005809,2025-08-24 11:58:38,200.62,Debit Card,PNB,fraud_block,24,2,182,0.0,,False
txn_005810,2025-06-06 01:29:41,740.17,UPI,PNB,insufficient_funds,6,2,233,0.9,5.06,False
txn_005811,2025-10-31 09:13:00,134.09,UPI,SBI,insufficient_funds,31,1,364,1.0,3.96,False
txn_005812,2026-01-09 02:22:42,1142.29,Debit Card,PNB,bank_timeout,9,1,723,0.8,0.0,False
txn_005813,2025-04-14 16:22:23,2488.18,Credit Card,Axis,otp_failure,14,0,126,0.2,0.0,True
txn_005814,2026-05-17 03:46:45,424.71,Netbanking,IDFC,otp_failure,17,0,417,0.4,0.36,True
txn_005815,2025-06-20 00:05:10,567.15,Wallet,SBI,insufficient_funds,20,1,19,2.4,4.76,False
txn_005816,2025-03-27 07:16:30,542.68,UPI,Yes Bank,network_error,27,1,670,0.8,0.0,True
txn_005817,2026-02-10 11:18:41,351.79,UPI,ICICI,insufficient_funds,10,1,54,0.0,4.43,False
txn_005818,2025-07-31 02:56:41,1018.04,Wallet,Kotak,expired_card,31,1,758,1.8,,True
txn_005819,2025-11-10 13:47:17,521.01,Credit Card,ICICI,bank_timeout,10,0,709,2.0,0.0,True
txn_005820,2026-03-17 12:33:05,140.43,Credit Card,Axis,otp_failure,17,0,301,2.4,0.91,False
txn_005821,2025-08-08 16:01:21,319.11,UPI,Axis,insufficient_funds,8,3,344,3.0,4.21,False
txn_005822,2026-06-04 04:45:13,344.98,Wallet,SBI,otp_failure,4,2,278,0.1,0.46,True
txn_005823,2026-05-03 09:48:29,2540.55,Netbanking,HDFC,bank_timeout,3,1,330,1.5,0.0,True
txn_005824,2025-04-26 19:21:23,2469.09,Credit Card,Yes Bank,fraud_block,26,1,816,8.0,,True
txn_005825,2026-06-20 15:46:47,731.15,Wallet,IDFC,expired_card,20,2,594,8.9,,False
txn_005826,2026-03-18 03:22:30,1921.09,UPI,HDFC,network_error,18,2,456,4.9,0.12,True
txn_005827,2026-01-09 14:50:55,393.13,Debit Card,SBI,insufficient_funds,9,3,198,0.6,3.76,False
txn_005828,2025-03-26 05:57:25,1449.16,UPI,IDFC,fraud_block,26,1,368,1.3,,False
txn_005829,2025-07-15 02:06:19,376.33,UPI,Axis,invalid_cvv,15,0,150,0.0,1.74,True
txn_005830,2026-05-04 10:33:30,48.07,Netbanking,Yes Bank,fraud_block,4,2,64,1.4,,False
txn_005831,2025-03-16 15:14:46,524.83,Netbanking,PNB,insufficient_funds,16,2,837,5.5,3.84,False
txn_005832,2026-05-01 03:44:46,1966.74,Debit Card,Axis,invalid_cvv,1,1,166,1.3,1.06,False
txn_005833,2025-09-10 05:07:38,350.54,Credit Card,Yes Bank,insufficient_funds,10,2,555,5.4,3.74,True
txn_005834,2025-10-05 04:44:15,2518.15,Netbanking,Axis,insufficient_funds,5,0,316,1.6,4.53,True
txn_005835,2026-02-18 14:15:29,435.78,UPI,PNB,fraud_block,18,1,681,0.6,,False
txn_005836,2025-06-26 18:21:19,1371.21,Netbanking,HDFC,invalid_cvv,26,1,581,0.7,1.79,False
txn_005837,2026-06-20 17:29:09,601.43,Credit Card,ICICI,insufficient_funds,20,0,442,0.8,3.29,False
txn_005838,2026-03-15 23:19:35,273.13,Debit Card,Axis,invalid_cvv,15,2,394,1.5,0.94,True
txn_005839,2025-11-16 00:39:39,589.55,Credit Card,Axis,expired_card,16,1,324,8.7,,False
txn_005840,2025-12-29 19:03:21,266.36,Netbanking,ICICI,bank_timeout,29,0,356,1.6,0.0,False
txn_005841,2025-03-21 16:53:06,557.1,Wallet,PNB,otp_failure,21,0,796,2.4,0.67,True
txn_005842,2026-07-13 00:31:26,87.16,Debit Card,Axis,bank_timeout,13,5,81,0.8,0.0,False
txn_005843,2026-07-28 05:46:24,533.83,Debit Card,Axis,expired_card,28,0,596,5.4,,False
txn_005844,2025-10-16 01:38:53,452.14,Credit Card,HDFC,network_error,16,1,455,0.5,0.2,True
txn_005845,2025-07-19 04:41:47,970.52,Credit Card,IDFC,insufficient_funds,19,1,712,1.8,3.85,True
txn_005846,2025-04-04 10:08:03,537.81,UPI,PNB,expired_card,4,5,681,1.6,,False
txn_005847,2025-06-12 09:36:59,535.11,Credit Card,Yes Bank,insufficient_funds,12,0,754,0.8,3.73,False
txn_005848,2025-07-03 20:35:06,133.8,Wallet,ICICI,expired_card,3,0,201,1.8,,False
txn_005849,2025-03-14 15:09:20,1462.74,UPI,Axis,expired_card,14,2,213,0.5,,True
txn_005850,2025-02-04 07:23:55,2510.88,Netbanking,Kotak,network_error,4,0,420,2.2,0.54,False
txn_005851,2026-02-25 06:22:18,304.36,Debit Card,HDFC,insufficient_funds,25,2,621,0.9,3.51,True
txn_005852,2026-01-16 05:51:47,773.78,Debit Card,IDFC,invalid_cvv,16,3,50,1.2,1.21,False
txn_005853,2025-09-14 21:31:01,1148.88,Credit Card,ICICI,otp_failure,14,0,90,3.5,0.0,True
txn_005854,2026-01-27 05:39:25,294.52,Wallet,Axis,expired_card,27,2,380,1.7,,False
txn_005855,2026-03-24 03:21:21,677.06,UPI,HDFC,invalid_cvv,24,1,82,0.9,1.12,False
txn_005856,2025-11-28 17:49:39,343.72,UPI,Yes Bank,bank_timeout,28,2,638,0.6,0.0,False
txn_005857,2025-12-18 08:31:24,3261.6,Wallet,SBI,bank_timeout,18,0,221,0.1,0.0,False
txn_005858,2025-01-21 21:26:26,101.89,Credit Card,HDFC,bank_timeout,21,0,707,1.6,0.68,True
txn_005859,2026-06-03 07:20:50,639.0,UPI,Axis,expired_card,3,0,479,0.4,,False
txn_005860,2025-05-14 15:35:03,610.11,Debit Card,Axis,network_error,14,1,135,0.2,0.0,True
txn_005861,2026-07-27 19:31:49,586.46,Credit Card,SBI,fraud_block,27,1,92,7.0,,False
txn_005862,2025-06-02 03:01:17,1042.54,Debit Card,Axis,insufficient_funds,2,1,787,1.4,3.45,True
txn_005863,2025-04-14 00:22:05,2364.87,UPI,PNB,insufficient_funds,14,1,88,1.2,4.31,True
txn_005864,2025-02-17 14:15:06,363.0,Netbanking,Axis,insufficient_funds,17,0,847,0.2,4.36,False
txn_005865,2026-04-26 12:24:04,3731.23,Debit Card,HDFC,otp_failure,26,1,298,0.9,0.51,True
txn_005866,2025-04-02 13:22:19,495.01,Debit Card,Yes Bank,otp_failure,2,2,286,0.0,0.27,True
txn_005867,2026-05-03 02:33:39,147.56,UPI,IDFC,otp_failure,3,1,27,4.9,0.35,True
txn_005868,2025-04-30 13:27:12,492.46,Credit Card,SBI,bank_timeout,30,1,624,1.2,0.0,True
txn_005869,2026-01-03 22:58:05,501.19,Netbanking,HDFC,bank_timeout,3,0,512,2.1,0.0,True
txn_005870,2025-05-14 02:39:51,3867.89,UPI,HDFC,bank_timeout,14,1,617,2.2,0.21,True
txn_005871,2026-02-19 00:23:35,345.29,Debit Card,IDFC,insufficient_funds,19,0,526,9.2,3.25,False
txn_005872,2025-03-26 07:02:30,304.7,Credit Card,SBI,otp_failure,26,3,177,6.3,0.0,False
txn_005873,2025-06-14 11:57:42,333.67,Credit Card,SBI,insufficient_funds,14,2,629,2.9,4.83,True
txn_005874,2025-11-19 09:08:44,1578.45,Credit Card,IDFC,insufficient_funds,19,0,670,3.0,3.07,False
txn_005875,2025-06-28 01:39:45,1495.96,Debit Card,Kotak,insufficient_funds,28,0,228,5.5,4.3,True
txn_005876,2026-07-09 08:16:35,141.01,Wallet,Yes Bank,insufficient_funds,9,3,607,0.9,4.19,False
txn_005877,2025-12-18 21:33:37,437.26,Debit Card,Axis,network_error,18,1,588,0.2,0.32,True
txn_005878,2025-12-15 19:03:30,593.64,Netbanking,SBI,expired_card,15,3,513,1.5,,False
txn_005879,2026-04-20 12:54:36,164.11,Netbanking,Kotak,network_error,20,2,725,1.0,0.89,True
txn_005880,2025-09-03 05:38:15,1749.42,UPI,Axis,bank_timeout,3,2,825,3.1,0.0,True
txn_005881,2026-07-24 15:50:06,332.58,Credit Card,Axis,expired_card,24,0,762,8.9,,False
txn_005882,2025-11-12 04:57:41,378.87,UPI,IDFC,expired_card,12,2,311,0.7,,False
txn_005883,2026-02-20 21:28:09,445.52,Netbanking,ICICI,insufficient_funds,20,2,631,2.8,3.66,True
txn_005884,2026-03-28 14:07:42,1050.39,Credit Card,SBI,expired_card,28,0,162,2.4,,False
txn_005885,2025-02-11 18:45:33,451.83,Debit Card,ICICI,otp_failure,11,1,61,0.7,0.04,True
txn_005886,2026-03-12 00:21:55,860.87,Netbanking,IDFC,insufficient_funds,12,2,675,0.1,4.48,True
txn_005887,2026-05-20 14:27:07,2604.92,Wallet,SBI,expired_card,20,1,506,1.1,,False
txn_005888,2025-02-11 00:51:15,1932.18,Wallet,SBI,insufficient_funds,11,1,533,2.2,4.17,False
txn_005889,2026-02-23 16:09:40,683.1,Debit Card,SBI,otp_failure,23,3,847,2.2,0.49,False
txn_005890,2025-07-06 18:55:34,739.06,Credit Card,ICICI,insufficient_funds,6,3,177,0.3,3.38,True
txn_005891,2025-07-07 13:47:17,2031.29,Wallet,ICICI,invalid_cvv,7,4,44,5.9,0.2,False
txn_005892,2025-09-21 09:30:18,1317.48,Wallet,ICICI,bank_timeout,21,4,94,1.8,0.66,False
txn_005893,2025-07-21 16:22:48,1004.71,UPI,Yes Bank,bank_timeout,21,1,540,0.5,0.0,True
txn_005894,2026-03-03 08:22:34,997.08,Debit Card,SBI,insufficient_funds,3,0,779,1.5,4.03,False
txn_005895,2025-02-04 04:33:55,1818.15,Netbanking,PNB,bank_timeout,4,1,305,2.4,0.0,True
txn_005896,2025-06-09 11:04:34,354.53,Debit Card,Axis,network_error,9,1,637,3.4,1.01,True
txn_005897,2026-06-27 18:07:11,252.64,Credit Card,SBI,network_error,27,1,223,0.7,1.26,True
txn_005898,2026-05-01 07:51:45,1771.91,Netbanking,ICICI,invalid_cvv,1,0,378,0.4,1.58,False
txn_005899,2025-11-24 20:55:55,585.22,Wallet,ICICI,network_error,24,1,795,1.6,0.47,True
txn_005900,2026-07-28 00:29:27,456.14,UPI,PNB,insufficient_funds,28,1,403,1.0,3.42,True
txn_005901,2025-05-08 21:00:43,1073.26,UPI,Yes Bank,invalid_cvv,8,2,813,0.0,0.9,False
txn_005902,2025-01-24 06:29:49,326.25,Credit Card,HDFC,insufficient_funds,24,5,515,5.5,4.18,True
txn_005903,2025-01-22 05:18:55,1119.63,Credit Card,HDFC,otp_failure,22,2,657,0.1,0.0,True
txn_005904,2025-03-06 23:02:49,855.59,UPI,SBI,bank_timeout,6,2,364,0.0,0.6,True
txn_005905,2026-07-31 11:34:27,935.6,Wallet,ICICI,expired_card,31,0,309,0.4,,True
txn_005906,2025-03-06 04:23:00,2312.96,Debit Card,PNB,insufficient_funds,6,0,170,0.1,3.88,False
txn_005907,2025-03-18 07:42:37,3703.0,Netbanking,Yes Bank,insufficient_funds,18,0,791,0.3,3.52,True
txn_005908,2025-02-14 11:10:19,336.27,Wallet,HDFC,bank_timeout,14,3,856,0.3,0.0,True
txn_005909,2026-07-13 15:20:00,344.12,Debit Card,Yes Bank,bank_timeout,13,1,204,2.7,0.45,True
txn_005910,2025-08-31 23:50:07,70.63,Netbanking,ICICI,expired_card,31,0,285,7.0,,False
txn_005911,2026-01-27 11:36:55,838.29,UPI,Kotak,insufficient_funds,27,3,67,0.2,4.56,True
txn_005912,2025-07-22 13:44:24,1524.03,Debit Card,ICICI,insufficient_funds,22,2,491,1.7,3.63,False
txn_005913,2026-02-28 21:59:15,1128.59,Debit Card,PNB,expired_card,28,1,403,0.2,,False
txn_005914,2025-08-12 01:29:38,354.17,Netbanking,ICICI,otp_failure,12,2,53,0.1,0.0,False
txn_005915,2025-04-27 22:57:48,662.02,Debit Card,Kotak,invalid_cvv,27,2,107,0.1,0.46,False
txn_005916,2026-01-25 11:03:39,486.07,Wallet,HDFC,bank_timeout,25,1,114,0.3,0.0,False
txn_005917,2025-09-01 23:30:09,202.5,Netbanking,PNB,bank_timeout,1,2,723,1.2,0.0,True
txn_005918,2025-02-01 08:47:48,154.33,Wallet,IDFC,fraud_block,1,2,522,2.4,,False
txn_005919,2025-12-29 23:20:29,1319.99,Credit Card,HDFC,bank_timeout,29,2,422,0.0,0.0,True
txn_005920,2026-04-11 10:06:53,357.75,Credit Card,HDFC,insufficient_funds,11,0,350,1.5,4.17,True
txn_005921,2026-05-30 05:15:58,731.73,UPI,Axis,otp_failure,30,1,830,0.8,0.0,True
txn_005922,2025-10-21 12:29:13,1455.01,UPI,Yes Bank,otp_failure,21,0,710,0.1,0.0,False
txn_005923,2025-03-10 21:16:28,2203.69,UPI,Kotak,otp_failure,10,0,646,1.5,0.0,True
txn_005924,2026-02-16 16:34:21,349.38,Debit Card,IDFC,otp_failure,16,1,224,1.0,0.0,False
txn_005925,2025-10-21 09:13:58,14743.61,Wallet,ICICI,fraud_block,21,2,783,0.8,,False
txn_005926,2025-07-03 03:39:49,580.47,Netbanking,SBI,expired_card,3,0,734,5.5,,False
txn_005927,2025-07-29 06:09:10,698.19,Wallet,Axis,otp_failure,29,2,684,2.6,0.41,True
txn_005928,2025-09-07 19:48:43,865.19,UPI,HDFC,insufficient_funds,7,0,180,1.2,3.2,True
txn_005929,2025-10-12 10:39:40,536.83,UPI,SBI,invalid_cvv,12,1,850,0.5,1.06,False
txn_005930,2026-03-25 00:48:03,583.37,Netbanking,HDFC,otp_failure,25,1,516,2.5,0.0,True
txn_005931,2026-03-06 04:09:14,6803.03,Credit Card,PNB,insufficient_funds,6,2,204,0.5,3.46,True
txn_005932,2025-02-11 04:40:34,1667.92,Netbanking,Axis,insufficient_funds,11,1,799,1.2,3.89,True
txn_005933,2025-07-06 17:11:30,362.72,Netbanking,PNB,insufficient_funds,6,1,685,3.0,3.0,False
txn_005934,2026-04-26 02:03:11,633.84,UPI,HDFC,insufficient_funds,26,0,556,1.5,3.38,True
txn_005935,2026-04-30 23:37:29,633.4,Wallet,SBI,otp_failure,30,1,821,13.1,0.22,True
txn_005936,2025-04-08 16:27:39,1288.44,Credit Card,HDFC,expired_card,8,1,214,5.6,,False
txn_005937,2025-07-28 00:21:10,363.18,Credit Card,ICICI,expired_card,28,2,505,5.6,,False
txn_005938,2025-11-01 05:22:49,1277.03,UPI,ICICI,network_error,1,2,76,0.1,0.43,False
txn_005939,2026-03-08 16:44:26,978.06,Wallet,HDFC,bank_timeout,8,1,629,4.3,0.0,False
txn_005940,2025-07-23 04:43:23,1158.2,UPI,SBI,expired_card,23,3,27,5.7,,False
txn_005941,2026-03-02 05:43:24,1359.66,Netbanking,PNB,insufficient_funds,2,0,681,6.7,4.2,True
txn_005942,2025-07-13 09:58:56,640.75,Wallet,Axis,bank_timeout,13,4,759,3.4,0.55,True
txn_005943,2025-10-21 16:04:10,1258.7,Debit Card,ICICI,bank_timeout,21,2,629,1.9,0.0,True
txn_005944,2025-11-07 11:06:37,1724.5,UPI,Axis,otp_failure,7,0,250,0.1,0.0,False
txn_005945,2025-05-01 06:49:01,479.78,Credit Card,SBI,bank_timeout,1,1,741,1.3,0.0,True
txn_005946,2026-06-26 02:23:43,419.53,Netbanking,Kotak,expired_card,26,2,549,0.7,,False
txn_005947,2026-07-18 21:25:38,248.64,Debit Card,Kotak,insufficient_funds,18,1,409,3.9,4.74,False
txn_005948,2025-11-13 14:58:58,956.24,UPI,SBI,expired_card,13,1,99,1.7,,False
txn_005949,2025-01-17 02:03:02,662.18,Debit Card,IDFC,insufficient_funds,17,1,517,1.3,3.0,False
txn_005950,2026-07-11 21:40:59,574.83,Debit Card,Yes Bank,otp_failure,11,1,159,0.2,0.71,False
txn_005951,2026-07-15 23:42:21,705.39,Wallet,IDFC,expired_card,15,1,477,5.2,,False
txn_005952,2025-06-16 02:54:22,596.89,Credit Card,Kotak,insufficient_funds,16,0,456,1.8,3.45,False
txn_005953,2025-07-15 14:49:22,876.24,Credit Card,PNB,network_error,15,0,838,0.2,0.76,True
txn_005954,2025-02-01 16:10:22,182.26,Netbanking,Kotak,bank_timeout,1,2,258,6.7,0.06,True
txn_005955,2026-05-06 14:28:47,618.14,Netbanking,SBI,expired_card,6,2,209,3.5,,False
txn_005956,2025-10-03 11:38:28,1637.55,UPI,Kotak,insufficient_funds,3,2,145,1.0,3.63,True
txn_005957,2025-02-02 20:53:13,214.31,Debit Card,IDFC,bank_timeout,2,1,616,4.4,0.0,True
txn_005958,2025-06-27 22:20:35,936.35,UPI,Yes Bank,network_error,27,4,561,9.8,0.5,True
txn_005959,2026-02-27 03:00:01,271.0,Debit Card,Kotak,otp_failure,27,2,745,3.6,0.52,True
txn_005960,2025-05-29 21:01:33,1104.81,Credit Card,ICICI,network_error,29,0,495,1.9,0.37,True
txn_005961,2025-12-31 22:18:15,676.56,Netbanking,Kotak,expired_card,31,1,345,0.3,,False
txn_005962,2025-11-16 09:10:02,297.48,UPI,Kotak,bank_timeout,16,2,639,1.1,0.26,True
txn_005963,2026-02-03 10:38:34,189.76,Wallet,HDFC,invalid_cvv,3,0,217,0.5,0.74,True
txn_005964,2025-06-25 10:27:17,260.85,Credit Card,Yes Bank,otp_failure,25,0,154,0.3,0.0,False
txn_005965,2025-07-07 12:49:51,399.96,Wallet,SBI,insufficient_funds,7,1,443,7.4,4.26,True
txn_005966,2025-08-02 22:26:48,460.89,UPI,SBI,expired_card,2,2,139,0.3,,False
txn_005967,2025-12-28 16:57:16,116.6,Wallet,HDFC,bank_timeout,28,2,732,2.2,0.44,True
txn_005968,2026-06-08 06:15:50,693.22,UPI,HDFC,bank_timeout,8,0,563,0.9,0.28,True
txn_005969,2025-08-14 00:19:42,420.41,Credit Card,Kotak,network_error,14,1,370,0.7,0.0,True
txn_005970,2025-07-05 11:52:24,3743.05,Debit Card,Axis,bank_timeout,5,1,236,3.1,0.01,True
txn_005971,2025-06-12 06:52:16,338.73,UPI,Axis,bank_timeout,12,0,703,2.0,0.0,False
txn_005972,2026-02-13 17:18:45,1246.33,UPI,Yes Bank,insufficient_funds,13,3,684,0.5,3.6,False
txn_005973,2026-07-05 14:26:41,261.88,Credit Card,IDFC,bank_timeout,5,0,482,1.7,0.0,True
txn_005974,2026-07-20 19:18:40,1408.46,Debit Card,SBI,invalid_cvv,20,0,140,0.0,0.66,False
txn_005975,2025-03-21 08:41:32,208.03,Credit Card,ICICI,otp_failure,21,0,18,1.1,0.0,True
txn_005976,2026-07-07 11:41:46,551.53,Wallet,PNB,invalid_cvv,7,2,609,1.4,0.8,True
txn_005977,2026-02-13 17:17:30,249.83,Netbanking,ICICI,expired_card,13,0,495,0.5,,True
txn_005978,2026-02-27 19:56:23,1451.89,Credit Card,Axis,network_error,27,2,239,0.7,0.0,False
txn_005979,2025-07-07 06:21:40,498.17,Wallet,ICICI,network_error,7,3,774,0.1,0.51,False
txn_005980,2026-05-06 00:20:10,2504.96,Debit Card,PNB,insufficient_funds,6,0,28,1.2,3.48,True
txn_005981,2025-06-18 09:06:51,2705.71,Debit Card,IDFC,network_error,18,0,414,2.5,0.31,True
txn_005982,2026-05-16 05:33:23,321.61,UPI,Axis,network_error,16,1,288,0.1,0.15,True
txn_005983,2025-01-31 10:56:55,293.36,Netbanking,HDFC,insufficient_funds,31,1,486,4.3,4.34,True
txn_005984,2026-07-16 20:25:22,204.27,Credit Card,ICICI,network_error,16,1,448,2.0,0.89,False
txn_005985,2026-04-21 06:10:47,281.64,Wallet,PNB,network_error,21,1,830,1.0,0.74,True
txn_005986,2025-09-12 07:56:37,295.12,Netbanking,ICICI,insufficient_funds,12,0,853,0.0,3.63,True
txn_005987,2025-12-25 14:57:23,2560.38,Wallet,IDFC,insufficient_funds,25,0,516,0.8,4.7,True
txn_005988,2026-03-06 04:16:30,522.09,Wallet,HDFC,invalid_cvv,6,1,523,5.1,0.35,False
txn_005989,2025-01-09 06:56:21,410.56,Debit Card,Axis,expired_card,9,2,321,0.1,,False
txn_005990,2025-01-21 15:17:12,1071.9,Credit Card,ICICI,insufficient_funds,21,1,503,3.7,5.45,True
txn_005991,2025-09-17 21:10:52,1094.8,Netbanking,ICICI,insufficient_funds,17,1,306,0.9,3.73,True
txn_005992,2026-03-03 23:54:16,931.94,Debit Card,HDFC,network_error,3,2,848,2.1,0.0,True
txn_005993,2025-07-09 19:40:55,697.08,Netbanking,Yes Bank,invalid_cvv,9,1,417,3.5,1.14,True
txn_005994,2026-01-02 19:48:25,256.04,Netbanking,Kotak,invalid_cvv,2,2,491,0.7,0.35,False
txn_005995,2026-07-21 10:24:47,291.06,UPI,ICICI,insufficient_funds,21,0,272,2.9,3.79,False
txn_005996,2026-07-17 22:50:03,982.28,Netbanking,HDFC,otp_failure,17,1,586,3.6,0.0,True
txn_005997,2026-04-28 09:21:43,207.7,Debit Card,IDFC,network_error,28,2,803,4.3,0.0,True
txn_005998,2025-10-13 18:14:36,1803.38,Wallet,Yes Bank,bank_timeout,13,1,226,2.2,0.07,False
txn_005999,2025-04-15 00:34:01,323.48,Credit Card,ICICI,bank_timeout,15,1,26,0.2,0.0,True
txn_006000,2025-08-30 17:42:27,3265.99,Wallet,ICICI,bank_timeout,30,1,6,4.9,0.63,True
txn_006001,2025-04-06 16:07:23,179.57,Wallet,Kotak,bank_timeout,6,1,153,0.5,0.0,False
txn_006002,2025-03-26 13:13:31,1589.89,Wallet,Kotak,otp_failure,26,1,163,1.6,0.01,True
txn_006003,2025-06-25 10:02:20,172.52,Debit Card,IDFC,invalid_cvv,25,3,485,0.1,1.3,False
txn_006004,2026-02-16 13:50:16,148.47,Netbanking,Yes Bank,bank_timeout,16,3,464,0.0,1.03,True
txn_006005,2025-01-21 11:41:13,204.02,Wallet,SBI,bank_timeout,21,2,429,1.3,0.0,False
txn_006006,2025-11-13 08:13:52,3611.6,Debit Card,SBI,bank_timeout,13,0,349,0.5,0.39,True
txn_006007,2026-07-16 12:50:25,421.53,Debit Card,Axis,insufficient_funds,16,5,355,3.3,3.39,False
txn_006008,2026-04-17 03:15:11,1482.87,Wallet,SBI,insufficient_funds,17,0,320,2.5,3.61,True
txn_006009,2025-02-27 02:10:05,611.82,Debit Card,PNB,insufficient_funds,27,1,414,4.7,4.61,False
txn_006010,2025-08-02 14:44:17,1168.53,UPI,Yes Bank,bank_timeout,2,0,744,0.8,0.09,True
txn_006011,2025-11-21 21:05:56,1387.58,Credit Card,ICICI,otp_failure,21,1,259,1.2,0.0,True
txn_006012,2025-07-18 04:17:27,1057.82,Credit Card,Kotak,insufficient_funds,18,1,8,0.7,4.22,False
txn_006013,2025-04-12 00:21:12,912.25,Wallet,IDFC,insufficient_funds,12,0,12,0.1,3.69,True
txn_006014,2025-02-03 06:50:45,1029.07,UPI,HDFC,fraud_block,3,1,270,1.8,,False
txn_006015,2025-09-20 03:18:12,185.81,Debit Card,PNB,bank_timeout,20,0,304,1.0,0.84,True
txn_006016,2025-11-04 04:35:24,188.19,Netbanking,IDFC,bank_timeout,4,0,661,0.5,0.0,True
txn_006017,2025-02-06 00:10:59,422.0,Wallet,ICICI,insufficient_funds,6,0,849,0.2,3.71,False
txn_006018,2025-04-01 11:57:11,3519.55,Debit Card,IDFC,insufficient_funds,1,2,850,1.1,4.15,True
txn_006019,2025-01-14 22:57:47,677.59,Credit Card,Axis,expired_card,14,0,35,2.3,,False
txn_006020,2025-02-13 00:29:49,995.55,Wallet,Axis,insufficient_funds,13,0,496,8.5,4.48,False
txn_006021,2025-10-08 15:31:55,408.39,Netbanking,IDFC,insufficient_funds,8,4,654,2.4,3.48,False
txn_006022,2026-04-17 19:16:03,603.29,Credit Card,HDFC,otp_failure,17,2,308,0.2,0.0,True
txn_006023,2025-10-28 00:51:28,3173.21,Debit Card,PNB,invalid_cvv,28,3,93,0.6,1.52,False
txn_006024,2025-02-26 10:50:32,8593.35,UPI,Axis,bank_timeout,26,0,828,0.4,0.08,False
txn_006025,2025-03-19 15:07:25,1595.67,Debit Card,Axis,insufficient_funds,19,3,895,0.8,3.87,False
txn_006026,2025-07-17 07:24:17,374.51,UPI,Yes Bank,network_error,17,0,183,2.7,0.0,True
txn_006027,2025-02-10 10:19:15,3172.75,Netbanking,SBI,insufficient_funds,10,1,446,0.4,3.84,True
txn_006028,2025-12-05 20:06:41,717.97,Wallet,ICICI,otp_failure,5,3,692,1.3,0.0,True
txn_006029,2026-01-13 00:15:11,1169.56,Netbanking,IDFC,expired_card,13,1,380,1.7,,False
txn_006030,2026-03-13 00:42:40,253.95,Debit Card,Axis,otp_failure,13,2,111,1.4,0.46,True
txn_006031,2026-02-12 09:14:31,13286.93,UPI,Kotak,insufficient_funds,12,1,783,1.7,3.66,False
txn_006032,2025-02-01 08:01:35,351.2,Credit Card,Axis,insufficient_funds,1,1,692,1.0,4.58,False
txn_006033,2025-08-25 03:05:10,2690.04,Wallet,HDFC,otp_failure,25,1,164,1.0,0.23,True
txn_006034,2026-02-14 23:05:21,6328.78,Netbanking,Axis,invalid_cvv,14,2,14,0.1,0.0,False
txn_006035,2025-09-24 02:41:59,980.95,UPI,Axis,expired_card,24,0,286,0.7,,False
txn_006036,2026-01-06 09:48:56,795.78,Wallet,SBI,bank_timeout,6,4,837,0.3,0.8,True
txn_006037,2025-11-13 11:33:13,306.06,Credit Card,Axis,expired_card,13,1,593,0.9,,False
txn_006038,2025-07-01 13:22:06,1328.77,UPI,ICICI,network_error,1,0,37,2.3,0.99,True
txn_006039,2025-02-11 11:27:16,2310.44,Credit Card,Yes Bank,network_error,11,0,331,0.3,0.2,True
txn_006040,2025-12-17 17:12:06,614.6,Credit Card,HDFC,expired_card,17,1,305,0.6,,False
txn_006041,2026-01-30 02:36:42,743.26,UPI,ICICI,insufficient_funds,30,1,826,1.3,3.21,True
txn_006042,2025-08-13 17:52:03,700.42,UPI,SBI,bank_timeout,13,0,344,2.2,0.93,True
txn_006043,2025-01-13 06:02:07,940.42,Netbanking,Kotak,bank_timeout,13,3,750,0.8,0.86,True
txn_006044,2026-03-29 18:01:36,221.34,Debit Card,IDFC,bank_timeout,29,0,567,0.9,0.0,False
txn_006045,2026-04-10 08:44:18,629.81,Wallet,IDFC,network_error,10,0,590,0.2,0.62,True
txn_006046,2026-05-01 01:13:25,763.28,Wallet,IDFC,insufficient_funds,1,0,328,0.5,4.7,True
txn_006047,2026-05-26 03:06:09,1167.74,UPI,PNB,network_error,26,2,436,3.5,0.74,True
txn_006048,2025-03-11 15:17:03,260.9,Wallet,Kotak,bank_timeout,11,3,314,1.0,0.19,True
txn_006049,2025-04-23 18:22:15,2247.8,Wallet,Yes Bank,network_error,23,2,338,0.0,0.3,True
txn_006050,2026-03-26 22:33:14,1659.08,Netbanking,Axis,invalid_cvv,26,1,202,4.0,1.17,False
txn_006051,2025-04-25 03:00:29,2122.49,UPI,ICICI,otp_failure,25,0,664,3.3,0.0,True
txn_006052,2025-08-17 16:09:13,459.3,Credit Card,Kotak,insufficient_funds,17,4,384,7.9,3.79,False
txn_006053,2026-03-19 07:54:18,868.79,Wallet,Axis,expired_card,19,2,390,1.6,,False
txn_006054,2025-05-17 00:32:29,1315.46,Debit Card,ICICI,bank_timeout,17,2,821,5.8,0.33,True
txn_006055,2025-05-24 15:48:12,1794.86,Debit Card,Kotak,invalid_cvv,24,0,197,9.9,1.18,False
txn_006056,2025-04-20 17:52:40,137.28,Netbanking,IDFC,network_error,20,0,818,0.5,0.35,True
txn_006057,2026-03-15 00:08:24,3124.64,Wallet,HDFC,insufficient_funds,15,0,481,3.0,2.82,False
txn_006058,2025-11-13 18:17:56,189.05,Wallet,HDFC,otp_failure,13,2,32,2.5,0.0,False
txn_006059,2026-03-10 08:10:08,58.58,Netbanking,SBI,bank_timeout,10,1,52,0.7,0.29,True
txn_006060,2025-11-06 03:08:30,699.31,Credit Card,PNB,otp_failure,6,2,195,0.9,0.0,True
txn_006061,2025-11-21 10:33:37,368.07,Credit Card,PNB,network_error,21,2,228,4.2,0.0,False
txn_006062,2025-05-16 02:00:12,6095.26,Debit Card,Kotak,bank_timeout,16,2,150,0.1,0.24,True
txn_006063,2026-03-13 06:05:41,1024.66,Debit Card,Axis,network_error,13,1,278,0.8,0.21,True
txn_006064,2025-09-11 00:56:37,2420.05,Wallet,Yes Bank,bank_timeout,11,1,178,4.0,0.5,False
txn_006065,2026-05-21 00:24:44,922.96,Debit Card,SBI,insufficient_funds,21,1,328,1.1,3.3,True
txn_006066,2026-05-26 12:11:56,870.55,Wallet,HDFC,bank_timeout,26,1,239,0.0,0.48,True
txn_006067,2025-08-10 03:13:09,154.89,Credit Card,Yes Bank,otp_failure,10,1,302,3.1,0.0,True
txn_006068,2025-11-13 11:49:54,242.51,Credit Card,SBI,network_error,13,1,686,3.1,0.18,False
txn_006069,2026-06-24 22:24:20,7095.42,Wallet,IDFC,network_error,24,1,284,0.7,0.9,True
txn_006070,2025-09-23 03:02:01,420.97,Credit Card,SBI,bank_timeout,23,0,305,4.0,0.47,True
txn_006071,2025-11-12 12:41:36,233.15,Wallet,Yes Bank,bank_timeout,12,1,542,0.7,0.83,True
txn_006072,2026-02-27 22:13:24,264.85,Debit Card,IDFC,otp_failure,27,0,147,1.9,0.38,False
txn_006073,2026-05-29 08:24:57,396.74,UPI,ICICI,insufficient_funds,29,0,503,1.9,2.95,True
txn_006074,2026-03-04 16:11:16,2433.62,Netbanking,IDFC,expired_card,4,1,467,0.2,,False
txn_006075,2025-09-25 17:59:54,1811.41,Netbanking,ICICI,expired_card,25,3,533,1.7,,False
txn_006076,2025-06-18 06:18:54,170.2,Credit Card,PNB,insufficient_funds,18,2,57,0.0,4.5,True
txn_006077,2025-11-27 20:21:16,298.9,Credit Card,SBI,bank_timeout,27,3,840,4.6,0.0,True
txn_006078,2025-05-28 19:11:58,153.0,Wallet,Yes Bank,invalid_cvv,28,0,304,3.1,2.06,False
txn_006079,2026-03-20 21:39:46,697.55,UPI,ICICI,fraud_block,20,2,630,0.6,,False
txn_006080,2025-07-15 16:19:32,3464.0,Debit Card,Kotak,insufficient_funds,15,2,134,1.9,3.87,False
txn_006081,2025-11-06 15:45:23,328.94,Wallet,SBI,otp_failure,6,2,267,0.8,0.33,True
txn_006082,2025-07-06 21:07:26,664.64,Wallet,Kotak,network_error,6,0,256,0.9,0.79,True
txn_006083,2026-01-31 09:01:49,1650.29,UPI,HDFC,insufficient_funds,31,0,690,2.1,4.12,True
txn_006084,2025-01-23 21:03:51,3674.14,Debit Card,PNB,otp_failure,23,1,210,3.3,0.0,True
txn_006085,2025-06-23 18:43:00,319.29,Credit Card,HDFC,insufficient_funds,23,2,322,0.7,4.41,False
txn_006086,2026-06-03 15:08:04,338.19,Wallet,IDFC,insufficient_funds,3,1,530,1.3,4.35,True
txn_006087,2026-04-12 08:07:34,243.09,Netbanking,IDFC,insufficient_funds,12,2,282,6.6,4.67,True
txn_006088,2025-02-18 15:02:27,419.54,Credit Card,ICICI,insufficient_funds,18,1,459,2.9,4.63,False
txn_006089,2025-10-28 17:41:48,80.12,Wallet,Axis,network_error,28,0,273,2.4,0.39,False
txn_006090,2025-02-28 07:09:32,3017.06,Credit Card,Axis,expired_card,28,1,653,0.3,,False
txn_006091,2026-04-21 06:27:13,2382.48,UPI,HDFC,otp_failure,21,2,299,0.4,0.33,True
txn_006092,2025-02-07 05:13:18,837.74,Credit Card,IDFC,bank_timeout,7,0,264,1.2,0.0,True
txn_006093,2026-02-14 23:08:09,241.32,Credit Card,Kotak,bank_timeout,14,0,287,3.0,0.94,True
txn_006094,2025-03-04 05:15:17,539.21,UPI,ICICI,network_error,4,2,255,2.4,0.86,True
txn_006095,2026-07-28 00:17:25,3515.01,UPI,HDFC,expired_card,28,1,612,1.3,,True
txn_006096,2025-12-18 23:05:02,179.25,Netbanking,SBI,insufficient_funds,18,2,847,1.4,4.85,False
txn_006097,2026-05-04 23:25:28,356.89,Wallet,Axis,invalid_cvv,4,3,116,0.2,1.54,False
txn_006098,2026-03-29 09:53:12,152.33,Netbanking,IDFC,bank_timeout,29,1,805,0.8,0.95,True
txn_006099,2026-05-02 23:42:39,85.05,Debit Card,HDFC,invalid_cvv,2,1,179,2.4,0.34,True
txn_006100,2026-07-21 23:44:45,129.0,UPI,Axis,network_error,21,1,496,1.1,0.39,False
txn_006101,2026-05-11 03:54:54,839.81,UPI,Kotak,otp_failure,11,1,286,1.1,0.12,True
txn_006102,2025-01-14 01:30:30,1004.66,Netbanking,PNB,bank_timeout,14,0,794,1.8,0.0,True
txn_006103,2025-12-10 20:25:54,363.67,Wallet,Kotak,fraud_block,10,1,462,0.8,,False
txn_006104,2025-10-31 11:53:01,312.94,Debit Card,HDFC,bank_timeout,31,1,719,2.4,0.76,True
txn_006105,2026-07-09 19:48:12,889.46,Netbanking,SBI,insufficient_funds,9,2,121,3.7,4.06,False
txn_006106,2026-07-18 22:00:58,399.76,Netbanking,IDFC,bank_timeout,18,0,307,1.4,0.43,True
txn_006107,2026-06-06 11:40:50,921.32,Debit Card,SBI,insufficient_funds,6,0,108,0.8,3.96,False
txn_006108,2025-09-25 14:53:11,609.94,Credit Card,ICICI,expired_card,25,3,712,1.3,,False
txn_006109,2026-01-18 05:17:56,1338.73,Netbanking,IDFC,bank_timeout,18,1,101,0.5,0.0,True
txn_006110,2025-02-07 01:06:04,519.92,Debit Card,ICICI,expired_card,7,2,414,0.3,,False
txn_006111,2025-07-24 16:51:04,849.64,Credit Card,IDFC,insufficient_funds,24,0,25,5.0,3.53,False
txn_006112,2026-02-11 23:43:19,2519.07,Wallet,Kotak,fraud_block,11,2,227,1.8,,False
txn_006113,2025-02-22 03:55:03,1629.12,Debit Card,Axis,insufficient_funds,22,1,46,1.5,4.52,False
txn_006114,2025-06-07 09:58:34,620.16,Netbanking,Axis,invalid_cvv,7,1,737,1.6,0.44,False
txn_006115,2025-03-11 06:33:47,93.45,Debit Card,Yes Bank,expired_card,11,3,277,0.1,,False
txn_006116,2025-10-05 23:20:48,1786.7,Debit Card,Axis,expired_card,5,3,464,0.8,,False
txn_006117,2025-09-25 18:26:24,757.31,Netbanking,ICICI,otp_failure,25,1,731,1.9,0.0,True
txn_006118,2025-12-29 21:06:17,343.59,Wallet,ICICI,insufficient_funds,29,0,797,3.7,3.52,True
txn_006119,2025-12-27 14:20:28,1596.29,Credit Card,Axis,bank_timeout,27,2,209,1.5,0.6,True
txn_006120,2025-05-08 14:16:05,568.26,Credit Card,ICICI,insufficient_funds,8,0,402,1.3,2.54,True
txn_006121,2026-04-14 07:22:37,1406.25,Debit Card,HDFC,insufficient_funds,14,3,714,1.3,3.86,False
txn_006122,2025-10-23 00:32:09,619.36,Credit Card,Axis,expired_card,23,3,380,2.4,,False
txn_006123,2025-11-24 16:46:40,186.22,Debit Card,Yes Bank,bank_timeout,24,1,713,3.0,0.0,True
txn_006124,2025-04-13 19:17:59,573.23,Netbanking,PNB,network_error,13,1,123,0.8,0.0,True
txn_006125,2026-03-01 04:16:48,58.61,Wallet,Yes Bank,insufficient_funds,1,0,713,2.7,3.82,True
txn_006126,2025-10-20 00:47:45,1300.58,Credit Card,Axis,fraud_block,20,2,224,1.5,,False
txn_006127,2025-06-19 12:32:39,454.08,Netbanking,ICICI,otp_failure,19,2,332,0.2,0.0,False
txn_006128,2026-06-03 18:06:48,627.33,Wallet,Kotak,fraud_block,3,0,141,0.3,,False
txn_006129,2025-08-27 12:43:34,4032.7,UPI,HDFC,network_error,27,2,738,2.1,0.0,True
txn_006130,2026-07-18 21:22:18,1540.3,Debit Card,Yes Bank,insufficient_funds,18,2,369,0.7,4.48,True
txn_006131,2025-02-07 02:47:19,642.69,Debit Card,IDFC,otp_failure,7,3,360,1.1,0.0,False
txn_006132,2025-08-17 08:51:53,393.35,Wallet,HDFC,network_error,17,2,793,1.8,0.0,True
txn_006133,2025-03-15 09:54:37,264.25,Netbanking,Kotak,fraud_block,15,2,102,2.0,,False
txn_006134,2025-08-10 04:19:21,479.19,Credit Card,Axis,expired_card,10,1,25,1.2,,True
txn_006135,2025-12-17 21:01:07,366.94,Debit Card,Kotak,expired_card,17,3,336,2.6,,False
txn_006136,2025-03-20 22:14:56,1045.02,Netbanking,PNB,otp_failure,20,0,218,0.8,0.82,True
txn_006137,2026-02-19 21:52:15,2160.57,Credit Card,SBI,network_error,19,0,99,0.1,0.0,True
txn_006138,2025-12-26 18:46:06,327.99,Netbanking,SBI,bank_timeout,26,0,346,0.8,0.0,True
txn_006139,2025-05-25 23:22:37,1108.96,Credit Card,HDFC,expired_card,25,0,537,2.3,,False
txn_006140,2025-05-06 10:08:53,979.06,Credit Card,PNB,bank_timeout,6,1,619,1.3,0.0,True
txn_006141,2026-04-03 11:37:36,109.02,Wallet,SBI,bank_timeout,3,2,471,0.8,0.0,True
txn_006142,2025-03-21 11:43:04,842.47,Debit Card,Kotak,expired_card,21,0,391,2.2,,False
txn_006143,2026-02-08 10:46:27,695.16,Netbanking,SBI,invalid_cvv,8,1,14,5.3,1.77,False
txn_006144,2026-03-21 16:32:32,1300.24,Wallet,Yes Bank,otp_failure,21,5,511,0.8,0.0,False
txn_006145,2026-07-25 12:57:59,1123.81,Netbanking,PNB,insufficient_funds,25,0,590,0.8,4.04,False
txn_006146,2025-07-01 15:33:01,468.31,Netbanking,Axis,otp_failure,1,3,897,2.3,0.0,True
txn_006147,2026-02-23 22:23:50,1753.02,Debit Card,ICICI,otp_failure,23,1,221,5.5,0.0,True
txn_006148,2026-02-05 05:53:38,610.22,Debit Card,Yes Bank,bank_timeout,5,0,696,2.7,0.28,True
txn_006149,2025-11-14 05:35:49,133.48,Credit Card,Yes Bank,bank_timeout,14,0,610,1.6,0.47,True
txn_006150,2025-06-27 19:09:35,623.39,Wallet,PNB,expired_card,27,0,148,5.1,,False
txn_006151,2026-07-28 19:57:33,334.38,Credit Card,PNB,bank_timeout,28,0,278,2.0,0.06,True
txn_006152,2026-06-30 21:30:06,167.71,Wallet,IDFC,insufficient_funds,30,0,882,5.2,2.95,True
txn_006153,2025-11-09 20:23:21,1166.54,Credit Card,PNB,network_error,9,2,601,1.0,1.03,False
txn_006154,2026-01-07 12:33:15,686.68,Credit Card,IDFC,network_error,7,2,6,2.5,0.0,True
txn_006155,2026-01-21 14:46:02,1473.43,Debit Card,IDFC,bank_timeout,21,4,191,1.6,0.57,False
txn_006156,2026-02-07 13:23:25,6849.86,Debit Card,HDFC,insufficient_funds,7,1,334,3.2,3.76,False
txn_006157,2025-10-11 13:42:07,2059.07,Credit Card,IDFC,bank_timeout,11,4,147,1.7,0.55,True
txn_006158,2026-02-24 21:53:57,2805.43,Debit Card,ICICI,insufficient_funds,24,1,98,0.9,3.75,False
txn_006159,2026-05-27 18:58:57,236.73,Debit Card,SBI,bank_timeout,27,2,895,0.2,0.0,True
txn_006160,2025-06-23 21:57:05,205.61,UPI,Yes Bank,insufficient_funds,23,1,287,0.4,3.77,False
txn_006161,2026-06-08 10:05:25,626.23,Debit Card,ICICI,network_error,8,0,615,2.0,0.53,False
txn_006162,2025-11-02 12:42:05,2298.15,UPI,HDFC,insufficient_funds,2,1,92,2.5,4.48,False
txn_006163,2025-09-18 05:48:13,577.13,Wallet,PNB,insufficient_funds,18,0,761,1.5,3.41,False
txn_006164,2025-03-23 11:29:41,493.89,UPI,IDFC,insufficient_funds,23,0,7,0.0,3.62,True
txn_006165,2026-03-19 06:58:41,1197.87,Debit Card,ICICI,insufficient_funds,19,1,672,3.2,3.98,True
txn_006166,2026-02-11 02:23:47,376.18,Debit Card,ICICI,bank_timeout,11,0,146,0.5,0.95,False
txn_006167,2026-03-20 05:05:43,1914.83,Debit Card,Yes Bank,otp_failure,20,2,876,1.9,0.0,False
txn_006168,2026-03-18 01:48:31,212.86,Netbanking,PNB,otp_failure,18,3,231,0.5,0.53,False
txn_006169,2026-04-07 12:09:11,2128.08,Credit Card,Kotak,bank_timeout,7,0,762,1.2,0.14,True
txn_006170,2025-07-02 16:48:12,248.89,Netbanking,Kotak,insufficient_funds,2,2,225,12.2,3.68,True
txn_006171,2026-03-01 15:42:48,621.37,Credit Card,SBI,insufficient_funds,1,1,250,1.6,4.61,True
txn_006172,2025-04-09 13:06:15,126.47,Credit Card,Yes Bank,otp_failure,9,1,882,1.7,0.0,True
txn_006173,2025-01-27 08:08:50,601.96,Wallet,Axis,otp_failure,27,1,32,2.8,0.46,True
txn_006174,2026-05-30 10:25:11,217.84,Wallet,IDFC,bank_timeout,30,3,536,2.7,0.99,True
txn_006175,2026-07-13 14:39:12,143.19,Wallet,Kotak,insufficient_funds,13,1,395,1.9,4.75,False
txn_006176,2026-01-30 01:53:55,140.14,UPI,SBI,otp_failure,30,2,52,0.8,0.71,False
txn_006177,2025-08-20 13:40:53,292.42,Wallet,Yes Bank,bank_timeout,20,1,405,4.5,0.16,False
txn_006178,2026-07-26 05:18:36,1152.18,Wallet,ICICI,bank_timeout,26,1,423,4.1,0.0,True
txn_006179,2026-05-18 18:00:05,605.61,Credit Card,Kotak,bank_timeout,18,1,290,2.4,0.54,True
txn_006180,2025-09-27 08:26:09,526.07,Netbanking,PNB,bank_timeout,27,1,481,3.0,0.88,True
txn_006181,2025-01-28 19:21:02,265.96,Netbanking,ICICI,insufficient_funds,28,3,894,1.0,3.45,True
txn_006182,2025-10-05 05:48:14,350.39,Debit Card,Axis,fraud_block,5,0,370,2.1,,False
txn_006183,2026-02-27 12:18:55,1433.52,Netbanking,PNB,bank_timeout,27,0,638,5.9,0.0,True
txn_006184,2025-10-31 07:22:35,306.52,Netbanking,Axis,insufficient_funds,31,5,150,0.4,4.08,True
txn_006185,2026-02-23 20:43:23,2052.8,Debit Card,HDFC,insufficient_funds,23,1,551,0.3,3.18,True
txn_006186,2026-04-24 03:17:47,350.65,Netbanking,Kotak,insufficient_funds,24,2,345,1.3,3.57,True
txn_006187,2025-10-23 12:04:12,319.64,Credit Card,ICICI,bank_timeout,23,2,605,1.0,0.64,False
txn_006188,2026-07-13 18:45:02,71.1,Netbanking,PNB,insufficient_funds,13,2,19,0.1,4.08,False
txn_006189,2026-04-20 03:16:33,200.21,Wallet,PNB,expired_card,20,1,897,4.3,,True
txn_006190,2025-10-26 15:07:20,2047.59,Wallet,SBI,insufficient_funds,26,0,698,1.8,3.74,False
txn_006191,2026-04-30 09:30:55,418.66,Wallet,IDFC,otp_failure,30,3,798,2.0,0.0,False
txn_006192,2026-01-28 20:53:52,1367.76,Netbanking,SBI,insufficient_funds,28,2,136,0.9,3.41,True
txn_006193,2025-04-11 13:49:20,1348.39,UPI,Axis,bank_timeout,11,0,660,1.8,0.39,True
txn_006194,2026-01-19 15:05:48,235.76,Credit Card,Yes Bank,insufficient_funds,19,3,810,1.0,4.07,False
txn_006195,2026-06-14 09:15:00,1770.93,Wallet,HDFC,otp_failure,14,2,613,2.9,0.0,False
txn_006196,2025-11-06 14:19:27,278.42,Debit Card,Axis,insufficient_funds,6,0,552,0.9,3.43,False
txn_006197,2025-10-14 08:42:37,753.58,Credit Card,Kotak,insufficient_funds,14,1,33,0.0,3.75,True
txn_006198,2025-01-24 05:20:04,512.67,UPI,IDFC,insufficient_funds,24,1,416,0.2,4.0,False
txn_006199,2025-10-23 21:13:16,1226.31,Wallet,Yes Bank,invalid_cvv,23,1,228,0.4,1.1,False
txn_006200,2026-06-17 12:44:30,558.8,Netbanking,HDFC,invalid_cvv,17,0,82,6.1,0.43,True
txn_006201,2025-01-24 19:03:42,300.76,Credit Card,SBI,network_error,24,0,43,0.5,0.0,True
txn_006202,2025-08-06 04:04:02,1520.55,Wallet,SBI,network_error,6,0,147,1.7,0.0,True
txn_006203,2025-09-24 03:06:49,958.11,UPI,Kotak,insufficient_funds,24,1,592,1.7,4.83,False
txn_006204,2025-07-15 02:48:51,264.38,Debit Card,IDFC,otp_failure,15,2,136,2.2,0.0,True
txn_006205,2025-12-24 19:48:21,38.53,Wallet,IDFC,insufficient_funds,24,2,706,2.8,4.46,False
txn_006206,2025-06-02 07:42:14,228.61,Debit Card,Yes Bank,otp_failure,2,0,873,6.6,0.45,True
txn_006207,2026-04-20 21:05:15,273.41,UPI,SBI,fraud_block,20,1,885,2.9,,False
txn_006208,2026-05-11 18:47:49,651.38,Debit Card,SBI,invalid_cvv,11,1,37,2.3,1.39,True
txn_006209,2026-06-15 21:50:25,326.9,Wallet,Kotak,insufficient_funds,15,1,853,5.4,3.41,False
txn_006210,2025-10-31 23:57:06,683.69,Debit Card,Axis,insufficient_funds,31,1,638,4.0,2.55,True
txn_006211,2026-03-01 05:34:19,136.84,Wallet,ICICI,network_error,1,0,752,0.5,0.2,True
txn_006212,2025-09-22 05:31:40,404.95,Netbanking,SBI,insufficient_funds,22,1,401,0.7,4.59,True
txn_006213,2025-07-22 12:19:47,436.34,Credit Card,Yes Bank,fraud_block,22,2,215,1.7,,False
txn_006214,2025-05-25 22:30:34,157.91,Wallet,Yes Bank,insufficient_funds,25,1,361,4.0,4.01,False
txn_006215,2026-07-16 02:54:01,976.27,Netbanking,SBI,invalid_cvv,16,1,712,5.0,0.38,False
txn_006216,2025-09-24 16:31:13,909.73,Netbanking,SBI,bank_timeout,24,1,55,0.0,0.0,True
txn_006217,2026-03-23 23:02:51,328.23,Debit Card,IDFC,otp_failure,23,0,131,1.5,0.0,False
txn_006218,2026-04-03 14:04:18,2095.2,Debit Card,Axis,bank_timeout,3,0,344,1.4,0.77,True
txn_006219,2025-09-24 16:02:33,428.29,Wallet,Yes Bank,bank_timeout,24,1,305,7.0,0.0,True
txn_006220,2025-03-21 09:31:56,412.36,Debit Card,ICICI,fraud_block,21,0,847,0.2,,False
txn_006221,2026-03-11 21:55:02,2215.12,Netbanking,Yes Bank,insufficient_funds,11,0,419,4.9,4.2,False
txn_006222,2025-10-12 03:05:05,425.53,Credit Card,PNB,expired_card,12,1,621,1.8,,True
txn_006223,2026-02-08 01:38:57,1502.24,UPI,IDFC,network_error,8,1,548,4.0,0.08,True
txn_006224,2026-03-10 22:38:29,166.73,UPI,HDFC,otp_failure,10,0,457,2.8,0.87,True
txn_006225,2026-04-19 17:03:32,2449.03,UPI,PNB,insufficient_funds,19,2,14,0.3,4.75,True
txn_006226,2026-06-13 06:02:24,1281.41,UPI,Kotak,insufficient_funds,13,0,85,0.9,3.83,False
txn_006227,2025-06-24 03:30:57,3761.43,Credit Card,Axis,bank_timeout,24,0,824,1.1,0.3,True
txn_006228,2025-08-27 03:47:55,588.92,Wallet,ICICI,bank_timeout,27,2,203,2.1,0.56,True
txn_006229,2026-06-09 14:51:59,402.08,Wallet,ICICI,insufficient_funds,9,0,738,0.3,3.44,False
txn_006230,2025-03-29 22:08:34,903.71,Netbanking,PNB,expired_card,29,1,120,6.4,,False
txn_006231,2025-05-09 00:22:20,888.25,Credit Card,Axis,network_error,9,0,198,2.5,0.0,True
txn_006232,2026-02-10 02:15:30,957.25,UPI,Axis,otp_failure,10,2,698,2.0,0.0,False
txn_006233,2025-07-29 01:01:02,419.58,Credit Card,ICICI,insufficient_funds,29,2,743,1.7,3.95,False
txn_006234,2025-10-10 21:37:17,4855.27,Debit Card,IDFC,insufficient_funds,10,0,374,1.2,3.69,False
txn_006235,2025-08-27 21:42:56,197.39,Credit Card,Yes Bank,insufficient_funds,27,0,616,2.8,3.88,False
txn_006236,2025-08-17 02:01:57,623.76,Netbanking,ICICI,network_error,17,0,801,4.1,0.0,True
txn_006237,2025-09-11 19:23:37,583.06,UPI,Axis,expired_card,11,2,144,0.8,,True
txn_006238,2025-03-25 06:46:01,2204.07,Debit Card,SBI,otp_failure,25,2,803,0.6,0.0,False
txn_006239,2025-10-12 08:47:14,350.15,Wallet,Axis,network_error,12,3,281,3.7,0.48,True
txn_006240,2025-11-22 19:44:35,114.78,Netbanking,ICICI,otp_failure,22,0,123,0.3,0.0,False
txn_006241,2025-07-04 23:24:57,408.59,Netbanking,PNB,bank_timeout,4,1,286,3.1,0.0,True
txn_006242,2025-09-04 11:16:40,527.25,Credit Card,HDFC,otp_failure,4,2,829,3.2,0.0,True
txn_006243,2026-04-28 04:00:23,787.65,UPI,SBI,otp_failure,28,1,298,3.8,0.13,False
txn_006244,2026-06-26 11:22:08,894.87,Credit Card,Kotak,network_error,26,0,472,5.6,0.33,False
txn_006245,2025-03-09 16:21:07,1304.02,Credit Card,Yes Bank,otp_failure,9,0,427,2.0,0.0,True
txn_006246,2025-05-18 17:34:22,263.51,Netbanking,IDFC,bank_timeout,18,0,766,2.1,0.0,True
txn_006247,2026-04-24 05:49:46,391.71,Wallet,ICICI,insufficient_funds,24,1,600,0.9,3.67,False
txn_006248,2026-06-25 15:51:02,699.79,Wallet,PNB,otp_failure,25,1,592,1.8,0.67,True
txn_006249,2026-03-13 02:51:00,1947.23,Credit Card,SBI,network_error,13,3,311,1.0,0.45,True
txn_006250,2026-01-07 06:49:24,1336.39,Credit Card,Kotak,insufficient_funds,7,1,253,5.4,4.02,True
txn_006251,2025-10-08 09:16:40,418.39,Debit Card,Axis,invalid_cvv,8,2,598,0.8,0.85,False
txn_006252,2026-02-04 10:25:20,312.62,Wallet,Yes Bank,otp_failure,4,0,531,0.5,0.36,False
txn_006253,2025-11-09 09:25:56,331.45,Debit Card,SBI,expired_card,9,0,625,4.0,,True
txn_006254,2025-09-15 00:17:48,267.59,Wallet,IDFC,bank_timeout,15,2,650,0.9,0.52,False
txn_006255,2025-11-20 04:21:04,315.17,Credit Card,Yes Bank,fraud_block,20,0,248,1.5,,False
txn_006256,2026-03-30 06:28:46,1347.22,Wallet,IDFC,network_error,30,1,367,4.8,0.84,True
txn_006257,2025-12-16 08:30:02,56.43,Wallet,PNB,expired_card,16,3,377,3.3,,False
txn_006258,2025-08-06 02:58:03,171.5,UPI,SBI,otp_failure,6,0,91,0.1,0.0,True
txn_006259,2025-04-18 08:35:24,963.29,Netbanking,Yes Bank,expired_card,18,0,323,1.4,,False
txn_006260,2026-02-01 06:58:23,613.83,UPI,Kotak,bank_timeout,1,2,879,3.3,0.0,True
txn_006261,2026-02-25 11:29:07,1098.11,UPI,IDFC,expired_card,25,2,546,2.1,,False
txn_006262,2025-10-10 12:02:28,461.19,UPI,Kotak,insufficient_funds,10,0,538,0.0,3.59,True
txn_006263,2025-05-19 01:58:05,574.68,Wallet,SBI,bank_timeout,19,0,434,4.4,0.0,False
txn_006264,2025-08-25 13:04:08,3481.08,Wallet,ICICI,insufficient_funds,25,0,164,2.8,3.89,False
txn_006265,2025-03-06 10:49:10,865.76,Netbanking,Yes Bank,invalid_cvv,6,0,240,5.5,0.43,False
txn_006266,2025-01-20 17:24:39,418.4,Debit Card,HDFC,bank_timeout,20,4,325,0.9,0.97,False
txn_006267,2025-01-31 14:30:36,524.55,Credit Card,SBI,invalid_cvv,31,2,166,2.3,1.54,False
txn_006268,2025-08-27 07:56:09,494.12,UPI,Axis,expired_card,27,2,654,0.1,,False
txn_006269,2026-04-01 10:00:29,1220.07,Debit Card,ICICI,network_error,1,0,108,2.7,0.0,False
txn_006270,2025-07-03 15:12:41,1794.63,Debit Card,ICICI,bank_timeout,3,1,288,3.2,0.08,True
txn_006271,2025-09-11 04:40:59,279.14,UPI,ICICI,bank_timeout,11,2,172,0.6,0.42,True
txn_006272,2025-06-11 19:48:44,265.01,Credit Card,Yes Bank,insufficient_funds,11,0,284,0.4,3.73,True
txn_006273,2025-09-22 00:45:00,323.72,Netbanking,HDFC,insufficient_funds,22,0,333,0.3,4.08,False
txn_006274,2026-02-10 06:48:46,3509.06,Debit Card,IDFC,network_error,10,0,34,5.3,0.0,True
txn_006275,2026-03-08 12:07:44,291.74,Debit Card,ICICI,insufficient_funds,8,3,330,5.5,3.62,False
txn_006276,2025-08-09 12:27:22,193.41,UPI,Kotak,insufficient_funds,9,2,155,4.5,3.78,False
txn_006277,2026-02-08 17:56:32,657.18,Wallet,IDFC,network_error,8,0,159,10.3,0.0,True
txn_006278,2025-10-27 16:18:40,114.13,Wallet,PNB,network_error,27,0,797,0.9,0.33,True
txn_006279,2025-04-22 21:42:13,4036.45,Netbanking,Axis,bank_timeout,22,2,72,1.9,0.11,False
txn_006280,2025-11-25 14:38:23,631.33,Netbanking,PNB,otp_failure,25,0,625,9.1,0.59,False
txn_006281,2026-07-13 17:51:24,2026.98,UPI,IDFC,otp_failure,13,0,676,0.7,0.0,True
txn_006282,2025-04-27 06:41:51,389.02,Credit Card,SBI,insufficient_funds,27,1,324,3.7,3.63,False
txn_006283,2025-10-12 12:13:01,595.18,Wallet,SBI,insufficient_funds,12,4,136,4.4,3.9,True
txn_006284,2025-10-14 11:34:13,2628.63,UPI,Axis,otp_failure,14,1,237,0.8,0.33,False
txn_006285,2025-02-24 01:18:41,689.67,Wallet,Axis,otp_failure,24,0,347,4.8,0.63,True
txn_006286,2025-05-15 06:36:11,2321.55,Wallet,ICICI,network_error,15,1,404,2.3,0.0,True
txn_006287,2026-07-27 11:32:11,1971.58,Debit Card,Axis,invalid_cvv,27,1,490,1.9,1.17,False
txn_006288,2025-02-18 20:49:53,38.23,Debit Card,Axis,invalid_cvv,18,2,30,0.1,0.9,False
txn_006289,2026-04-17 03:27:23,1040.84,Debit Card,HDFC,invalid_cvv,17,0,773,2.4,1.15,False
txn_006290,2026-05-02 22:29:09,1816.0,UPI,ICICI,insufficient_funds,2,2,392,0.7,4.39,True
txn_006291,2025-02-15 19:33:02,1441.85,Netbanking,HDFC,insufficient_funds,15,1,55,0.5,3.87,True
txn_006292,2025-03-11 18:56:37,202.7,Wallet,Axis,insufficient_funds,11,0,335,2.6,3.37,False
txn_006293,2025-11-19 15:01:14,1829.88,UPI,PNB,bank_timeout,19,2,783,4.2,0.26,False
txn_006294,2025-05-05 09:25:38,291.78,Debit Card,PNB,insufficient_funds,5,1,471,0.2,3.28,True
txn_006295,2025-09-25 23:23:54,889.97,Credit Card,SBI,bank_timeout,25,1,140,2.4,0.31,True
txn_006296,2026-01-02 08:23:36,666.5,Netbanking,ICICI,invalid_cvv,2,0,277,3.3,0.72,True
txn_006297,2026-06-01 15:25:51,1726.85,Netbanking,SBI,insufficient_funds,1,3,715,1.4,3.89,True
txn_006298,2025-05-21 07:50:36,2145.16,UPI,PNB,invalid_cvv,21,2,519,0.6,1.1,False
txn_006299,2025-12-27 14:27:37,197.95,UPI,Kotak,insufficient_funds,27,0,607,2.3,3.83,False
txn_006300,2025-10-10 02:18:13,2627.32,Wallet,Kotak,invalid_cvv,10,0,21,1.8,0.83,False
txn_006301,2026-01-11 19:18:26,310.18,Debit Card,IDFC,insufficient_funds,11,1,82,0.1,3.31,True
txn_006302,2025-05-01 04:50:27,2633.78,Wallet,HDFC,insufficient_funds,1,4,612,2.6,4.46,False
txn_006303,2025-09-10 18:32:02,1171.93,Debit Card,ICICI,network_error,10,0,239,2.6,0.45,True
txn_006304,2026-02-01 20:23:28,102.49,Netbanking,IDFC,fraud_block,1,1,366,1.9,,False
txn_006305,2026-05-26 20:00:14,1086.09,Wallet,Axis,expired_card,26,2,431,4.3,,False
txn_006306,2026-07-21 15:54:51,358.04,Credit Card,IDFC,insufficient_funds,21,0,650,2.9,4.2,False
txn_006307,2025-02-11 05:47:23,861.56,Wallet,SBI,insufficient_funds,11,0,45,4.1,3.63,False
txn_006308,2026-07-12 21:52:44,776.07,Netbanking,ICICI,otp_failure,12,2,35,3.3,0.0,False
txn_006309,2026-05-17 07:30:23,1250.64,Netbanking,SBI,expired_card,17,2,332,5.6,,False
txn_006310,2025-02-19 04:24:23,5868.56,Netbanking,Axis,insufficient_funds,19,1,808,0.7,4.02,True
txn_006311,2025-06-04 00:58:29,99.66,Netbanking,Axis,bank_timeout,4,1,170,1.5,0.0,False
txn_006312,2026-03-15 10:45:36,1020.0,Wallet,SBI,bank_timeout,15,2,173,0.6,0.81,True
txn_006313,2025-01-23 17:34:05,1242.54,UPI,SBI,expired_card,23,2,466,1.1,,False
txn_006314,2025-05-15 00:27:02,538.34,Debit Card,Axis,insufficient_funds,15,0,743,5.0,4.8,False
txn_006315,2026-07-30 13:08:24,207.55,Netbanking,SBI,network_error,30,1,496,1.4,0.85,True
txn_006316,2025-03-20 07:14:07,1737.88,Netbanking,Yes Bank,otp_failure,20,2,352,2.4,0.34,True
txn_006317,2026-05-26 11:58:26,437.59,Wallet,ICICI,network_error,26,1,55,5.0,0.0,False
txn_006318,2026-05-13 09:07:45,1040.44,UPI,Axis,invalid_cvv,13,1,364,0.3,1.05,False
txn_006319,2026-03-06 15:12:35,1462.81,Wallet,SBI,fraud_block,6,2,428,1.0,,False
txn_006320,2025-07-03 15:50:07,686.46,Debit Card,Yes Bank,insufficient_funds,3,0,793,2.8,4.33,True
txn_006321,2026-05-23 10:45:40,397.94,UPI,Axis,insufficient_funds,23,1,115,0.3,4.22,False
txn_006322,2026-03-25 15:20:25,511.53,Wallet,Axis,bank_timeout,25,1,610,0.3,0.03,True
txn_006323,2025-09-06 17:01:46,2497.53,Wallet,Kotak,insufficient_funds,6,1,44,4.6,3.29,True
txn_006324,2025-07-27 05:06:26,804.81,Netbanking,ICICI,expired_card,27,2,274,1.5,,False
txn_006325,2026-01-15 21:32:41,1114.39,Netbanking,PNB,insufficient_funds,15,1,484,2.5,4.28,False
txn_006326,2025-06-19 23:57:30,1186.06,Debit Card,IDFC,expired_card,19,1,554,2.4,,False
txn_006327,2025-08-14 03:03:40,1101.97,Debit Card,HDFC,insufficient_funds,14,1,681,4.2,3.66,False
txn_006328,2026-03-20 13:01:35,950.38,UPI,Kotak,insufficient_funds,20,0,403,9.0,4.24,False
txn_006329,2025-07-17 04:58:08,84.3,Wallet,PNB,otp_failure,17,0,872,2.6,0.0,True
txn_006330,2026-04-20 17:49:59,900.27,Credit Card,SBI,insufficient_funds,20,1,154,1.7,3.57,True
txn_006331,2025-12-14 01:27:13,142.89,Wallet,PNB,invalid_cvv,14,2,66,2.1,1.33,False
txn_006332,2025-01-03 02:06:34,942.36,Debit Card,SBI,fraud_block,3,1,877,3.7,,False
txn_006333,2025-12-08 20:50:09,850.13,Credit Card,SBI,otp_failure,8,1,878,0.6,0.0,True
txn_006334,2025-02-13 01:25:49,1438.75,UPI,Axis,bank_timeout,13,1,824,1.6,0.0,True
txn_006335,2026-06-02 20:34:16,1014.07,Wallet,PNB,expired_card,2,1,514,3.1,,False
txn_006336,2026-02-14 07:59:35,361.96,Netbanking,ICICI,expired_card,14,2,146,0.0,,False
txn_006337,2025-06-16 09:40:14,552.31,Netbanking,Yes Bank,insufficient_funds,16,2,181,0.1,2.71,False
txn_006338,2025-04-18 09:38:22,1087.74,Wallet,Axis,fraud_block,18,5,732,10.9,,False
txn_006339,2025-04-12 11:50:03,798.99,Debit Card,HDFC,expired_card,12,1,600,0.7,,False
txn_006340,2026-06-09 11:01:29,1646.97,Credit Card,SBI,network_error,9,1,466,4.0,0.74,True
txn_006341,2025-10-10 23:10:47,86.69,Netbanking,HDFC,invalid_cvv,10,2,185,1.9,1.53,False
txn_006342,2026-03-02 15:04:40,485.99,Debit Card,SBI,fraud_block,2,1,496,5.2,,False
txn_006343,2025-01-30 05:58:45,328.02,Credit Card,Kotak,expired_card,30,1,661,1.1,,False
txn_006344,2026-03-07 11:13:24,899.59,Netbanking,PNB,otp_failure,7,2,399,0.2,0.0,False
txn_006345,2026-02-07 19:51:07,1018.13,Wallet,PNB,bank_timeout,7,4,23,0.3,0.51,False
txn_006346,2025-09-29 07:39:53,243.48,Debit Card,Yes Bank,otp_failure,29,1,699,2.3,0.33,True
txn_006347,2026-06-03 08:15:59,477.21,Wallet,Yes Bank,invalid_cvv,3,2,794,2.5,1.01,False
txn_006348,2025-05-24 10:14:28,720.46,Debit Card,IDFC,bank_timeout,24,2,890,2.3,0.05,True
txn_006349,2025-02-17 06:54:15,1472.74,Credit Card,Axis,bank_timeout,17,1,867,0.4,0.47,True
txn_006350,2025-01-14 11:11:07,896.96,UPI,Kotak,insufficient_funds,14,1,264,0.0,3.95,True
txn_006351,2025-07-03 12:42:54,232.65,Netbanking,ICICI,otp_failure,3,1,274,4.6,0.0,False
txn_006352,2026-03-21 19:15:58,1098.25,Wallet,Yes Bank,network_error,21,1,627,5.7,0.77,False
txn_006353,2025-03-27 00:52:14,433.66,Netbanking,ICICI,insufficient_funds,27,2,108,0.5,3.84,False
txn_006354,2025-09-27 10:27:03,1519.95,Debit Card,Axis,insufficient_funds,27,3,384,4.7,3.22,False
txn_006355,2026-07-20 10:06:59,266.7,Wallet,ICICI,bank_timeout,20,3,725,0.4,0.0,False
txn_006356,2025-01-18 17:46:45,1945.34,Debit Card,SBI,insufficient_funds,18,0,812,0.2,3.6,True
txn_006357,2026-07-21 19:50:23,307.92,Wallet,Yes Bank,expired_card,21,1,589,2.3,,False
txn_006358,2026-05-31 18:00:47,729.9,Credit Card,ICICI,network_error,31,0,55,3.1,0.0,True
txn_006359,2025-08-24 04:25:37,1725.96,Debit Card,PNB,network_error,24,3,664,1.6,0.31,True
txn_006360,2025-08-04 07:05:15,1913.93,Wallet,Axis,insufficient_funds,4,0,339,2.8,4.46,True
txn_006361,2025-02-14 00:45:10,1580.19,Wallet,Axis,otp_failure,14,2,240,0.9,0.04,True
txn_006362,2025-01-04 19:34:30,174.56,Wallet,IDFC,fraud_block,4,1,335,3.5,,False
txn_006363,2026-01-01 03:14:09,807.42,Credit Card,Axis,insufficient_funds,1,1,70,3.6,4.73,False
txn_006364,2026-06-18 10:23:11,1533.76,Wallet,PNB,network_error,18,0,519,1.7,0.18,True
txn_006365,2025-03-14 04:19:34,1447.79,Wallet,ICICI,bank_timeout,14,1,814,0.5,0.0,False
txn_006366,2025-04-23 18:25:36,1483.42,Netbanking,HDFC,insufficient_funds,23,0,84,2.1,4.06,False
txn_006367,2026-05-07 21:23:38,336.79,Debit Card,SBI,bank_timeout,7,2,212,1.2,0.46,False
txn_006368,2025-03-31 18:11:13,358.67,Debit Card,SBI,bank_timeout,31,0,753,4.7,0.28,True
txn_006369,2025-04-02 17:09:21,518.47,Netbanking,IDFC,invalid_cvv,2,1,585,0.9,0.95,False
txn_006370,2025-12-29 09:10:29,702.51,Debit Card,HDFC,expired_card,29,0,458,2.6,,False
txn_006371,2025-03-31 10:50:53,1571.4,Wallet,ICICI,fraud_block,31,1,809,1.1,,False
txn_006372,2025-04-01 01:09:52,332.03,Credit Card,IDFC,insufficient_funds,1,2,534,0.4,4.65,True
txn_006373,2025-11-09 18:48:10,276.67,Credit Card,SBI,invalid_cvv,9,3,346,4.0,0.6,False
txn_006374,2025-05-21 08:37:20,374.17,Credit Card,ICICI,network_error,21,1,360,4.9,0.33,True
txn_006375,2026-04-25 15:10:57,1487.76,Credit Card,PNB,otp_failure,25,2,713,3.8,0.0,False
txn_006376,2025-04-16 14:58:37,2499.72,UPI,PNB,otp_failure,16,0,846,0.9,0.0,True
txn_006377,2025-07-13 03:36:59,109.56,Debit Card,Axis,network_error,13,2,5,0.2,0.0,True
txn_006378,2025-01-29 18:09:33,1043.73,UPI,Axis,bank_timeout,29,1,375,0.7,0.1,False
txn_006379,2025-12-02 02:47:02,347.15,Netbanking,Yes Bank,insufficient_funds,2,4,212,1.6,4.13,True
txn_006380,2025-06-11 20:53:35,1417.96,Wallet,HDFC,invalid_cvv,11,4,673,4.1,0.75,False
txn_006381,2026-05-28 21:34:40,10721.71,Debit Card,PNB,otp_failure,28,1,354,0.1,0.0,True
txn_006382,2026-05-21 08:33:26,407.13,UPI,ICICI,network_error,21,1,520,2.7,0.18,True
txn_006383,2025-04-27 05:20:18,533.65,UPI,SBI,bank_timeout,27,0,535,1.3,0.11,True
txn_006384,2025-03-20 00:41:07,1708.5,Credit Card,Kotak,invalid_cvv,20,1,694,0.2,0.63,True
txn_006385,2025-01-18 15:20:04,1507.41,Wallet,IDFC,expired_card,18,1,413,4.2,,False
txn_006386,2026-05-01 17:20:20,819.19,Wallet,SBI,insufficient_funds,1,3,458,1.4,3.82,False
txn_006387,2025-09-19 21:02:10,1195.9,Credit Card,Yes Bank,insufficient_funds,19,1,701,0.1,3.87,True
txn_006388,2025-04-15 13:45:51,3820.3,Debit Card,Kotak,bank_timeout,15,0,412,3.0,0.0,True
txn_006389,2025-10-19 17:15:41,1239.83,Debit Card,HDFC,insufficient_funds,19,0,264,1.0,4.29,True
txn_006390,2026-04-05 08:31:03,250.3,Debit Card,Yes Bank,fraud_block,5,1,194,0.5,,False
txn_006391,2025-09-29 20:00:46,288.96,Netbanking,ICICI,bank_timeout,29,0,476,0.7,0.1,True
txn_006392,2026-07-31 09:58:16,539.17,Credit Card,Axis,network_error,31,2,448,0.7,0.97,True
txn_006393,2026-07-10 21:07:04,910.33,Wallet,Yes Bank,invalid_cvv,10,1,110,0.7,0.74,True
txn_006394,2025-04-10 13:52:59,790.83,Wallet,PNB,bank_timeout,10,1,454,1.0,0.63,True
txn_006395,2025-01-14 06:33:12,543.34,Credit Card,Axis,insufficient_funds,14,2,700,9.7,3.77,False
txn_006396,2025-12-19 10:13:15,937.25,Credit Card,SBI,fraud_block,19,1,647,5.5,,False
txn_006397,2025-08-02 22:58:57,136.94,Debit Card,IDFC,bank_timeout,2,1,641,0.3,0.0,True
txn_006398,2025-10-06 20:32:40,435.95,Wallet,Yes Bank,bank_timeout,6,0,243,2.6,0.0,True
txn_006399,2026-02-24 03:36:22,3521.03,UPI,IDFC,expired_card,24,0,84,0.1,,False
txn_006400,2025-08-27 09:52:20,332.55,Debit Card,Axis,bank_timeout,27,0,801,0.8,0.0,True
txn_006401,2025-01-22 00:06:08,267.95,UPI,ICICI,expired_card,22,2,52,1.1,,True
txn_006402,2026-07-31 19:54:49,217.16,Debit Card,HDFC,otp_failure,31,1,724,0.3,0.0,False
txn_006403,2025-04-20 09:33:23,575.63,Netbanking,HDFC,bank_timeout,20,1,62,2.4,0.0,True
txn_006404,2025-11-25 03:13:16,3349.07,Credit Card,Yes Bank,expired_card,25,1,529,1.1,,False
txn_006405,2026-04-23 02:28:17,204.54,Debit Card,PNB,bank_timeout,23,0,641,0.5,0.0,False
txn_006406,2025-06-29 06:33:01,277.57,Wallet,PNB,insufficient_funds,29,1,145,2.5,4.66,True
txn_006407,2025-08-04 21:00:18,1215.24,Credit Card,SBI,expired_card,4,2,370,1.9,,False
txn_006408,2026-04-11 07:24:52,547.94,Wallet,HDFC,otp_failure,11,0,637,1.2,0.51,True
txn_006409,2025-12-11 04:15:15,735.76,Credit Card,IDFC,invalid_cvv,11,1,78,1.0,1.06,False
txn_006410,2025-11-28 00:55:22,83.42,Wallet,HDFC,bank_timeout,28,3,80,1.5,0.0,True
txn_006411,2025-11-17 06:35:45,1829.33,Debit Card,SBI,expired_card,17,3,348,0.9,,False
txn_006412,2025-04-09 05:48:35,1791.2,UPI,ICICI,network_error,9,0,300,4.4,0.34,True
txn_006413,2025-09-23 22:37:05,458.63,UPI,Kotak,insufficient_funds,23,0,892,1.0,3.25,False
txn_006414,2025-05-04 04:29:21,1914.29,Credit Card,Axis,otp_failure,4,1,62,0.1,0.14,False
txn_006415,2026-06-29 15:20:02,82.28,UPI,HDFC,insufficient_funds,29,0,539,0.1,3.69,True
txn_006416,2025-07-13 22:41:51,141.07,Credit Card,ICICI,bank_timeout,13,3,21,0.6,0.67,True
txn_006417,2025-01-14 02:17:44,1042.65,Wallet,Yes Bank,bank_timeout,14,0,430,1.2,0.0,True
txn_006418,2025-11-11 23:48:48,1274.52,Netbanking,PNB,insufficient_funds,11,3,437,0.5,3.87,False
txn_006419,2025-10-14 06:34:12,426.47,Netbanking,Kotak,insufficient_funds,14,0,258,0.4,4.75,False
txn_006420,2026-04-29 19:49:01,282.96,Credit Card,Yes Bank,insufficient_funds,29,1,884,1.5,4.34,False
txn_006421,2025-12-10 22:37:08,617.17,Wallet,Yes Bank,otp_failure,10,2,672,0.6,0.0,True
txn_006422,2025-10-16 22:01:10,516.04,UPI,IDFC,otp_failure,16,1,559,0.5,0.12,True
txn_006423,2025-05-14 23:18:24,3779.34,Debit Card,Kotak,otp_failure,14,1,5,1.3,0.0,True
txn_006424,2026-01-08 11:51:38,659.2,Credit Card,SBI,otp_failure,8,1,763,2.4,0.0,True
txn_006425,2025-07-15 00:50:05,1232.78,Netbanking,IDFC,otp_failure,15,3,144,0.2,0.34,False
txn_006426,2025-01-03 02:55:43,1097.83,Credit Card,HDFC,insufficient_funds,3,2,389,8.4,4.03,True
txn_006427,2026-03-08 00:51:27,3623.6,Credit Card,ICICI,bank_timeout,8,3,126,1.7,0.0,True
txn_006428,2026-02-04 09:03:58,1455.77,Credit Card,HDFC,invalid_cvv,4,1,657,3.9,0.49,False
txn_006429,2025-06-10 22:51:02,667.18,Credit Card,IDFC,bank_timeout,10,1,613,0.1,0.0,True
txn_006430,2026-03-07 04:23:18,666.34,Debit Card,ICICI,otp_failure,7,0,297,0.7,0.0,True
txn_006431,2025-12-16 00:02:22,1180.72,Netbanking,Kotak,otp_failure,16,2,828,0.1,0.2,True
txn_006432,2025-03-11 21:21:41,1803.98,Netbanking,SBI,invalid_cvv,11,3,623,1.4,0.08,True
txn_006433,2025-11-26 04:18:10,168.38,Wallet,HDFC,expired_card,26,1,712,2.5,,False
txn_006434,2026-02-27 19:50:29,293.63,Credit Card,ICICI,insufficient_funds,27,1,501,0.6,3.3,True
txn_006435,2026-07-19 11:50:43,477.8,UPI,PNB,insufficient_funds,19,0,812,3.6,4.21,True
txn_006436,2025-03-25 10:07:16,957.22,Debit Card,HDFC,insufficient_funds,25,2,302,1.9,3.09,True
txn_006437,2026-07-14 01:54:24,425.17,Credit Card,Yes Bank,network_error,14,0,9,0.4,0.0,True
txn_006438,2026-07-02 01:10:26,54.62,Credit Card,PNB,insufficient_funds,2,2,278,0.3,3.62,True
txn_006439,2025-03-07 13:58:56,55.04,Debit Card,HDFC,otp_failure,7,1,475,0.2,0.0,True
txn_006440,2025-11-14 08:36:38,687.6,Netbanking,ICICI,otp_failure,14,3,788,2.9,0.0,True
txn_006441,2025-07-11 11:08:56,171.46,Credit Card,PNB,bank_timeout,11,4,414,0.6,0.79,True
txn_006442,2026-07-08 12:13:22,742.77,Debit Card,Yes Bank,network_error,8,0,807,2.9,0.43,True
txn_006443,2025-03-03 21:51:24,2097.47,Credit Card,Kotak,network_error,3,1,230,1.1,0.02,True
txn_006444,2025-10-08 11:47:08,368.17,Wallet,Kotak,insufficient_funds,8,0,133,1.2,4.71,False
txn_006445,2026-01-18 04:09:44,100.35,UPI,Axis,expired_card,18,1,740,3.2,,False
txn_006446,2025-11-08 04:02:40,145.87,Debit Card,ICICI,insufficient_funds,8,0,867,1.4,4.2,True
txn_006447,2026-07-01 20:43:05,539.8,Debit Card,HDFC,insufficient_funds,1,2,445,5.0,4.26,False
txn_006448,2025-01-14 12:54:41,943.61,Wallet,IDFC,otp_failure,14,1,356,1.6,0.0,True
txn_006449,2025-05-22 03:36:56,265.48,UPI,Yes Bank,otp_failure,22,4,364,2.9,0.66,True
txn_006450,2025-12-14 01:19:31,132.03,Netbanking,IDFC,fraud_block,14,1,189,1.6,,False
txn_006451,2026-04-09 01:13:59,1698.41,UPI,PNB,otp_failure,9,1,54,0.1,0.0,False
txn_006452,2025-01-24 01:21:02,351.92,Debit Card,ICICI,bank_timeout,24,0,637,0.5,0.0,True
txn_006453,2026-03-12 22:36:17,272.42,Credit Card,Yes Bank,bank_timeout,12,1,67,2.5,0.0,True
txn_006454,2025-06-04 12:58:21,877.36,Debit Card,IDFC,bank_timeout,4,0,389,5.6,0.32,True
txn_006455,2025-05-02 14:56:45,1425.02,Netbanking,Kotak,insufficient_funds,2,1,352,3.9,3.91,False
txn_006456,2025-12-06 19:07:21,250.58,Netbanking,IDFC,bank_timeout,6,1,379,1.2,0.09,False
txn_006457,2025-04-26 15:56:59,520.77,Credit Card,Yes Bank,bank_timeout,26,2,80,7.3,0.0,False
txn_006458,2026-03-31 11:56:03,285.76,Credit Card,Axis,bank_timeout,31,0,305,3.7,0.0,True
txn_006459,2025-04-18 08:38:42,358.83,Netbanking,HDFC,network_error,18,1,666,0.0,0.0,True
txn_006460,2025-01-25 22:06:03,1237.62,Credit Card,Kotak,expired_card,25,1,866,0.4,,False
txn_006461,2025-11-10 00:10:21,1299.72,Netbanking,IDFC,insufficient_funds,10,1,227,1.6,3.91,False
txn_006462,2025-03-19 19:15:05,1847.33,UPI,Yes Bank,fraud_block,19,3,897,4.7,,False
txn_006463,2026-05-02 21:06:02,1295.51,Wallet,HDFC,insufficient_funds,2,3,563,1.9,4.12,True
txn_006464,2025-02-22 16:05:35,1832.13,Credit Card,HDFC,network_error,22,2,378,0.7,0.0,True
txn_006465,2025-12-14 03:24:17,248.97,Wallet,PNB,bank_timeout,14,0,561,2.6,0.53,False
txn_006466,2026-06-02 17:08:29,1019.35,Netbanking,ICICI,invalid_cvv,2,2,297,2.1,0.89,False
txn_006467,2025-07-15 23:31:22,720.31,Credit Card,HDFC,expired_card,15,1,276,2.4,,True
txn_006468,2026-05-24 20:00:31,918.83,UPI,Axis,expired_card,24,0,823,3.5,,False
txn_006469,2026-02-27 10:37:13,602.75,Wallet,ICICI,bank_timeout,27,3,383,0.8,0.0,True
txn_006470,2026-07-10 06:45:12,331.81,Wallet,Kotak,otp_failure,10,0,210,0.5,0.13,True
txn_006471,2026-03-22 23:16:59,1181.1,Credit Card,Yes Bank,invalid_cvv,22,1,331,2.5,0.32,False
txn_006472,2025-07-13 15:06:43,253.14,Credit Card,Yes Bank,otp_failure,13,0,481,0.4,0.0,True
txn_006473,2025-05-14 16:33:36,5263.86,Credit Card,Kotak,expired_card,14,1,271,0.1,,False
txn_006474,2026-04-20 05:38:00,1287.35,Wallet,HDFC,network_error,20,0,618,2.2,0.71,True
txn_006475,2026-04-03 23:47:35,947.39,UPI,PNB,insufficient_funds,3,0,673,1.2,4.0,False
txn_006476,2025-11-03 19:20:15,291.74,Wallet,PNB,bank_timeout,3,2,371,0.1,0.2,True
txn_006477,2026-05-12 05:36:58,171.91,Debit Card,ICICI,bank_timeout,12,0,18,1.7,0.0,True
txn_006478,2025-06-04 07:21:40,1899.92,Netbanking,PNB,insufficient_funds,4,1,334,2.8,4.98,False
txn_006479,2026-06-17 04:13:41,1515.08,Credit Card,IDFC,network_error,17,1,299,7.4,0.22,True
txn_006480,2025-10-24 21:07:13,362.43,Wallet,Kotak,expired_card,24,0,492,3.2,,False
txn_006481,2025-03-21 06:27:03,4093.7,Netbanking,IDFC,expired_card,21,1,213,0.1,,False
txn_006482,2025-03-19 08:14:43,84.51,Debit Card,Axis,expired_card,19,1,446,1.5,,False
txn_006483,2026-01-12 16:13:27,292.91,UPI,HDFC,bank_timeout,12,3,158,1.6,0.47,False
txn_006484,2026-01-12 17:27:14,61.45,Netbanking,Kotak,insufficient_funds,12,3,117,0.7,3.64,False
txn_006485,2025-07-12 19:33:45,841.02,Debit Card,SBI,network_error,12,2,864,3.5,0.22,True
txn_006486,2025-09-08 08:28:18,1081.64,Netbanking,SBI,insufficient_funds,8,0,821,2.0,3.59,True
txn_006487,2025-06-13 20:07:16,418.02,Wallet,Kotak,network_error,13,1,609,0.6,0.03,True
txn_006488,2026-03-29 17:22:16,242.47,Wallet,ICICI,fraud_block,29,0,430,3.3,,True
txn_006489,2026-04-20 05:24:19,181.52,Netbanking,HDFC,insufficient_funds,20,3,276,0.4,3.83,False
txn_006490,2025-02-22 00:53:18,1436.42,UPI,SBI,fraud_block,22,5,372,0.3,,False
txn_006491,2025-12-01 14:27:06,1130.39,Debit Card,HDFC,network_error,1,1,201,1.3,0.82,True
txn_006492,2025-06-16 11:37:44,504.43,Netbanking,HDFC,otp_failure,16,2,390,0.3,0.0,True
txn_006493,2026-02-05 10:56:40,951.06,Netbanking,SBI,otp_failure,5,1,577,8.1,0.0,True
txn_006494,2025-03-24 02:13:35,1152.41,Credit Card,IDFC,otp_failure,24,0,164,1.5,0.28,False
txn_006495,2025-02-12 15:49:44,365.8,Debit Card,HDFC,fraud_block,12,1,430,0.9,,False
txn_006496,2026-05-05 23:25:24,3492.33,UPI,ICICI,otp_failure,5,0,439,0.1,0.0,False
txn_006497,2026-02-28 21:28:25,1016.26,Credit Card,Axis,insufficient_funds,28,0,375,0.0,3.65,True
txn_006498,2025-10-14 21:41:09,5425.47,Wallet,PNB,network_error,14,0,19,0.3,0.29,False
txn_006499,2025-04-24 20:55:54,573.29,Credit Card,ICICI,otp_failure,24,1,306,0.4,0.0,True
txn_006500,2025-12-12 05:16:31,295.12,Credit Card,Kotak,bank_timeout,12,3,602,1.1,0.5,True
txn_006501,2026-05-29 18:59:57,1325.94,Wallet,HDFC,network_error,29,0,846,2.8,0.22,True
txn_006502,2025-02-24 20:15:15,3102.89,Wallet,IDFC,network_error,24,4,184,2.1,1.0,True
txn_006503,2025-07-21 23:25:02,534.36,UPI,SBI,insufficient_funds,21,2,273,2.2,2.99,False
txn_006504,2025-05-05 19:58:09,894.28,Credit Card,PNB,network_error,5,1,327,0.2,0.91,True
txn_006505,2025-10-04 13:16:08,910.27,Wallet,Axis,otp_failure,4,1,9,4.0,0.05,True
txn_006506,2026-03-20 13:50:41,965.75,Netbanking,Yes Bank,bank_timeout,20,1,471,0.2,0.18,False
txn_006507,2025-12-06 22:43:11,88.15,Credit Card,SBI,otp_failure,6,1,653,2.8,0.79,True
txn_006508,2025-02-17 22:26:28,508.76,Credit Card,Kotak,network_error,17,0,761,0.6,0.68,True
txn_006509,2026-02-24 12:06:00,569.46,Credit Card,IDFC,bank_timeout,24,1,215,2.5,1.24,True
txn_006510,2026-01-04 09:44:06,1087.61,UPI,PNB,otp_failure,4,1,93,0.4,0.0,True
txn_006511,2026-06-02 18:01:37,140.52,Credit Card,SBI,insufficient_funds,2,1,358,1.8,3.9,True
txn_006512,2025-05-27 17:37:06,435.73,Netbanking,ICICI,insufficient_funds,27,2,156,2.2,3.38,True
txn_006513,2025-08-21 16:07:20,633.8,Wallet,IDFC,bank_timeout,21,2,666,3.0,0.0,True
txn_006514,2025-03-13 01:45:09,714.88,Credit Card,SBI,expired_card,13,2,896,1.4,,True
txn_006515,2026-02-01 19:50:03,180.6,Netbanking,Kotak,expired_card,1,1,173,1.0,,True
txn_006516,2025-05-09 10:20:12,1710.89,Wallet,IDFC,insufficient_funds,9,1,735,1.5,5.1,False
txn_006517,2026-03-11 17:21:26,182.15,Wallet,SBI,insufficient_funds,11,0,218,4.9,4.43,True
txn_006518,2025-12-26 21:38:20,1475.55,Netbanking,PNB,bank_timeout,26,2,484,3.4,0.07,False
txn_006519,2026-06-01 04:43:58,672.5,Credit Card,Kotak,network_error,1,0,282,0.5,0.0,False
txn_006520,2025-02-03 12:05:20,1223.12,Wallet,Yes Bank,fraud_block,3,3,527,4.8,,False
txn_006521,2025-06-28 03:09:23,578.88,Credit Card,Kotak,bank_timeout,28,2,721,2.4,0.7,True
txn_006522,2025-03-10 16:35:05,2730.68,Wallet,IDFC,otp_failure,10,3,47,0.3,0.0,True
txn_006523,2025-03-29 09:01:17,821.51,UPI,IDFC,insufficient_funds,29,1,647,0.0,4.22,False
txn_006524,2025-02-04 04:36:52,762.7,Netbanking,Axis,otp_failure,4,1,559,1.3,0.0,False
txn_006525,2025-05-18 12:03:54,2137.01,Netbanking,Kotak,otp_failure,18,1,527,0.4,0.49,True
txn_006526,2026-06-08 15:51:29,3705.6,Wallet,Axis,insufficient_funds,8,1,264,1.0,4.34,True
txn_006527,2025-09-16 21:17:28,275.59,Netbanking,Yes Bank,bank_timeout,16,0,530,1.0,0.16,False
txn_006528,2025-03-25 02:47:24,839.3,Netbanking,IDFC,insufficient_funds,25,1,46,2.7,4.26,True
txn_006529,2025-05-22 03:36:15,2480.84,UPI,HDFC,invalid_cvv,22,3,538,1.5,1.23,False
txn_006530,2026-04-15 17:17:51,198.6,Netbanking,Kotak,insufficient_funds,15,2,136,0.6,5.13,True
txn_006531,2026-04-19 15:57:29,989.42,Netbanking,IDFC,insufficient_funds,19,2,470,1.6,4.86,False
txn_006532,2026-03-01 17:03:42,958.97,Debit Card,Kotak,otp_failure,1,1,400,1.1,0.0,False
txn_006533,2026-04-21 04:51:07,2106.27,Netbanking,HDFC,bank_timeout,21,1,252,0.6,1.26,True
txn_006534,2025-07-26 07:58:33,71.19,Netbanking,Kotak,bank_timeout,26,1,415,11.0,0.0,True
txn_006535,2025-04-28 19:41:43,366.46,Credit Card,PNB,bank_timeout,28,0,269,1.7,0.0,True
txn_006536,2025-01-10 00:31:26,197.43,Debit Card,Yes Bank,insufficient_funds,10,3,777,1.3,3.59,True
txn_006537,2025-03-21 09:19:35,1483.34,Netbanking,SBI,bank_timeout,21,2,487,0.2,0.92,True
txn_006538,2025-05-05 03:01:22,569.0,UPI,Axis,otp_failure,5,3,684,0.4,0.0,False
txn_006539,2026-05-05 13:56:41,288.61,Netbanking,Kotak,insufficient_funds,5,1,201,1.8,3.67,True
txn_006540,2026-02-26 11:09:48,4456.89,Wallet,SBI,fraud_block,26,0,302,0.5,,False
txn_006541,2025-01-01 06:23:58,1828.24,Wallet,Axis,otp_failure,1,0,614,0.2,0.52,True
txn_006542,2025-07-26 13:04:29,522.9,Wallet,IDFC,otp_failure,26,1,877,0.2,0.0,True
txn_006543,2026-02-18 18:18:42,253.09,Wallet,Axis,bank_timeout,18,1,582,1.2,0.42,False
txn_006544,2026-04-22 23:17:07,1971.74,Credit Card,IDFC,expired_card,22,1,337,2.5,,False
txn_006545,2025-04-17 18:25:43,2787.69,UPI,IDFC,bank_timeout,17,2,263,2.7,0.0,True
txn_006546,2026-01-08 10:58:04,267.71,Debit Card,PNB,invalid_cvv,8,0,809,0.4,2.13,False
txn_006547,2026-04-13 13:01:14,1798.65,Wallet,ICICI,otp_failure,13,2,80,1.3,0.49,True
txn_006548,2025-11-27 00:58:45,3654.4,Credit Card,ICICI,invalid_cvv,27,0,789,0.2,0.63,False
txn_006549,2025-03-11 06:28:12,667.33,UPI,ICICI,bank_timeout,11,2,534,0.6,0.0,True
txn_006550,2025-06-16 13:40:16,677.9,Credit Card,Axis,fraud_block,16,0,857,4.1,,False
txn_006551,2025-10-05 20:53:22,345.25,Wallet,SBI,insufficient_funds,5,0,30,2.5,4.04,False
txn_006552,2025-06-08 21:28:52,411.8,Netbanking,ICICI,bank_timeout,8,1,546,9.1,0.22,True
txn_006553,2025-06-30 16:53:23,110.4,Debit Card,PNB,insufficient_funds,30,1,604,0.4,3.66,True
txn_006554,2026-07-14 00:26:59,566.1,Netbanking,HDFC,invalid_cvv,14,0,626,2.8,1.34,False
txn_006555,2025-09-23 10:17:26,1145.71,Debit Card,Axis,bank_timeout,23,2,50,0.8,0.0,True
txn_006556,2025-02-04 00:19:14,823.94,UPI,Yes Bank,bank_timeout,4,2,89,1.0,0.0,True
txn_006557,2026-03-09 02:04:03,1525.7,Wallet,ICICI,bank_timeout,9,2,450,6.6,0.44,True
txn_006558,2025-11-08 03:52:47,581.89,UPI,HDFC,insufficient_funds,8,1,105,0.1,4.1,False
txn_006559,2025-05-09 14:30:40,3342.18,UPI,Kotak,invalid_cvv,9,2,778,1.3,0.6,False
txn_006560,2025-08-23 15:19:53,1299.6,Netbanking,SBI,insufficient_funds,23,2,405,2.8,3.81,False
txn_006561,2025-07-23 15:26:25,399.49,Credit Card,ICICI,bank_timeout,23,0,215,0.7,1.36,False
txn_006562,2025-11-30 03:36:21,717.22,UPI,HDFC,expired_card,30,4,322,1.8,,False
txn_006563,2025-05-31 02:24:54,1859.8,UPI,Kotak,otp_failure,31,1,354,1.8,0.71,True
txn_006564,2025-01-22 22:42:38,496.87,Wallet,IDFC,bank_timeout,22,4,390,0.8,0.27,True
txn_006565,2025-11-09 07:01:48,352.04,Credit Card,PNB,network_error,9,2,129,0.3,1.05,True
txn_006566,2026-07-30 00:51:18,92.2,Netbanking,ICICI,expired_card,30,1,842,8.8,,False
txn_006567,2026-02-05 14:58:14,3379.87,Debit Card,Kotak,fraud_block,5,0,334,1.5,,False
txn_006568,2026-04-07 19:09:46,310.16,Wallet,HDFC,otp_failure,7,1,167,1.2,0.0,True
txn_006569,2026-03-01 15:18:29,1875.78,Wallet,HDFC,bank_timeout,1,1,240,2.7,0.05,True
txn_006570,2025-11-08 05:40:32,2082.96,Netbanking,SBI,expired_card,8,0,434,0.2,,False
txn_006571,2025-03-17 06:18:42,935.99,UPI,ICICI,insufficient_funds,17,0,745,5.5,4.62,True
txn_006572,2025-12-10 23:20:25,302.47,UPI,IDFC,network_error,10,3,504,4.5,0.17,True
txn_006573,2026-02-06 13:02:56,957.17,Credit Card,Axis,bank_timeout,6,0,390,10.4,0.0,True
txn_006574,2025-09-11 13:25:56,206.64,Wallet,SBI,otp_failure,11,1,315,2.8,0.0,True
txn_006575,2025-11-03 10:22:45,1331.94,Netbanking,Kotak,expired_card,3,0,874,2.2,,False
txn_006576,2026-03-01 00:35:36,873.69,Netbanking,Axis,insufficient_funds,1,1,439,1.5,4.07,True
txn_006577,2026-06-27 20:04:52,2277.79,Wallet,IDFC,bank_timeout,27,0,318,0.1,0.08,True
txn_006578,2026-06-25 23:18:54,307.27,Wallet,PNB,otp_failure,25,2,813,2.1,0.12,False
txn_006579,2025-08-31 00:56:21,307.62,Wallet,IDFC,network_error,31,2,14,0.3,0.0,False
txn_006580,2026-03-17 13:46:23,1185.37,UPI,ICICI,expired_card,17,0,717,0.1,,False
txn_006581,2025-09-12 05:48:37,1131.13,UPI,Kotak,insufficient_funds,12,2,551,0.2,3.31,True
txn_006582,2025-09-01 13:06:04,131.78,Credit Card,ICICI,fraud_block,1,1,567,1.7,,False
txn_006583,2025-04-07 09:42:18,4286.74,Wallet,SBI,invalid_cvv,7,0,99,0.3,1.11,True
txn_006584,2026-07-16 02:10:07,245.02,Wallet,SBI,insufficient_funds,16,1,349,0.6,3.04,True
txn_006585,2025-02-15 12:09:39,2916.0,Netbanking,Yes Bank,invalid_cvv,15,0,234,1.2,1.13,False
txn_006586,2025-07-11 09:09:49,371.25,Netbanking,HDFC,bank_timeout,11,1,648,0.4,0.0,True
txn_006587,2025-09-30 19:58:49,1822.15,Credit Card,ICICI,expired_card,30,0,77,9.2,,True
txn_006588,2026-01-04 12:57:49,237.29,Credit Card,IDFC,bank_timeout,4,2,438,1.9,0.0,False
txn_006589,2026-06-15 07:40:54,161.17,Credit Card,Axis,insufficient_funds,15,0,67,1.3,3.44,False
txn_006590,2026-04-08 22:22:01,433.59,Wallet,IDFC,bank_timeout,8,3,118,0.1,0.0,True
txn_006591,2025-06-10 21:23:53,2323.94,Netbanking,Yes Bank,network_error,10,1,185,1.4,0.34,False
txn_006592,2025-07-13 01:21:40,374.13,Netbanking,SBI,insufficient_funds,13,1,393,0.5,3.73,False
txn_006593,2025-03-19 16:17:24,3258.24,Wallet,Kotak,network_error,19,3,887,0.0,0.0,True
txn_006594,2025-09-12 11:54:37,3245.66,UPI,HDFC,bank_timeout,12,4,816,0.1,1.13,True
txn_006595,2025-10-22 08:45:13,634.06,Netbanking,HDFC,bank_timeout,22,4,193,4.4,0.21,True
txn_006596,2025-02-08 04:15:16,1280.79,Credit Card,Kotak,network_error,8,0,427,1.3,0.42,True
txn_006597,2025-04-16 13:06:45,3130.34,UPI,Kotak,network_error,16,3,494,1.2,0.11,True
txn_006598,2025-05-19 23:27:04,420.81,Credit Card,Kotak,insufficient_funds,19,1,136,0.0,4.07,True
txn_006599,2025-10-20 07:24:08,247.77,Netbanking,Kotak,bank_timeout,20,1,161,0.5,0.88,True
txn_006600,2026-07-30 05:02:24,324.02,Wallet,IDFC,otp_failure,30,2,826,8.4,0.0,True
txn_006601,2025-12-02 00:45:37,401.71,Netbanking,IDFC,insufficient_funds,2,1,106,0.4,3.75,False
txn_006602,2025-02-08 20:06:40,264.27,UPI,IDFC,insufficient_funds,8,2,76,1.3,4.1,True
txn_006603,2025-07-23 14:28:20,388.6,Debit Card,HDFC,insufficient_funds,23,2,686,2.7,3.17,True
txn_006604,2025-08-30 08:39:08,1745.99,UPI,IDFC,bank_timeout,30,4,243,0.0,0.05,False
txn_006605,2025-10-10 20:56:50,515.58,Netbanking,PNB,invalid_cvv,10,2,214,0.5,0.52,False
txn_006606,2025-09-22 00:30:26,97.91,Wallet,HDFC,otp_failure,22,2,765,1.1,0.0,False
txn_006607,2026-03-20 16:07:44,795.63,Netbanking,Kotak,insufficient_funds,20,4,400,5.0,4.59,True
txn_006608,2025-09-05 17:19:41,683.85,Debit Card,Axis,fraud_block,5,1,106,1.2,,False
txn_006609,2026-01-29 08:23:15,573.24,Wallet,HDFC,bank_timeout,29,2,728,0.3,0.06,False
txn_006610,2025-11-27 05:23:51,142.64,Debit Card,Axis,insufficient_funds,27,2,385,3.8,3.66,True
txn_006611,2025-10-15 00:31:56,99.64,UPI,IDFC,bank_timeout,15,2,462,1.4,0.11,False
txn_006612,2025-10-24 03:12:32,283.8,Debit Card,SBI,insufficient_funds,24,0,44,1.4,3.3,False
txn_006613,2025-11-22 05:46:01,784.88,UPI,Kotak,insufficient_funds,22,0,102,1.1,4.55,True
txn_006614,2025-02-12 02:13:10,115.72,Credit Card,IDFC,insufficient_funds,12,3,612,1.9,4.41,False
txn_006615,2026-05-07 08:57:58,960.19,UPI,Yes Bank,bank_timeout,7,1,149,0.2,0.1,True
txn_006616,2025-06-27 19:02:40,446.36,Credit Card,HDFC,insufficient_funds,27,3,325,0.4,3.49,True
txn_006617,2026-06-24 15:52:18,202.7,Netbanking,SBI,network_error,24,0,321,0.0,0.0,False
txn_006618,2025-05-26 01:02:58,1785.57,Credit Card,SBI,expired_card,26,4,91,0.2,,False
txn_006619,2025-04-29 04:23:24,534.42,UPI,SBI,expired_card,29,5,9,0.2,,False
txn_006620,2025-12-18 00:31:03,341.26,Netbanking,PNB,insufficient_funds,18,1,817,2.0,4.12,False
txn_006621,2026-06-24 00:09:31,115.94,Netbanking,Kotak,otp_failure,24,0,566,0.4,0.71,True
txn_006622,2025-11-08 15:34:58,676.38,Debit Card,Yes Bank,insufficient_funds,8,1,853,0.0,4.83,False
txn_006623,2026-04-22 08:14:23,491.8,Credit Card,IDFC,expired_card,22,1,36,2.5,,False
txn_006624,2025-01-22 13:16:37,643.61,Credit Card,ICICI,bank_timeout,22,1,109,1.2,0.59,True
txn_006625,2025-05-18 09:14:09,859.2,UPI,ICICI,expired_card,18,0,1,2.7,,False
txn_006626,2025-03-13 16:35:58,621.57,UPI,Kotak,bank_timeout,13,3,644,0.2,0.4,True
txn_006627,2026-02-19 07:27:45,1241.76,Wallet,IDFC,insufficient_funds,19,0,284,2.8,4.14,True
txn_006628,2025-02-16 13:53:45,1096.96,Credit Card,HDFC,insufficient_funds,16,2,299,0.0,3.52,False
txn_006629,2025-03-26 03:45:01,1506.55,Netbanking,IDFC,expired_card,26,2,93,1.6,,False
txn_006630,2026-01-09 18:13:29,470.82,Netbanking,SBI,expired_card,9,0,864,1.3,,False
txn_006631,2025-06-02 03:32:19,332.43,Credit Card,SBI,expired_card,2,2,298,0.7,,False
txn_006632,2026-03-25 19:42:37,1412.42,Wallet,Yes Bank,insufficient_funds,25,1,217,0.4,4.14,True
txn_006633,2025-12-11 22:24:23,1239.54,Credit Card,Kotak,insufficient_funds,11,2,440,2.2,3.58,False
txn_006634,2025-12-13 12:11:35,1080.62,Debit Card,IDFC,expired_card,13,0,20,3.5,,False
txn_006635,2025-07-24 08:57:13,510.67,Debit Card,IDFC,otp_failure,24,1,326,0.9,0.77,True
txn_006636,2025-03-01 03:20:48,1344.12,Debit Card,ICICI,expired_card,1,2,503,4.4,,False
txn_006637,2025-05-08 20:48:42,245.65,Credit Card,Axis,insufficient_funds,8,3,425,0.6,3.89,True
txn_006638,2026-02-15 16:50:09,437.64,UPI,Axis,bank_timeout,15,1,371,0.6,0.0,False
txn_006639,2026-07-26 05:08:36,276.85,Netbanking,Yes Bank,insufficient_funds,26,2,862,0.3,3.95,False
txn_006640,2025-06-27 01:46:46,2509.91,Netbanking,Yes Bank,otp_failure,27,0,286,2.4,0.0,False
txn_006641,2026-06-25 22:28:34,212.94,Wallet,IDFC,bank_timeout,25,2,510,3.8,0.36,True
txn_006642,2026-02-18 10:36:13,135.66,Credit Card,PNB,insufficient_funds,18,2,792,0.2,4.18,False
txn_006643,2026-03-07 09:18:53,635.08,UPI,SBI,insufficient_funds,7,1,814,1.0,4.58,False
txn_006644,2025-10-14 05:15:33,179.14,UPI,SBI,fraud_block,14,0,468,0.7,,False
txn_006645,2025-08-29 14:23:59,242.66,Debit Card,ICICI,otp_failure,29,2,356,6.6,0.0,True
txn_006646,2026-06-06 18:18:40,326.12,Wallet,Axis,fraud_block,6,0,270,0.6,,False
txn_006647,2026-01-27 01:13:29,119.39,UPI,Kotak,bank_timeout,27,0,827,0.6,0.0,False
txn_006648,2025-10-09 04:42:46,631.92,UPI,HDFC,insufficient_funds,9,2,892,1.1,3.78,True
txn_006649,2025-01-25 10:00:02,989.95,Netbanking,Kotak,insufficient_funds,25,0,292,4.0,3.78,True
txn_006650,2025-08-26 06:59:24,745.93,UPI,Kotak,otp_failure,26,3,414,4.2,0.0,False
txn_006651,2026-05-22 14:01:13,114.14,Netbanking,Yes Bank,network_error,22,1,214,1.2,0.0,True
txn_006652,2026-07-29 14:15:57,629.63,Debit Card,Axis,expired_card,29,1,148,1.4,,False
txn_006653,2025-03-01 13:51:44,142.96,Credit Card,SBI,bank_timeout,1,2,454,0.8,0.0,True
txn_006654,2025-05-31 08:00:59,698.67,Debit Card,PNB,bank_timeout,31,4,560,0.8,0.0,True
txn_006655,2025-08-10 17:28:16,295.27,Wallet,PNB,network_error,10,2,388,0.2,0.27,True
txn_006656,2026-06-14 20:36:34,280.94,Wallet,ICICI,bank_timeout,14,0,91,1.4,0.25,True
txn_006657,2025-12-17 02:35:28,3696.75,Netbanking,IDFC,otp_failure,17,2,86,1.3,0.0,False
txn_006658,2025-06-10 05:20:12,250.01,Debit Card,Kotak,insufficient_funds,10,2,864,2.8,3.79,True
txn_006659,2026-05-17 00:52:52,234.13,Debit Card,PNB,invalid_cvv,17,0,527,3.4,1.28,True
txn_006660,2025-05-12 19:49:46,1410.66,Credit Card,Axis,insufficient_funds,12,1,730,1.9,3.22,False
txn_006661,2026-03-08 03:36:21,1108.09,Wallet,IDFC,insufficient_funds,8,2,226,7.0,3.96,False
txn_006662,2026-06-17 02:52:21,658.02,Debit Card,ICICI,expired_card,17,0,743,0.8,,False
txn_006663,2026-01-04 17:39:39,1577.83,UPI,HDFC,otp_failure,4,0,377,0.9,0.55,False
txn_006664,2026-05-24 19:06:23,151.27,Wallet,HDFC,expired_card,24,1,170,3.0,,False
txn_006665,2025-02-22 06:01:57,472.17,Wallet,IDFC,otp_failure,22,0,171,0.2,0.4,False
txn_006666,2025-07-11 19:15:26,2195.66,Credit Card,Kotak,bank_timeout,11,1,718,3.3,0.0,False
txn_006667,2025-09-13 12:05:48,1157.49,Debit Card,HDFC,bank_timeout,13,2,537,2.5,0.0,True
txn_006668,2025-10-28 06:59:19,488.15,Wallet,Axis,expired_card,28,3,465,0.6,,False
txn_006669,2025-09-10 10:26:01,414.14,Wallet,SBI,bank_timeout,10,1,894,3.5,0.44,False
txn_006670,2025-07-27 04:51:58,335.18,Wallet,Axis,otp_failure,27,2,536,0.1,0.0,False
txn_006671,2025-09-15 02:44:09,704.67,Debit Card,Kotak,expired_card,15,0,6,2.2,,False
txn_006672,2025-01-10 04:15:11,1050.79,Credit Card,ICICI,insufficient_funds,10,2,612,2.5,4.34,False
txn_006673,2026-02-04 18:44:41,126.17,Credit Card,IDFC,insufficient_funds,4,0,550,0.8,3.81,True
txn_006674,2025-12-09 04:17:25,943.96,Netbanking,Kotak,insufficient_funds,9,1,660,0.3,3.91,True
txn_006675,2026-02-04 09:10:11,664.26,Credit Card,IDFC,bank_timeout,4,0,533,1.0,0.06,False
txn_006676,2025-09-26 05:36:40,2277.9,Debit Card,Kotak,fraud_block,26,1,228,1.3,,False
txn_006677,2025-07-17 08:48:57,431.84,UPI,Yes Bank,otp_failure,17,1,872,1.9,0.85,False
txn_006678,2025-07-23 05:33:39,450.49,UPI,IDFC,invalid_cvv,23,1,195,1.1,1.76,False
txn_006679,2025-02-11 13:04:25,501.54,Wallet,Axis,bank_timeout,11,0,560,0.2,0.17,True
txn_006680,2026-02-20 14:37:05,769.33,UPI,ICICI,otp_failure,20,0,20,2.3,0.0,True
txn_006681,2026-01-05 00:43:08,1333.89,Wallet,Axis,expired_card,5,3,314,4.6,,False
txn_006682,2025-12-16 18:52:47,4308.08,Wallet,ICICI,bank_timeout,16,2,631,1.0,0.33,False
txn_006683,2025-01-13 02:14:17,2890.67,UPI,Axis,otp_failure,13,1,842,3.2,0.0,False
txn_006684,2026-05-15 22:29:39,1303.09,Wallet,ICICI,fraud_block,15,0,300,0.7,,False
txn_006685,2025-04-25 05:50:10,203.92,Wallet,PNB,fraud_block,25,2,184,0.9,,False
txn_006686,2026-01-26 04:16:54,482.46,Wallet,Kotak,insufficient_funds,26,1,738,0.2,3.76,False
txn_006687,2026-02-23 13:12:10,664.45,Netbanking,IDFC,bank_timeout,23,0,439,1.6,0.0,True
txn_006688,2026-04-01 09:54:21,649.41,Wallet,SBI,fraud_block,1,2,342,0.6,,False
txn_006689,2026-06-21 09:42:55,512.67,Wallet,HDFC,expired_card,21,4,362,5.0,,False
txn_006690,2025-08-26 17:39:08,291.01,UPI,PNB,insufficient_funds,26,1,547,3.8,4.83,True
txn_006691,2026-03-26 13:09:04,341.43,Debit Card,PNB,insufficient_funds,26,0,170,0.2,4.22,False
txn_006692,2025-03-23 06:53:39,565.56,UPI,PNB,otp_failure,23,2,721,5.0,0.0,True
txn_006693,2026-06-13 23:12:09,134.21,Debit Card,Kotak,otp_failure,13,2,34,1.0,0.75,True
txn_006694,2025-10-20 16:50:49,682.02,Debit Card,HDFC,invalid_cvv,20,2,90,4.0,1.31,False
txn_006695,2025-03-11 13:10:42,615.8,Wallet,IDFC,network_error,11,1,542,2.5,0.0,True
txn_006696,2026-07-06 20:10:09,12854.67,UPI,SBI,bank_timeout,6,1,187,1.2,0.81,False
txn_006697,2025-07-28 00:08:48,1185.93,Debit Card,Axis,insufficient_funds,28,3,12,1.3,4.31,False
txn_006698,2026-03-09 10:31:02,1126.29,Debit Card,PNB,bank_timeout,9,3,510,3.4,0.0,True
txn_006699,2025-05-07 09:34:56,172.11,Wallet,Axis,network_error,7,2,67,2.6,0.0,True
txn_006700,2025-07-05 01:37:18,2431.8,Wallet,ICICI,invalid_cvv,5,0,534,0.2,1.1,False
txn_006701,2025-04-28 05:52:20,837.42,Credit Card,PNB,insufficient_funds,28,0,247,0.7,3.8,True
txn_006702,2025-01-24 08:47:53,450.1,Netbanking,SBI,bank_timeout,24,2,23,0.2,0.0,True
txn_006703,2026-03-17 01:50:23,389.53,Debit Card,SBI,insufficient_funds,17,0,710,0.2,3.83,False
txn_006704,2026-02-06 15:05:25,922.25,Wallet,HDFC,insufficient_funds,6,4,430,0.1,3.56,True
txn_006705,2026-07-07 18:52:33,784.56,Wallet,Axis,bank_timeout,7,0,161,2.9,0.0,True
txn_006706,2025-05-11 07:42:23,731.06,Debit Card,ICICI,network_error,11,2,206,3.0,0.77,True
txn_006707,2025-02-04 18:47:55,613.22,Credit Card,HDFC,bank_timeout,4,0,274,0.0,0.0,True
txn_006708,2025-05-24 18:46:48,359.88,Debit Card,SBI,insufficient_funds,24,2,396,0.8,4.84,False
txn_006709,2025-01-02 15:22:54,552.2,Credit Card,ICICI,insufficient_funds,2,3,549,0.8,4.55,False
txn_006710,2026-06-22 05:34:10,1744.15,Wallet,IDFC,insufficient_funds,22,2,167,0.4,4.41,True
txn_006711,2025-12-25 07:25:31,784.07,Netbanking,IDFC,expired_card,25,1,97,0.1,,False
txn_006712,2025-03-31 00:33:57,347.85,Credit Card,HDFC,otp_failure,31,1,182,4.4,0.0,True
txn_006713,2026-01-30 12:22:27,295.63,Wallet,PNB,network_error,30,2,205,1.0,1.19,True
txn_006714,2026-07-10 06:04:02,310.9,Netbanking,ICICI,bank_timeout,10,2,104,4.1,0.69,True
txn_006715,2025-01-09 16:51:33,946.94,Wallet,ICICI,network_error,9,1,134,2.5,0.0,True
txn_006716,2025-08-18 11:59:30,1182.52,Debit Card,Yes Bank,otp_failure,18,5,464,0.3,0.63,False
txn_006717,2025-10-26 00:58:57,2751.08,Credit Card,Kotak,fraud_block,26,1,406,1.7,,False
txn_006718,2025-02-17 22:23:30,1116.79,Debit Card,Kotak,invalid_cvv,17,0,544,3.2,1.14,False
txn_006719,2025-09-06 00:38:37,310.46,Debit Card,ICICI,insufficient_funds,6,2,563,11.8,3.52,True
txn_006720,2026-04-03 23:32:56,2821.02,Wallet,HDFC,expired_card,3,1,511,0.9,,False
txn_006721,2026-01-10 20:05:22,941.18,UPI,IDFC,bank_timeout,10,1,266,1.5,0.0,True
txn_006722,2026-03-04 10:55:19,437.0,Debit Card,Axis,insufficient_funds,4,0,756,4.2,3.91,True
txn_006723,2025-09-02 13:27:00,325.33,UPI,IDFC,fraud_block,2,1,199,2.3,,False
txn_006724,2026-04-03 06:11:35,335.11,UPI,ICICI,expired_card,3,1,814,0.3,,False
txn_006725,2025-01-28 02:00:33,571.82,Credit Card,Axis,bank_timeout,28,2,500,5.1,0.0,False
txn_006726,2026-07-24 14:21:35,1160.61,Credit Card,PNB,bank_timeout,24,2,763,0.1,0.55,False
txn_006727,2025-11-11 00:16:57,1349.4,Debit Card,HDFC,network_error,11,1,4,4.2,0.36,True
txn_006728,2025-10-15 10:23:10,3933.08,UPI,Yes Bank,otp_failure,15,2,844,1.3,0.31,True
txn_006729,2026-07-31 11:30:29,1712.54,Wallet,IDFC,network_error,31,2,838,2.7,0.88,True
txn_006730,2025-12-06 20:14:28,408.84,Credit Card,Yes Bank,bank_timeout,6,0,575,1.4,0.46,True
txn_006731,2025-01-16 04:20:53,343.11,Credit Card,IDFC,insufficient_funds,16,2,268,0.0,3.33,False
txn_006732,2025-12-03 04:55:27,399.03,Netbanking,IDFC,bank_timeout,3,1,153,1.2,0.0,True
txn_006733,2025-07-28 16:25:09,761.14,Credit Card,ICICI,insufficient_funds,28,2,701,0.5,2.88,True
txn_006734,2025-01-11 03:07:07,850.21,Netbanking,Yes Bank,bank_timeout,11,0,786,3.0,0.0,True
txn_006735,2025-08-21 07:27:24,1332.52,Credit Card,ICICI,expired_card,21,2,95,0.6,,False
txn_006736,2026-07-01 20:59:45,330.65,Debit Card,Kotak,bank_timeout,1,0,367,2.4,0.0,True
txn_006737,2025-01-02 05:33:30,881.34,Netbanking,Yes Bank,fraud_block,2,1,185,7.5,,False
txn_006738,2025-03-20 02:47:24,923.94,Netbanking,Kotak,bank_timeout,20,0,61,1.4,0.81,True
txn_006739,2026-04-26 11:47:46,2188.57,Netbanking,HDFC,insufficient_funds,26,1,256,0.8,3.73,True
txn_006740,2026-02-11 01:33:47,824.16,Wallet,HDFC,otp_failure,11,0,138,3.2,0.67,True
txn_006741,2025-10-13 06:40:28,814.59,Wallet,Axis,bank_timeout,13,4,68,1.8,0.0,False
txn_006742,2025-11-30 21:51:06,271.93,Netbanking,Axis,invalid_cvv,30,1,594,4.1,1.42,True
txn_006743,2025-08-17 12:18:21,80.97,Wallet,SBI,expired_card,17,0,96,0.1,,False
txn_006744,2025-10-21 12:57:05,152.55,Wallet,IDFC,invalid_cvv,21,2,69,2.6,0.23,False
txn_006745,2025-05-04 17:40:18,111.41,Netbanking,PNB,insufficient_funds,4,4,544,1.6,3.78,False
txn_006746,2025-01-12 23:34:23,530.98,Wallet,Axis,invalid_cvv,12,1,146,0.9,0.4,True
txn_006747,2026-02-24 09:07:45,53.97,Netbanking,ICICI,insufficient_funds,24,3,477,2.7,3.34,False
txn_006748,2026-01-02 23:38:10,545.96,Wallet,PNB,expired_card,2,3,412,0.2,,False
txn_006749,2026-04-23 04:35:52,1935.47,Credit Card,Yes Bank,otp_failure,23,0,767,2.6,0.0,True
txn_006750,2025-01-24 19:04:31,1015.4,UPI,IDFC,bank_timeout,24,1,421,0.8,0.47,True
txn_006751,2025-05-21 06:48:57,337.18,UPI,PNB,bank_timeout,21,1,743,1.7,0.0,True
txn_006752,2025-03-02 05:20:43,354.56,Wallet,PNB,otp_failure,2,2,570,0.8,0.0,True
txn_006753,2025-10-20 20:48:23,1283.77,Credit Card,Axis,otp_failure,20,0,550,0.4,0.39,True
txn_006754,2025-04-09 06:12:33,2229.41,Credit Card,ICICI,invalid_cvv,9,0,656,5.4,1.58,True
txn_006755,2025-04-14 01:43:36,1117.01,Netbanking,Yes Bank,insufficient_funds,14,1,598,8.5,3.5,True
txn_006756,2025-12-20 01:27:56,657.5,Wallet,SBI,bank_timeout,20,1,188,2.1,0.4,True
txn_006757,2025-10-23 06:19:52,402.5,Credit Card,Kotak,bank_timeout,23,2,418,0.3,0.0,True
txn_006758,2025-03-03 02:18:56,1469.14,Wallet,HDFC,insufficient_funds,3,2,164,0.7,4.54,True
txn_006759,2026-03-21 00:08:08,1041.42,UPI,SBI,insufficient_funds,21,1,171,1.4,3.97,False
txn_006760,2025-02-26 13:49:46,1348.15,Netbanking,Yes Bank,invalid_cvv,26,0,122,5.2,0.74,False
txn_006761,2025-09-18 16:18:21,4442.97,Wallet,Yes Bank,bank_timeout,18,0,866,3.2,0.05,True
txn_006762,2025-04-02 11:33:04,2612.43,Netbanking,PNB,network_error,2,2,412,7.3,0.0,True
txn_006763,2025-12-21 21:34:18,400.65,UPI,ICICI,insufficient_funds,21,1,634,3.9,2.8,False
txn_006764,2026-06-06 03:40:45,1796.64,Debit Card,PNB,expired_card,6,0,113,1.0,,False
txn_006765,2025-08-19 12:42:47,918.78,Netbanking,SBI,insufficient_funds,19,2,556,3.3,3.49,False
txn_006766,2025-02-27 23:10:19,7776.55,Credit Card,SBI,otp_failure,27,0,537,2.0,0.13,False
txn_006767,2025-08-06 17:44:47,541.36,Credit Card,IDFC,otp_failure,6,3,156,0.5,0.0,False
txn_006768,2025-04-18 00:14:00,788.28,Netbanking,Kotak,invalid_cvv,18,1,706,0.8,0.75,False
txn_006769,2025-05-18 12:00:24,640.04,Debit Card,SBI,bank_timeout,18,0,474,5.7,0.0,False
txn_006770,2026-04-14 11:41:24,523.63,Netbanking,Yes Bank,otp_failure,14,2,218,4.0,0.0,False
txn_006771,2026-02-02 20:35:56,1608.59,Wallet,ICICI,network_error,2,0,596,3.5,0.68,True
txn_006772,2025-12-15 23:10:10,489.49,Credit Card,Kotak,otp_failure,15,2,473,0.4,0.63,False
txn_006773,2026-07-15 00:31:39,83.06,UPI,Kotak,otp_failure,15,2,500,4.3,0.0,True
txn_006774,2025-04-13 10:36:51,278.31,Credit Card,Yes Bank,network_error,13,0,878,0.0,1.07,True
txn_006775,2026-06-13 23:02:40,1720.21,UPI,Yes Bank,insufficient_funds,13,1,315,3.8,4.54,False
txn_006776,2026-01-13 13:40:59,1626.66,Credit Card,Yes Bank,bank_timeout,13,0,700,1.9,0.0,True
txn_006777,2025-12-04 23:10:51,858.83,Wallet,SBI,insufficient_funds,4,2,733,1.7,4.13,True
txn_006778,2025-01-03 05:48:05,231.39,Wallet,SBI,bank_timeout,3,0,47,1.3,0.12,True
txn_006779,2025-04-09 02:56:04,496.39,UPI,PNB,insufficient_funds,9,2,414,2.7,4.17,False
txn_006780,2025-01-01 01:08:04,2069.77,Wallet,HDFC,invalid_cvv,1,1,118,1.2,0.29,False
txn_006781,2026-07-25 08:40:02,579.78,Credit Card,ICICI,insufficient_funds,25,0,536,4.5,2.96,True
txn_006782,2026-05-06 23:32:18,541.04,Netbanking,Axis,fraud_block,6,2,247,1.8,,False
txn_006783,2026-07-01 21:52:26,777.7,UPI,IDFC,insufficient_funds,1,4,592,0.0,4.5,True
txn_006784,2025-08-02 16:24:11,81.4,Credit Card,PNB,insufficient_funds,2,0,555,3.6,3.61,True
txn_006785,2025-05-14 08:17:33,1226.86,Debit Card,SBI,expired_card,14,0,364,0.2,,False
txn_006786,2025-08-05 06:36:43,1174.52,Netbanking,SBI,bank_timeout,5,2,45,1.4,0.0,True
txn_006787,2026-01-26 18:26:21,1892.29,Debit Card,Yes Bank,network_error,26,2,765,3.4,0.0,True
txn_006788,2026-07-15 02:38:30,243.24,UPI,HDFC,bank_timeout,15,0,692,0.7,0.2,False
txn_006789,2025-02-15 08:51:20,862.79,Credit Card,PNB,network_error,15,2,181,0.2,0.82,True
txn_006790,2026-02-09 00:41:01,182.84,Wallet,SBI,insufficient_funds,9,1,757,1.1,3.87,True
txn_006791,2025-05-05 23:43:28,842.65,UPI,PNB,otp_failure,5,0,515,2.8,0.25,False
txn_006792,2025-07-06 16:49:49,468.03,Credit Card,SBI,bank_timeout,6,0,650,0.1,0.0,True
txn_006793,2025-11-22 23:30:03,2319.35,Credit Card,IDFC,fraud_block,22,1,508,1.2,,False
txn_006794,2026-02-26 04:10:41,1171.6,UPI,HDFC,bank_timeout,26,4,451,0.3,0.12,False
txn_006795,2026-01-09 23:15:26,1113.45,Credit Card,HDFC,otp_failure,9,2,568,1.5,0.55,True
txn_006796,2025-09-30 23:10:20,844.81,Wallet,HDFC,insufficient_funds,30,3,509,1.3,4.04,False
txn_006797,2025-03-13 01:03:54,444.63,Credit Card,Yes Bank,insufficient_funds,13,1,359,3.6,4.24,False
txn_006798,2025-01-01 19:07:13,1158.58,Wallet,SBI,expired_card,1,1,287,0.4,,False
txn_006799,2025-12-27 06:15:57,210.51,Credit Card,ICICI,expired_card,27,1,47,2.8,,False
txn_006800,2025-09-02 15:42:56,4704.26,Debit Card,IDFC,expired_card,2,1,521,0.5,,False
txn_006801,2025-03-04 19:32:29,4190.66,Credit Card,Yes Bank,insufficient_funds,4,0,6,1.1,4.08,True
txn_006802,2025-06-26 15:16:52,248.98,Netbanking,HDFC,invalid_cvv,26,0,436,4.9,0.48,True
txn_006803,2026-03-19 08:28:15,64.97,Debit Card,Axis,fraud_block,19,0,586,0.5,,False
txn_006804,2025-02-04 01:25:33,204.37,Credit Card,PNB,bank_timeout,4,1,183,0.4,0.35,True
txn_006805,2025-02-25 01:18:07,117.76,Netbanking,Yes Bank,insufficient_funds,25,0,609,1.3,5.08,True
txn_006806,2026-06-13 13:10:04,690.48,Credit Card,HDFC,otp_failure,13,3,849,0.2,1.03,False
txn_006807,2026-01-11 19:55:58,818.82,UPI,ICICI,insufficient_funds,11,1,738,1.1,3.55,True
txn_006808,2026-01-27 14:35:47,732.01,Wallet,Kotak,fraud_block,27,0,160,0.2,,False
txn_006809,2026-03-13 08:14:00,1038.55,UPI,Kotak,insufficient_funds,13,1,339,1.1,4.23,True
txn_006810,2025-06-26 07:38:56,996.49,Debit Card,PNB,invalid_cvv,26,1,852,3.7,2.23,False
txn_006811,2025-11-17 22:41:15,132.73,Wallet,Axis,bank_timeout,17,2,2,1.9,0.49,True
txn_006812,2025-11-17 02:34:01,1547.9,UPI,SBI,bank_timeout,17,2,783,0.0,0.03,True
txn_006813,2026-04-08 06:55:15,999.34,UPI,Kotak,otp_failure,8,0,565,2.0,0.08,True
txn_006814,2026-01-02 18:46:12,243.36,Credit Card,IDFC,network_error,2,2,662,0.3,0.37,True
txn_006815,2026-07-24 02:33:49,790.48,Credit Card,SBI,network_error,24,2,204,1.4,0.0,True
txn_006816,2026-01-04 06:30:56,149.17,Debit Card,Kotak,expired_card,4,1,431,2.7,,False
txn_006817,2026-02-23 04:52:21,411.68,Credit Card,Axis,insufficient_funds,23,0,283,1.5,3.59,True
txn_006818,2026-07-18 09:33:26,622.25,Credit Card,HDFC,fraud_block,18,2,364,2.1,,False
txn_006819,2025-07-20 06:03:21,2277.8,UPI,HDFC,otp_failure,20,1,637,0.2,0.56,False
txn_006820,2025-04-30 09:43:03,5697.46,UPI,IDFC,insufficient_funds,30,1,597,1.6,3.85,True
txn_006821,2025-06-22 06:15:39,284.5,Debit Card,ICICI,expired_card,22,0,432,0.6,,False
txn_006822,2025-12-30 17:13:26,3111.72,UPI,Axis,fraud_block,30,2,127,0.3,,False
txn_006823,2026-07-20 17:50:19,700.8,UPI,PNB,insufficient_funds,20,3,221,1.8,4.01,False
txn_006824,2025-07-18 20:48:42,1557.58,Wallet,Axis,insufficient_funds,18,3,780,1.7,4.17,False
txn_006825,2025-09-20 01:30:02,7793.72,Debit Card,IDFC,bank_timeout,20,0,588,3.1,0.17,True
txn_006826,2026-02-16 14:47:30,171.14,Credit Card,IDFC,expired_card,16,2,650,3.2,,False
txn_006827,2025-08-01 01:14:49,346.1,Wallet,IDFC,network_error,1,2,307,0.6,0.0,True
txn_006828,2025-01-31 05:28:48,320.74,Netbanking,PNB,insufficient_funds,31,0,149,3.6,4.66,True
txn_006829,2025-05-31 11:52:34,1506.69,Wallet,Axis,invalid_cvv,31,0,842,2.6,1.0,True
txn_006830,2026-07-12 11:47:19,2435.62,UPI,Kotak,network_error,12,1,765,1.2,0.0,True
txn_006831,2026-02-25 22:31:53,3694.59,Wallet,Axis,fraud_block,25,1,625,3.7,,False
txn_006832,2026-03-01 23:50:51,145.4,UPI,SBI,bank_timeout,1,2,771,1.8,0.17,True
txn_006833,2025-09-04 22:26:55,1162.33,Debit Card,IDFC,invalid_cvv,4,2,287,0.3,0.84,False
txn_006834,2026-05-05 19:38:44,3662.03,UPI,IDFC,network_error,5,0,563,2.6,0.35,True
txn_006835,2025-04-18 02:38:15,1629.17,Wallet,HDFC,otp_failure,18,0,26,1.6,0.0,True
txn_006836,2025-09-14 23:27:35,350.61,UPI,HDFC,bank_timeout,14,0,582,0.4,0.0,True
txn_006837,2025-12-13 01:01:17,531.39,Netbanking,Kotak,network_error,13,1,157,2.4,0.0,True
txn_006838,2026-07-02 08:20:06,4387.81,Credit Card,IDFC,otp_failure,2,0,742,1.8,0.0,True
txn_006839,2025-10-07 16:51:50,750.74,Netbanking,Yes Bank,otp_failure,7,2,630,0.0,1.3,True
txn_006840,2025-10-01 17:56:35,1522.63,Credit Card,Yes Bank,expired_card,1,2,473,1.6,,False
txn_006841,2025-11-05 09:50:41,1427.04,Debit Card,Axis,bank_timeout,5,4,220,1.0,0.64,True
txn_006842,2026-03-15 12:22:01,508.03,Debit Card,HDFC,insufficient_funds,15,1,22,0.7,2.95,True
txn_006843,2026-04-07 10:12:16,334.62,Credit Card,Yes Bank,network_error,7,1,312,4.4,0.12,True
txn_006844,2025-09-10 02:05:46,365.68,Credit Card,HDFC,network_error,10,0,364,1.2,0.0,True
txn_006845,2026-01-19 05:21:13,942.44,UPI,HDFC,otp_failure,19,0,354,8.0,0.0,True
txn_006846,2026-06-02 08:40:33,1060.2,Wallet,ICICI,insufficient_funds,2,0,508,4.3,3.17,True
txn_006847,2025-07-01 10:04:44,2691.61,Credit Card,ICICI,bank_timeout,1,0,868,1.4,0.81,True
txn_006848,2025-03-19 18:19:02,873.45,Netbanking,IDFC,insufficient_funds,19,2,2,1.9,3.46,False
txn_006849,2025-03-15 14:21:21,10128.65,Wallet,HDFC,bank_timeout,15,1,584,0.7,0.79,True
txn_006850,2025-04-21 13:06:56,521.09,UPI,Kotak,insufficient_funds,21,2,451,3.0,3.73,True
txn_006851,2026-07-01 22:29:10,1615.82,Netbanking,IDFC,otp_failure,1,1,799,1.5,0.0,False
txn_006852,2025-02-11 22:19:25,3989.86,Debit Card,SBI,insufficient_funds,11,0,510,0.1,3.97,True
txn_006853,2026-05-08 07:44:38,676.46,Credit Card,IDFC,otp_failure,8,0,60,3.5,0.0,True
txn_006854,2026-07-11 23:27:57,321.09,Wallet,Yes Bank,expired_card,11,1,108,0.8,,True
txn_006855,2025-07-01 14:29:38,1306.3,UPI,Kotak,invalid_cvv,1,1,861,2.8,1.84,True
txn_006856,2026-06-27 15:27:19,1322.14,Credit Card,SBI,insufficient_funds,27,1,578,0.1,3.74,False
txn_006857,2025-01-01 12:07:02,637.0,Credit Card,SBI,expired_card,1,2,62,0.8,,False
txn_006858,2025-05-22 13:12:58,787.96,Netbanking,Yes Bank,insufficient_funds,22,4,193,4.5,3.43,True
txn_006859,2026-03-16 12:57:35,11283.02,UPI,HDFC,network_error,16,1,567,0.3,0.12,True
txn_006860,2025-01-09 05:08:41,114.45,Debit Card,IDFC,network_error,9,0,326,2.7,0.29,True
txn_006861,2026-06-28 10:09:39,748.03,Credit Card,ICICI,bank_timeout,28,0,320,4.6,0.19,True
txn_006862,2025-09-06 04:03:08,1607.84,Credit Card,Yes Bank,network_error,6,3,352,2.3,0.0,True
txn_006863,2025-06-16 16:24:40,1104.01,Debit Card,Yes Bank,network_error,16,1,197,0.2,0.31,True
txn_006864,2026-05-24 12:03:06,654.51,Wallet,Kotak,insufficient_funds,24,3,688,5.8,3.58,False
txn_006865,2025-12-08 21:04:31,1033.88,Wallet,Yes Bank,bank_timeout,8,2,747,1.1,0.0,True
txn_006866,2025-01-25 20:20:54,762.1,Netbanking,Kotak,otp_failure,25,0,848,3.2,0.58,True
txn_006867,2025-02-04 00:58:25,300.47,Netbanking,ICICI,bank_timeout,4,0,204,1.3,0.0,True
txn_006868,2025-12-11 01:02:30,6657.96,Debit Card,SBI,expired_card,11,0,740,0.1,,False
txn_006869,2025-12-27 03:54:44,666.0,Wallet,HDFC,bank_timeout,27,2,655,0.0,0.46,True
txn_006870,2025-10-02 20:31:56,2223.29,Wallet,Yes Bank,expired_card,2,0,22,2.0,,False
txn_006871,2026-05-16 03:24:50,687.02,Credit Card,Axis,network_error,16,1,775,0.8,0.36,True
txn_006872,2026-06-02 15:06:03,1750.22,Credit Card,HDFC,otp_failure,2,1,393,0.1,0.17,True
txn_006873,2025-01-08 13:14:42,1282.42,Netbanking,Kotak,expired_card,8,0,666,2.0,,False
txn_006874,2026-06-11 06:13:53,618.88,Wallet,Axis,otp_failure,11,1,517,5.1,0.0,False
txn_006875,2025-08-25 04:08:05,547.91,Credit Card,Axis,bank_timeout,25,0,749,3.9,0.0,True
txn_006876,2026-06-20 23:04:47,104.04,Wallet,ICICI,network_error,20,0,887,1.8,1.16,True
txn_006877,2025-01-03 08:00:08,203.57,UPI,Yes Bank,insufficient_funds,3,0,25,0.5,4.27,False
txn_006878,2025-04-08 21:51:48,211.0,Credit Card,Axis,otp_failure,8,2,407,1.3,0.0,True
txn_006879,2025-11-29 18:06:30,505.12,Credit Card,Kotak,expired_card,29,1,768,0.9,,False
txn_006880,2025-02-20 00:40:46,1734.93,Credit Card,Kotak,bank_timeout,20,1,700,1.5,0.23,True
txn_006881,2026-05-02 21:32:09,2746.32,Wallet,ICICI,insufficient_funds,2,1,413,6.3,4.21,True
txn_006882,2025-06-21 22:50:53,1486.63,UPI,SBI,bank_timeout,21,3,341,0.6,0.41,False
txn_006883,2026-02-28 15:48:04,1461.53,UPI,Yes Bank,insufficient_funds,28,1,50,2.9,4.64,True
txn_006884,2025-07-09 05:36:38,481.23,UPI,Yes Bank,network_error,9,0,588,5.2,0.0,True
txn_006885,2025-04-24 19:06:20,833.83,Credit Card,Yes Bank,expired_card,24,1,717,0.5,,False
txn_006886,2025-10-29 07:23:48,2144.27,Credit Card,HDFC,insufficient_funds,29,1,849,8.8,4.11,True
txn_006887,2025-02-16 01:53:45,423.76,Netbanking,PNB,network_error,16,2,215,2.0,0.0,True
txn_006888,2026-03-19 06:16:56,444.06,Wallet,HDFC,bank_timeout,19,1,689,2.0,0.47,False
txn_006889,2026-05-16 07:21:58,1182.38,Credit Card,IDFC,network_error,16,3,561,1.2,0.0,False
txn_006890,2026-03-20 15:48:30,269.11,Netbanking,HDFC,otp_failure,20,0,770,0.0,0.0,True
txn_006891,2025-02-27 05:38:20,1730.75,Wallet,IDFC,insufficient_funds,27,1,460,0.7,3.92,True
txn_006892,2026-07-12 00:15:00,406.89,Netbanking,PNB,insufficient_funds,12,0,174,0.1,3.65,True
txn_006893,2025-07-24 02:20:57,2239.01,Credit Card,Axis,invalid_cvv,24,0,382,0.2,0.55,False
txn_006894,2026-01-08 00:52:16,1015.96,Wallet,Kotak,otp_failure,8,0,586,0.1,0.01,True
txn_006895,2026-06-24 08:20:02,4826.16,Debit Card,Axis,insufficient_funds,24,0,100,0.3,3.67,False
txn_006896,2026-05-30 08:31:59,703.88,Debit Card,Kotak,insufficient_funds,30,0,892,3.9,3.72,False
txn_006897,2025-08-27 06:21:37,733.54,Wallet,Yes Bank,invalid_cvv,27,3,477,1.6,1.13,False
txn_006898,2025-06-24 18:49:53,138.53,Credit Card,HDFC,insufficient_funds,24,1,193,0.6,3.94,True
txn_006899,2025-11-01 23:09:47,975.6,Netbanking,PNB,otp_failure,1,0,492,6.5,0.31,True
txn_006900,2025-10-20 19:21:34,1981.79,Debit Card,Yes Bank,insufficient_funds,20,1,366,0.8,3.43,True
txn_006901,2025-09-12 20:04:23,1206.93,Credit Card,Axis,otp_failure,12,2,813,1.7,0.89,True
txn_006902,2025-05-05 19:17:39,1090.36,UPI,HDFC,expired_card,5,0,284,0.8,,False
txn_006903,2025-02-26 14:33:15,346.42,Netbanking,Axis,bank_timeout,26,3,854,7.2,0.0,True
txn_006904,2025-10-22 18:04:29,1398.37,UPI,Kotak,bank_timeout,22,2,413,2.1,0.68,False
txn_006905,2025-04-11 23:31:21,1229.33,Netbanking,SBI,bank_timeout,11,0,785,3.2,0.0,True
txn_006906,2025-08-11 00:59:08,126.44,Credit Card,PNB,insufficient_funds,11,1,889,1.2,3.91,False
txn_006907,2026-02-22 06:51:33,1658.33,UPI,SBI,insufficient_funds,22,0,838,0.1,3.83,True
txn_006908,2026-03-29 03:22:19,210.66,Credit Card,SBI,expired_card,29,3,772,0.2,,False
txn_006909,2026-05-29 19:05:40,1200.36,Wallet,SBI,otp_failure,29,1,719,1.9,0.37,False
txn_006910,2025-06-19 23:22:57,936.33,Debit Card,Kotak,otp_failure,19,3,622,0.1,0.04,False
txn_006911,2025-09-15 02:50:45,762.07,Credit Card,ICICI,otp_failure,15,3,714,1.3,0.0,False
txn_006912,2025-01-12 19:58:12,1697.52,Credit Card,HDFC,invalid_cvv,12,1,243,4.1,1.61,False
txn_006913,2026-05-15 13:12:15,1031.69,Netbanking,HDFC,bank_timeout,15,2,313,1.8,0.0,True
txn_006914,2025-10-04 15:28:50,1710.75,Debit Card,HDFC,bank_timeout,4,4,853,2.5,1.03,True
txn_006915,2026-05-10 22:23:39,1187.96,Wallet,IDFC,insufficient_funds,10,2,748,1.1,4.51,True
txn_006916,2026-02-01 11:13:50,1028.94,UPI,Axis,bank_timeout,1,2,109,6.8,0.09,True
txn_006917,2025-01-11 19:56:39,478.86,Debit Card,ICICI,bank_timeout,11,0,171,1.5,0.76,False
txn_006918,2025-03-10 15:38:20,90.24,Netbanking,IDFC,insufficient_funds,10,0,19,0.0,4.07,False
txn_006919,2025-12-11 22:05:54,347.12,Debit Card,SBI,network_error,11,2,90,2.5,0.0,True
txn_006920,2026-04-24 16:02:11,845.63,Credit Card,Kotak,otp_failure,24,2,876,2.6,0.1,True
txn_006921,2026-06-11 21:08:31,179.04,UPI,PNB,insufficient_funds,11,0,498,0.9,4.0,True
txn_006922,2025-09-17 11:45:30,1397.87,Wallet,PNB,invalid_cvv,17,0,763,5.4,1.34,False
txn_006923,2025-09-09 02:19:53,1505.32,Wallet,SBI,network_error,9,1,623,2.0,0.81,True
txn_006924,2025-03-10 03:20:48,453.76,Debit Card,IDFC,otp_failure,10,3,622,1.7,0.0,True
txn_006925,2025-08-31 02:13:37,242.29,Debit Card,IDFC,bank_timeout,31,1,154,9.3,0.41,True
txn_006926,2025-02-06 01:26:50,1471.36,Debit Card,Axis,invalid_cvv,6,0,498,2.6,0.44,True
txn_006927,2025-11-22 12:13:20,185.21,Debit Card,HDFC,insufficient_funds,22,2,363,1.3,3.75,True
txn_006928,2026-06-24 05:06:09,423.95,Debit Card,PNB,invalid_cvv,24,1,8,3.4,1.0,True
txn_006929,2025-10-15 10:07:12,193.98,UPI,SBI,insufficient_funds,15,0,832,2.5,3.56,False
txn_006930,2025-03-02 09:08:07,339.05,UPI,PNB,insufficient_funds,2,3,832,2.0,4.5,False
txn_006931,2025-12-26 21:47:32,260.99,Credit Card,SBI,insufficient_funds,26,1,170,0.7,4.49,False
txn_006932,2025-01-01 20:27:23,234.71,Netbanking,ICICI,bank_timeout,1,0,658,1.7,0.0,True
txn_006933,2025-03-12 13:16:13,581.75,UPI,SBI,otp_failure,12,0,480,0.7,0.0,False
txn_006934,2025-06-25 06:24:59,444.11,Wallet,HDFC,insufficient_funds,25,1,346,11.0,3.32,True
txn_006935,2025-05-21 12:49:37,354.45,Debit Card,IDFC,insufficient_funds,21,0,522,0.2,3.98,False
txn_006936,2026-06-29 00:51:01,772.07,Debit Card,ICICI,insufficient_funds,29,0,649,0.1,3.5,True
txn_006937,2026-05-18 13:36:18,105.5,Wallet,SBI,insufficient_funds,18,1,491,0.6,4.05,True
txn_006938,2025-02-22 10:45:37,1131.23,UPI,ICICI,fraud_block,22,0,78,0.3,,False
txn_006939,2026-02-10 15:31:10,781.69,Wallet,PNB,bank_timeout,10,1,726,0.2,0.41,True
txn_006940,2026-07-16 09:46:15,1110.04,Credit Card,Yes Bank,insufficient_funds,16,0,428,0.9,3.95,True
txn_006941,2026-03-16 06:29:34,300.98,Credit Card,IDFC,expired_card,16,1,798,0.6,,True
txn_006942,2025-03-24 15:44:17,767.32,Credit Card,IDFC,network_error,24,0,728,0.8,0.0,True
txn_006943,2025-06-14 05:27:09,1366.09,Wallet,Yes Bank,insufficient_funds,14,0,727,0.3,3.99,False
txn_006944,2025-09-16 02:48:52,362.92,Wallet,ICICI,network_error,16,2,103,0.6,0.09,True
txn_006945,2026-07-22 06:20:18,1596.9,Wallet,Yes Bank,invalid_cvv,22,1,791,2.8,2.08,True
txn_006946,2026-03-18 22:27:49,4419.52,Netbanking,PNB,invalid_cvv,18,0,880,0.1,0.6,False
txn_006947,2025-05-11 02:02:31,952.86,Credit Card,IDFC,fraud_block,11,2,548,1.6,,False
txn_006948,2026-03-08 20:49:58,742.75,Wallet,HDFC,insufficient_funds,8,1,695,1.6,4.28,False
txn_006949,2026-07-05 13:32:37,1274.72,Credit Card,Yes Bank,otp_failure,5,2,502,1.3,0.0,True
txn_006950,2025-07-03 13:34:11,501.54,Netbanking,Axis,bank_timeout,3,2,811,4.9,0.25,True
txn_006951,2025-02-22 04:06:57,189.8,Wallet,IDFC,expired_card,22,1,236,2.8,,False
txn_006952,2026-04-18 18:10:45,136.5,Debit Card,PNB,bank_timeout,18,0,321,1.8,0.0,False
txn_006953,2025-05-14 21:21:48,309.93,Wallet,Kotak,expired_card,14,1,185,0.6,,False
txn_006954,2025-09-15 15:18:52,267.11,UPI,HDFC,bank_timeout,15,1,351,1.8,0.0,False
txn_006955,2026-05-26 14:00:50,94.12,Credit Card,SBI,expired_card,26,1,73,3.9,,False
txn_006956,2025-05-11 14:00:33,130.99,Netbanking,SBI,otp_failure,11,2,302,2.1,0.01,False
txn_006957,2025-01-01 22:43:36,1627.01,Credit Card,SBI,otp_failure,1,1,609,0.1,0.18,True
txn_006958,2026-03-05 03:06:35,1249.78,Debit Card,Kotak,network_error,5,1,378,0.4,0.0,True
txn_006959,2026-02-21 19:57:59,1260.32,Debit Card,Axis,insufficient_funds,21,0,610,1.1,4.02,False
txn_006960,2025-04-16 01:37:14,1479.26,Debit Card,HDFC,invalid_cvv,16,1,594,1.1,1.42,False
txn_006961,2025-07-15 16:54:45,1049.84,Credit Card,Kotak,otp_failure,15,0,485,0.1,0.0,True
txn_006962,2025-08-05 12:10:34,978.17,Netbanking,Kotak,insufficient_funds,5,0,828,0.1,4.15,True
txn_006963,2026-05-24 14:59:04,427.24,Debit Card,SBI,bank_timeout,24,0,232,0.3,0.0,False
txn_006964,2026-02-12 16:51:24,2536.33,Credit Card,ICICI,invalid_cvv,12,2,372,0.8,1.66,True
txn_006965,2025-11-24 08:35:13,1524.75,UPI,Axis,network_error,24,0,370,2.6,0.53,True
txn_006966,2026-06-29 13:27:57,221.13,Credit Card,SBI,network_error,29,1,812,3.0,1.08,False
txn_006967,2026-07-26 10:48:05,145.58,Credit Card,SBI,network_error,26,0,337,2.2,0.9,True
txn_006968,2025-01-29 01:14:42,268.85,Debit Card,HDFC,insufficient_funds,29,3,896,3.8,3.38,True
txn_006969,2025-08-04 03:37:15,580.41,Debit Card,Axis,insufficient_funds,4,1,855,0.8,4.49,True
txn_006970,2025-04-12 21:45:19,770.82,Debit Card,PNB,expired_card,12,1,446,3.6,,False
txn_006971,2026-01-22 19:53:47,772.29,UPI,SBI,network_error,22,1,491,4.0,1.13,True
txn_006972,2026-06-25 04:10:33,1605.41,Credit Card,Axis,bank_timeout,25,1,307,0.6,0.0,True
txn_006973,2025-10-17 15:55:56,4543.52,Debit Card,HDFC,bank_timeout,17,2,25,1.4,0.42,True
txn_006974,2025-04-12 11:21:28,12537.18,Wallet,ICICI,network_error,12,1,814,0.2,0.37,True
txn_006975,2025-11-21 14:45:19,817.1,UPI,HDFC,bank_timeout,21,1,185,0.1,0.0,True
txn_006976,2025-11-13 05:58:30,1644.93,UPI,IDFC,otp_failure,13,2,793,6.1,0.0,False
txn_006977,2025-06-03 01:07:08,5255.79,Credit Card,HDFC,bank_timeout,3,2,397,1.3,0.0,False
txn_006978,2025-09-25 12:43:17,1142.78,Wallet,Axis,invalid_cvv,25,1,766,4.1,0.96,False
txn_006979,2025-12-08 17:38:31,513.58,Netbanking,PNB,bank_timeout,8,1,323,0.2,0.42,True
txn_006980,2025-10-04 09:41:28,313.16,Netbanking,ICICI,network_error,4,2,244,1.0,0.11,True
txn_006981,2026-04-20 15:49:38,482.83,Wallet,Axis,network_error,20,0,655,3.4,0.0,True
txn_006982,2025-04-13 13:00:56,797.99,Credit Card,HDFC,otp_failure,13,2,80,0.2,1.31,False
txn_006983,2026-05-22 05:42:39,784.53,Debit Card,ICICI,invalid_cvv,22,0,486,2.9,1.28,False
txn_006984,2025-11-19 21:24:24,1244.42,Credit Card,PNB,bank_timeout,19,1,588,5.6,0.74,True
txn_006985,2025-08-20 21:09:04,389.83,Netbanking,HDFC,bank_timeout,20,2,836,1.4,0.0,True
txn_006986,2025-05-04 14:14:13,242.85,Wallet,Axis,insufficient_funds,4,2,673,0.0,4.55,True
txn_006987,2025-04-03 16:30:10,1785.89,Credit Card,Kotak,otp_failure,3,0,677,0.5,0.65,True
txn_006988,2025-07-12 13:57:51,493.16,Wallet,Kotak,invalid_cvv,12,1,46,0.3,0.08,True
txn_006989,2025-02-21 22:44:56,1287.51,Wallet,IDFC,insufficient_funds,21,2,721,0.7,4.56,False
txn_006990,2025-11-01 09:12:39,1170.59,Debit Card,SBI,expired_card,1,2,505,2.8,,False
txn_006991,2026-03-17 18:45:48,2022.75,Credit Card,Axis,insufficient_funds,17,1,3,5.1,3.18,False
txn_006992,2025-04-03 01:17:16,347.62,Netbanking,PNB,insufficient_funds,3,2,21,4.6,3.73,False
txn_006993,2025-01-11 20:49:54,389.34,Wallet,HDFC,network_error,11,6,318,1.0,0.11,True
txn_006994,2025-10-12 23:22:18,841.77,Netbanking,Yes Bank,bank_timeout,12,1,491,0.4,0.14,True
txn_006995,2025-11-21 10:11:41,151.04,Netbanking,PNB,otp_failure,21,2,726,1.5,0.07,False
txn_006996,2025-02-01 12:27:15,449.25,Netbanking,Axis,bank_timeout,1,2,306,1.6,0.0,True
txn_006997,2026-06-29 00:53:27,3169.38,Netbanking,SBI,expired_card,29,2,254,3.9,,False
txn_006998,2025-03-07 07:58:25,1440.8,Wallet,IDFC,fraud_block,7,0,62,1.5,,False
txn_006999,2025-10-09 05:06:57,744.06,UPI,HDFC,insufficient_funds,9,1,598,1.1,3.85,True
txn_007000,2025-08-24 11:59:45,267.49,Wallet,Kotak,expired_card,24,0,769,1.0,,False
txn_007001,2025-07-17 20:37:04,594.14,UPI,HDFC,otp_failure,17,0,615,2.0,0.33,True
txn_007002,2025-12-09 12:22:29,1944.41,Netbanking,IDFC,otp_failure,9,1,97,1.7,0.0,False
txn_007003,2025-06-02 12:10:35,317.0,UPI,Axis,insufficient_funds,2,0,759,3.2,3.57,False
txn_007004,2026-07-12 03:03:48,887.37,Debit Card,IDFC,expired_card,12,0,120,0.5,,False
txn_007005,2025-09-25 00:42:30,623.49,Credit Card,Kotak,network_error,25,3,12,0.2,0.16,True
txn_007006,2026-05-18 17:06:55,300.71,Wallet,IDFC,bank_timeout,18,3,341,0.7,0.41,True
txn_007007,2025-05-10 22:13:43,3575.54,Netbanking,Axis,bank_timeout,10,1,134,1.3,0.13,True
txn_007008,2025-04-11 13:36:11,179.66,Debit Card,IDFC,network_error,11,2,427,3.1,0.07,True
txn_007009,2025-04-15 14:47:48,448.94,Netbanking,ICICI,insufficient_funds,15,1,501,0.1,3.44,False
txn_007010,2025-03-10 17:00:26,376.33,UPI,SBI,bank_timeout,10,2,136,0.2,0.34,True
txn_007011,2025-07-18 15:05:09,556.95,Debit Card,IDFC,bank_timeout,18,0,176,0.1,0.0,True
txn_007012,2026-06-01 21:09:33,138.52,Debit Card,Yes Bank,insufficient_funds,1,1,516,0.4,4.47,True
txn_007013,2026-05-24 09:37:20,698.98,Wallet,Yes Bank,fraud_block,24,1,293,6.3,,False
txn_007014,2025-07-27 00:56:46,1584.75,Debit Card,ICICI,invalid_cvv,27,5,223,2.2,0.47,True
txn_007015,2026-06-12 12:47:30,1661.83,Wallet,HDFC,invalid_cvv,12,0,657,3.2,1.42,False
txn_007016,2026-02-19 14:46:14,4018.4,Netbanking,ICICI,insufficient_funds,19,4,756,0.3,3.87,True
txn_007017,2026-07-29 16:50:03,113.27,Wallet,IDFC,invalid_cvv,29,4,692,1.3,1.51,True
txn_007018,2025-04-25 13:57:06,1077.43,Debit Card,Kotak,expired_card,25,0,758,3.1,,False
txn_007019,2026-07-07 10:01:23,1289.09,Credit Card,IDFC,bank_timeout,7,0,669,0.4,0.0,True
txn_007020,2025-07-24 19:09:35,571.36,Debit Card,Axis,bank_timeout,24,1,416,0.4,0.38,True
txn_007021,2026-03-11 17:40:08,734.71,UPI,Axis,invalid_cvv,11,0,125,2.6,0.86,True
txn_007022,2025-04-15 01:31:44,389.38,UPI,PNB,insufficient_funds,15,0,847,0.6,3.91,True
txn_007023,2025-05-25 23:34:32,335.24,UPI,HDFC,bank_timeout,25,3,382,0.1,0.25,True
txn_007024,2025-10-11 05:57:03,578.08,Wallet,Axis,network_error,11,1,129,2.9,0.0,True
txn_007025,2025-06-24 16:40:45,1277.95,Debit Card,Kotak,invalid_cvv,24,3,55,1.5,0.2,False
txn_007026,2025-06-07 03:16:24,89.04,Credit Card,Axis,expired_card,7,0,454,4.2,,False
txn_007027,2025-03-02 05:36:20,4541.09,Credit Card,Yes Bank,network_error,2,1,457,1.1,0.0,False
txn_007028,2026-06-04 05:01:05,1009.82,Wallet,PNB,insufficient_funds,4,0,122,0.4,4.65,True
txn_007029,2025-11-12 02:11:44,571.3,Credit Card,Yes Bank,insufficient_funds,12,2,653,1.8,4.37,False
txn_007030,2026-07-13 06:48:22,890.03,UPI,Yes Bank,otp_failure,13,0,769,2.0,0.0,False
txn_007031,2025-12-29 15:43:49,143.49,Netbanking,Kotak,bank_timeout,29,0,805,5.0,0.5,True
txn_007032,2026-01-23 21:06:30,103.58,UPI,PNB,fraud_block,23,4,558,4.8,,False
txn_007033,2025-11-08 18:12:09,907.07,Wallet,Kotak,bank_timeout,8,2,767,3.5,0.0,True
txn_007034,2026-07-15 14:18:53,993.94,UPI,Axis,network_error,15,2,135,0.9,0.33,True
txn_007035,2025-10-08 00:04:09,1144.11,Debit Card,IDFC,bank_timeout,8,0,586,0.5,0.45,True
txn_007036,2025-10-15 22:41:59,1307.79,Wallet,PNB,fraud_block,15,2,299,1.0,,False
txn_007037,2025-07-30 09:05:38,503.38,Netbanking,IDFC,otp_failure,30,1,194,1.8,0.0,False
txn_007038,2026-07-20 13:23:28,1999.39,Wallet,IDFC,expired_card,20,2,866,0.8,,False
txn_007039,2025-02-19 09:15:25,2006.02,Netbanking,Axis,bank_timeout,19,1,692,3.0,0.0,False
txn_007040,2025-08-06 18:14:13,5543.91,Debit Card,ICICI,insufficient_funds,6,1,801,1.5,4.33,True
txn_007041,2025-05-18 13:04:12,565.98,UPI,Kotak,insufficient_funds,18,1,52,3.2,4.23,True
txn_007042,2025-10-15 08:09:52,536.69,Credit Card,HDFC,fraud_block,15,1,821,2.6,,False
txn_007043,2026-03-21 19:39:02,1737.08,UPI,Kotak,expired_card,21,1,355,3.5,,False
txn_007044,2026-01-30 14:39:21,267.17,Credit Card,Yes Bank,expired_card,30,0,120,0.0,,False
txn_007045,2025-05-24 23:26:59,1344.1,Netbanking,SBI,otp_failure,24,0,85,0.6,0.0,True
txn_007046,2025-09-08 22:57:19,1144.55,UPI,IDFC,network_error,8,1,8,1.4,0.53,False
txn_007047,2025-11-05 10:00:44,649.54,UPI,PNB,expired_card,5,0,221,0.3,,False
txn_007048,2025-05-22 03:34:41,488.67,Credit Card,Axis,insufficient_funds,22,2,301,5.4,4.79,False
txn_007049,2025-01-11 12:31:12,589.01,Netbanking,Kotak,insufficient_funds,11,3,758,0.9,3.84,True
txn_007050,2025-04-17 04:26:16,932.54,Debit Card,Yes Bank,bank_timeout,17,0,2,1.1,1.29,False
txn_007051,2026-07-12 05:23:18,773.73,Wallet,ICICI,expired_card,12,0,42,2.2,,False
txn_007052,2025-07-26 08:54:55,151.58,Debit Card,IDFC,network_error,26,0,742,4.0,0.0,True
txn_007053,2025-04-06 04:18:27,332.75,UPI,HDFC,expired_card,6,2,897,2.0,,False
txn_007054,2026-06-03 14:47:24,431.71,UPI,Axis,fraud_block,3,0,185,1.1,,False
txn_007055,2025-07-12 11:33:26,207.83,Debit Card,IDFC,fraud_block,12,0,656,0.6,,False
txn_007056,2025-04-01 08:48:29,1763.59,UPI,Yes Bank,network_error,1,2,221,0.6,0.0,True
txn_007057,2025-08-28 23:10:33,2778.57,Debit Card,HDFC,insufficient_funds,28,1,612,2.3,4.59,True
txn_007058,2025-12-18 16:54:01,362.74,Wallet,IDFC,network_error,18,0,800,0.6,0.63,True
txn_007059,2025-06-20 21:17:49,1116.92,Netbanking,Axis,network_error,20,2,731,1.3,0.0,True
txn_007060,2025-03-22 23:21:27,416.87,Credit Card,HDFC,insufficient_funds,22,1,782,0.5,4.01,False
txn_007061,2026-02-19 21:25:30,476.2,Credit Card,PNB,insufficient_funds,19,3,166,0.0,3.35,False
txn_007062,2026-02-17 07:23:34,114.35,UPI,SBI,insufficient_funds,17,2,101,1.4,4.36,False
txn_007063,2025-04-21 08:43:34,499.66,Credit Card,ICICI,insufficient_funds,21,1,777,0.1,3.64,False
txn_007064,2025-10-14 02:44:03,601.69,Wallet,PNB,otp_failure,14,1,800,1.2,0.22,False
txn_007065,2025-03-13 18:03:08,1898.97,Wallet,Kotak,insufficient_funds,13,1,771,0.0,3.89,True
txn_007066,2025-09-05 06:12:23,415.4,Debit Card,Axis,invalid_cvv,5,0,23,2.3,0.81,False
txn_007067,2025-10-09 18:06:53,924.38,UPI,SBI,insufficient_funds,9,0,424,3.6,3.6,False
txn_007068,2025-12-03 06:41:25,878.32,Wallet,PNB,expired_card,3,1,154,2.5,,False
txn_007069,2025-07-21 18:18:25,217.47,UPI,PNB,insufficient_funds,21,1,158,0.5,3.3,False
txn_007070,2025-02-07 18:08:43,204.02,Credit Card,PNB,fraud_block,7,2,853,0.5,,False
txn_007071,2025-05-31 16:20:21,3716.91,Debit Card,HDFC,network_error,31,0,595,4.3,0.0,True
txn_007072,2026-06-22 02:30:45,371.98,Wallet,IDFC,network_error,22,0,248,0.1,1.19,True
txn_007073,2025-09-23 04:50:57,407.5,Debit Card,Axis,otp_failure,23,0,813,2.4,0.0,False
txn_007074,2025-12-12 09:59:14,3239.12,Netbanking,PNB,otp_failure,12,1,535,2.5,0.94,False
txn_007075,2025-04-13 13:43:07,2461.38,Wallet,IDFC,bank_timeout,13,1,481,0.7,0.04,True
txn_007076,2025-11-07 22:13:33,193.01,UPI,IDFC,expired_card,7,3,243,7.8,,False
txn_007077,2025-05-27 06:10:17,353.87,Debit Card,PNB,insufficient_funds,27,2,26,2.3,4.59,True
txn_007078,2025-01-03 15:28:45,509.99,Credit Card,Kotak,fraud_block,3,0,655,0.7,,False
txn_007079,2025-02-18 02:44:45,1141.61,Credit Card,Yes Bank,bank_timeout,18,1,538,0.7,0.0,True
txn_007080,2025-04-29 10:49:05,251.34,Netbanking,ICICI,invalid_cvv,29,2,113,4.1,0.96,True
txn_007081,2025-01-20 02:19:39,1077.3,UPI,Yes Bank,network_error,20,5,446,2.2,0.75,True
txn_007082,2026-05-20 03:40:30,548.65,Wallet,HDFC,insufficient_funds,20,3,40,0.7,4.9,False
txn_007083,2025-01-29 05:55:17,529.38,Credit Card,SBI,bank_timeout,29,1,822,2.4,0.0,True
txn_007084,2026-01-11 19:31:23,5968.94,Debit Card,SBI,insufficient_funds,11,1,341,0.3,4.32,True
txn_007085,2025-02-21 00:58:16,1441.61,UPI,SBI,invalid_cvv,21,1,501,1.4,1.69,True
txn_007086,2025-09-06 09:17:30,932.57,Netbanking,Axis,otp_failure,6,2,187,6.3,0.33,False
txn_007087,2025-04-04 03:22:45,764.28,Netbanking,HDFC,bank_timeout,4,0,232,8.1,0.58,False
txn_007088,2026-04-15 07:23:23,641.2,UPI,Axis,insufficient_funds,15,2,814,1.1,2.85,True
txn_007089,2026-03-22 13:52:37,38.44,Credit Card,Axis,otp_failure,22,0,514,11.1,0.32,True
txn_007090,2025-11-06 03:11:00,724.67,Wallet,ICICI,network_error,6,0,387,4.8,0.36,True
txn_007091,2026-01-19 23:51:27,2400.7,Debit Card,HDFC,bank_timeout,19,2,497,2.4,0.0,True
txn_007092,2025-06-04 03:33:10,516.01,Credit Card,Axis,insufficient_funds,4,1,28,1.8,3.68,True
txn_007093,2025-10-21 15:59:11,1370.53,Wallet,Yes Bank,otp_failure,21,2,173,0.5,0.71,True
txn_007094,2025-09-30 16:18:54,639.99,Debit Card,IDFC,invalid_cvv,30,2,361,0.5,1.69,True
txn_007095,2025-05-17 17:04:08,655.38,Credit Card,SBI,insufficient_funds,17,0,261,3.8,4.75,False
txn_007096,2026-03-24 02:12:46,1708.3,Netbanking,Axis,insufficient_funds,24,1,757,3.3,4.01,False
txn_007097,2025-09-25 04:03:15,697.35,Debit Card,Yes Bank,network_error,25,0,629,2.6,0.01,True
txn_007098,2026-04-23 23:19:58,118.37,UPI,Axis,otp_failure,23,4,198,2.7,0.0,False
txn_007099,2025-07-02 05:50:39,6186.25,Debit Card,SBI,insufficient_funds,2,0,247,3.6,4.26,True
txn_007100,2025-04-28 02:40:25,409.56,Netbanking,Axis,bank_timeout,28,2,281,6.5,0.0,True
txn_007101,2026-06-28 04:05:34,278.17,Wallet,Axis,expired_card,28,0,57,0.5,,False
txn_007102,2026-02-10 14:44:45,781.0,Wallet,SBI,network_error,10,2,458,3.3,0.37,True
txn_007103,2025-01-02 02:32:54,1375.61,UPI,Yes Bank,bank_timeout,2,2,454,0.7,0.63,True
txn_007104,2026-01-03 22:03:41,2339.19,Debit Card,Yes Bank,bank_timeout,3,1,512,1.8,0.0,False
txn_007105,2025-06-25 03:39:32,865.06,Debit Card,Axis,otp_failure,25,0,106,1.3,0.0,True
txn_007106,2025-11-25 17:31:12,494.48,Netbanking,ICICI,network_error,25,0,622,9.6,0.0,False
txn_007107,2026-01-30 00:18:29,3548.35,UPI,HDFC,otp_failure,30,1,854,0.5,0.02,True
txn_007108,2025-12-31 16:54:19,686.72,Netbanking,ICICI,bank_timeout,31,1,45,0.4,0.0,True
txn_007109,2025-02-08 00:35:09,264.1,Wallet,PNB,bank_timeout,8,2,719,5.0,0.0,True
txn_007110,2025-02-05 09:19:52,3381.65,Wallet,SBI,fraud_block,5,1,431,1.0,,False
txn_007111,2025-10-30 05:09:45,945.91,Wallet,PNB,otp_failure,30,0,220,2.5,0.01,True
txn_007112,2025-04-04 19:44:52,528.94,Wallet,SBI,expired_card,4,1,184,1.3,,False
txn_007113,2025-06-05 06:28:03,305.69,Netbanking,HDFC,bank_timeout,5,1,523,0.7,0.66,True
txn_007114,2025-03-18 15:20:51,297.76,Credit Card,PNB,network_error,18,0,133,0.1,0.0,False
txn_007115,2025-04-07 20:13:39,291.13,Debit Card,IDFC,insufficient_funds,7,1,249,1.4,3.9,False
txn_007116,2025-03-19 11:58:19,768.71,UPI,Axis,expired_card,19,2,643,1.7,,False
txn_007117,2026-03-10 15:00:56,931.85,Wallet,SBI,invalid_cvv,10,3,666,2.0,1.87,False
txn_007118,2026-07-03 10:24:55,1762.42,Credit Card,PNB,bank_timeout,3,2,710,4.1,0.06,False
txn_007119,2026-06-02 11:15:10,610.27,Netbanking,Kotak,insufficient_funds,2,1,315,0.5,3.3,True
txn_007120,2026-02-19 20:56:56,225.1,UPI,IDFC,invalid_cvv,19,1,527,3.0,0.77,False
txn_007121,2026-01-07 15:26:45,110.33,Debit Card,Yes Bank,insufficient_funds,7,2,425,0.1,3.41,False
txn_007122,2025-12-10 18:57:51,596.33,UPI,SBI,expired_card,10,1,237,1.3,,False
txn_007123,2025-04-23 17:45:58,769.12,Debit Card,Axis,expired_card,23,0,157,4.2,,False
txn_007124,2026-06-21 14:24:30,221.25,Debit Card,SBI,otp_failure,21,5,424,0.8,0.22,True
txn_007125,2025-05-06 08:26:58,264.07,Wallet,HDFC,otp_failure,6,2,838,0.6,0.1,False
txn_007126,2026-05-09 00:25:09,2105.81,Credit Card,Kotak,insufficient_funds,9,2,369,0.1,4.09,False
txn_007127,2025-07-17 02:21:37,903.81,Debit Card,Yes Bank,expired_card,17,1,672,1.3,,False
txn_007128,2026-03-12 03:07:44,528.22,Wallet,SBI,bank_timeout,12,0,517,1.1,0.0,True
txn_007129,2026-07-12 04:27:52,552.79,Debit Card,SBI,fraud_block,12,1,254,2.6,,False
txn_007130,2026-07-25 07:27:29,353.9,UPI,IDFC,network_error,25,0,501,0.6,0.43,True
txn_007131,2025-02-14 09:32:16,672.63,Netbanking,SBI,otp_failure,14,0,12,0.2,0.12,False
txn_007132,2026-04-25 23:05:43,2351.85,UPI,Axis,otp_failure,25,1,875,0.3,0.0,False
txn_007133,2025-10-16 14:57:04,1114.57,Credit Card,IDFC,bank_timeout,16,2,427,4.2,0.37,False
txn_007134,2025-07-08 03:44:23,972.14,Netbanking,Axis,insufficient_funds,8,1,664,2.8,4.35,False
txn_007135,2025-02-21 18:48:07,307.4,Credit Card,HDFC,otp_failure,21,0,104,1.1,0.69,False
txn_007136,2025-07-30 22:10:16,699.88,Netbanking,PNB,network_error,30,1,511,5.8,0.0,True
txn_007137,2025-08-03 04:54:23,282.27,Credit Card,Axis,invalid_cvv,3,3,385,9.7,0.62,False
txn_007138,2025-01-05 21:40:52,123.32,Netbanking,Yes Bank,expired_card,5,0,535,2.9,,True
txn_007139,2025-06-27 23:00:59,3506.98,Wallet,Kotak,fraud_block,27,4,199,4.2,,False
txn_007140,2025-04-05 18:42:16,862.89,Wallet,Yes Bank,network_error,5,0,47,1.0,0.0,True
txn_007141,2025-04-26 08:11:15,883.27,Credit Card,ICICI,insufficient_funds,26,1,706,2.1,3.87,False
txn_007142,2025-06-20 16:27:56,191.36,Netbanking,SBI,insufficient_funds,20,1,218,8.0,3.69,False
txn_007143,2025-11-08 16:38:12,50.06,Credit Card,Kotak,invalid_cvv,8,0,203,0.6,0.75,False
txn_007144,2026-05-31 17:18:05,110.21,Netbanking,Axis,network_error,31,2,394,2.3,0.0,True
txn_007145,2026-03-20 10:32:39,516.32,Netbanking,Yes Bank,bank_timeout,20,1,233,10.4,0.14,True
txn_007146,2025-10-27 21:43:47,4910.28,Credit Card,Yes Bank,insufficient_funds,27,0,406,1.2,2.88,True
txn_007147,2026-07-22 09:27:42,517.63,UPI,PNB,fraud_block,22,0,331,0.0,,False
txn_007148,2025-02-04 23:28:28,1921.78,UPI,Yes Bank,bank_timeout,4,1,896,2.0,0.0,False
txn_007149,2025-07-15 06:56:24,213.48,Wallet,ICICI,otp_failure,15,1,523,0.6,0.0,True
txn_007150,2025-05-16 08:48:45,174.35,Credit Card,Yes Bank,insufficient_funds,16,2,744,0.1,2.62,False
txn_007151,2025-03-09 04:03:57,615.81,Netbanking,Kotak,expired_card,9,1,832,1.7,,True
txn_007152,2025-02-25 22:33:59,1836.31,Credit Card,Yes Bank,bank_timeout,25,1,488,1.0,0.12,False
txn_007153,2025-09-14 06:40:56,1145.78,Netbanking,Kotak,network_error,14,2,69,0.5,0.61,True
txn_007154,2025-01-14 03:10:08,123.78,Wallet,ICICI,network_error,14,1,222,1.6,0.46,False
txn_007155,2026-03-24 13:44:33,862.71,Netbanking,Axis,otp_failure,24,0,613,3.1,0.0,True
txn_007156,2026-04-04 23:49:10,7308.73,UPI,PNB,otp_failure,4,1,600,0.2,0.27,True
txn_007157,2026-03-01 23:05:19,516.65,Netbanking,Yes Bank,bank_timeout,1,1,770,4.0,0.0,False
txn_007158,2025-05-24 14:05:30,1152.31,Credit Card,PNB,invalid_cvv,24,1,64,0.2,1.08,False
txn_007159,2025-01-01 09:50:29,557.23,Debit Card,HDFC,expired_card,1,1,505,2.3,,False
txn_007160,2025-07-16 23:50:13,1184.93,Debit Card,IDFC,expired_card,16,0,174,5.9,,True
txn_007161,2025-05-03 22:50:45,1806.56,Credit Card,ICICI,bank_timeout,3,1,298,5.4,0.62,True
txn_007162,2026-04-29 16:53:21,896.33,Netbanking,ICICI,expired_card,29,0,219,8.0,,False
txn_007163,2025-04-16 14:23:22,863.33,Credit Card,SBI,bank_timeout,16,1,844,13.0,0.0,False
txn_007164,2025-08-27 19:51:40,1242.97,Credit Card,Axis,insufficient_funds,27,2,423,0.1,3.76,True
txn_007165,2026-03-20 22:54:16,544.02,Debit Card,IDFC,invalid_cvv,20,0,143,0.2,0.62,False
txn_007166,2026-04-27 19:18:30,1219.24,Netbanking,PNB,network_error,27,0,761,0.9,0.51,True
txn_007167,2026-02-18 04:49:53,3158.86,Wallet,PNB,network_error,18,0,108,0.1,0.19,True
txn_007168,2025-11-12 08:04:47,603.12,Credit Card,PNB,expired_card,12,0,167,2.3,,False
txn_007169,2025-06-17 11:26:15,321.34,Credit Card,SBI,insufficient_funds,17,1,873,0.5,4.09,True
txn_007170,2025-11-28 03:58:19,1846.68,Netbanking,PNB,insufficient_funds,28,1,830,6.7,3.53,True
txn_007171,2025-06-29 16:11:44,460.9,Credit Card,SBI,otp_failure,29,2,519,0.9,0.0,False
txn_007172,2025-04-13 09:53:31,591.59,Netbanking,IDFC,otp_failure,13,3,315,1.0,0.0,False
txn_007173,2026-06-09 05:58:53,801.36,Credit Card,PNB,bank_timeout,9,1,298,0.6,0.0,False
txn_007174,2025-09-21 09:38:03,430.32,Wallet,PNB,insufficient_funds,21,0,674,0.2,2.98,True
txn_007175,2026-05-19 21:32:44,2107.88,Wallet,IDFC,insufficient_funds,19,1,91,0.8,4.32,False
txn_007176,2025-10-01 17:31:36,804.21,Debit Card,Axis,bank_timeout,1,1,497,2.8,0.53,True
txn_007177,2026-05-06 02:02:37,839.03,Wallet,Kotak,invalid_cvv,6,1,679,3.3,0.47,True
txn_007178,2025-06-07 16:28:46,612.98,Credit Card,ICICI,bank_timeout,7,1,110,2.2,0.44,False
txn_007179,2026-05-05 07:24:13,316.7,Netbanking,Yes Bank,otp_failure,5,1,645,3.1,0.01,False
txn_007180,2025-08-28 19:49:42,390.84,Debit Card,HDFC,expired_card,28,0,584,2.0,,False
txn_007181,2026-02-03 01:35:02,1530.62,Wallet,Yes Bank,insufficient_funds,3,0,241,5.6,4.71,True
txn_007182,2025-05-22 02:55:42,1021.26,Debit Card,ICICI,invalid_cvv,22,3,644,0.7,1.34,False
txn_007183,2025-04-23 09:59:41,96.54,Credit Card,SBI,network_error,23,1,223,0.1,0.74,True
txn_007184,2025-04-05 00:33:40,170.68,Wallet,ICICI,bank_timeout,5,3,178,4.1,0.91,False
txn_007185,2025-10-01 09:14:57,310.86,Credit Card,Yes Bank,insufficient_funds,1,0,439,2.2,3.9,False
txn_007186,2026-01-13 17:06:06,332.22,Netbanking,Kotak,bank_timeout,13,1,342,7.5,0.85,False
txn_007187,2025-08-08 15:33:20,587.11,Wallet,PNB,otp_failure,8,1,159,0.3,0.0,True
txn_007188,2025-08-09 15:51:58,2387.87,Netbanking,HDFC,invalid_cvv,9,3,493,1.4,0.51,False
txn_007189,2026-07-07 05:22:30,369.9,Credit Card,HDFC,insufficient_funds,7,1,655,1.2,4.1,False
txn_007190,2025-04-19 23:01:02,255.23,Netbanking,PNB,bank_timeout,19,0,203,0.0,0.57,True
txn_007191,2025-11-04 07:19:27,51.68,UPI,Kotak,fraud_block,4,1,301,1.2,,False
txn_007192,2026-02-28 02:58:44,573.04,Netbanking,PNB,network_error,28,3,549,3.0,0.0,True
txn_007193,2025-11-08 09:34:22,1198.15,UPI,PNB,otp_failure,8,0,343,0.4,0.91,True
txn_007194,2026-04-06 15:55:18,1585.56,Netbanking,Kotak,fraud_block,6,2,535,0.1,,False
txn_007195,2025-03-11 03:34:53,572.23,Netbanking,Axis,insufficient_funds,11,0,10,4.8,4.06,False
txn_007196,2025-10-27 13:09:57,721.38,UPI,IDFC,fraud_block,27,1,606,1.8,,False
txn_007197,2026-06-21 10:12:20,1024.12,Credit Card,Kotak,insufficient_funds,21,0,317,1.5,3.45,False
txn_007198,2025-09-14 19:18:46,5544.46,Credit Card,HDFC,insufficient_funds,14,2,524,2.3,4.68,True
txn_007199,2025-11-12 21:33:00,599.38,Debit Card,Yes Bank,insufficient_funds,12,1,229,4.3,3.48,False
txn_007200,2025-09-02 11:04:49,381.84,Debit Card,PNB,network_error,2,2,484,2.1,0.0,True
txn_007201,2025-06-04 16:58:53,142.03,Credit Card,IDFC,expired_card,4,2,863,0.3,,False
txn_007202,2025-07-31 13:53:48,587.28,Wallet,IDFC,otp_failure,31,2,485,2.7,0.52,False
txn_007203,2026-04-24 19:37:23,584.9,Debit Card,PNB,network_error,24,1,665,2.7,0.0,True
txn_007204,2025-12-09 19:54:32,1717.34,Credit Card,ICICI,expired_card,9,0,307,0.9,,False
txn_007205,2026-05-09 05:03:59,877.75,Wallet,Yes Bank,invalid_cvv,9,3,150,0.3,0.35,True
txn_007206,2025-04-17 16:26:56,2137.62,Wallet,IDFC,otp_failure,17,0,280,7.9,0.5,True
txn_007207,2025-06-23 00:10:39,3516.11,UPI,Axis,network_error,23,0,627,0.9,0.0,True
txn_007208,2025-02-08 11:35:33,377.22,UPI,PNB,expired_card,8,2,443,1.7,,False
txn_007209,2026-07-13 11:25:36,1672.77,Credit Card,SBI,invalid_cvv,13,1,603,1.9,0.68,False
txn_007210,2025-10-13 20:08:41,2195.32,UPI,ICICI,bank_timeout,13,2,661,1.5,0.93,True
txn_007211,2025-05-06 10:48:06,2957.67,Wallet,SBI,insufficient_funds,6,2,212,0.9,4.22,True
txn_007212,2025-12-26 08:50:28,364.5,Netbanking,Axis,insufficient_funds,26,0,885,0.3,4.48,False
txn_007213,2025-11-28 07:46:30,913.75,UPI,Axis,insufficient_funds,28,0,605,1.4,3.58,True
txn_007214,2025-03-02 20:47:40,2216.52,UPI,Kotak,insufficient_funds,2,1,717,0.7,5.17,True
txn_007215,2026-02-12 09:45:59,524.11,Wallet,Yes Bank,insufficient_funds,12,1,710,2.7,4.7,True
txn_007216,2026-04-21 03:21:46,158.59,Netbanking,Yes Bank,bank_timeout,21,1,516,0.7,0.36,True
txn_007217,2025-08-07 19:08:15,766.3,Netbanking,IDFC,insufficient_funds,7,1,499,3.2,4.0,True
txn_007218,2025-07-12 15:18:36,1985.59,UPI,Yes Bank,bank_timeout,12,1,344,1.7,0.0,True
txn_007219,2025-07-23 06:54:42,331.7,UPI,Axis,network_error,23,1,7,0.9,0.07,True
txn_007220,2025-08-27 18:11:37,765.84,UPI,ICICI,invalid_cvv,27,1,510,1.4,1.47,False
txn_007221,2025-08-26 04:11:00,1154.0,Wallet,ICICI,insufficient_funds,26,1,633,1.3,3.65,True
txn_007222,2025-11-04 05:03:47,614.74,Wallet,Axis,insufficient_funds,4,0,55,0.9,4.34,True
txn_007223,2026-04-17 19:53:34,707.76,Debit Card,Kotak,expired_card,17,1,251,2.6,,False
txn_007224,2025-08-03 05:03:35,3548.69,Wallet,PNB,insufficient_funds,3,3,390,0.1,3.8,True
txn_007225,2025-08-10 10:26:31,800.61,Debit Card,Kotak,otp_failure,10,4,795,0.1,0.0,True
txn_007226,2025-11-15 09:25:21,270.24,UPI,HDFC,insufficient_funds,15,1,552,1.3,3.92,True
txn_007227,2026-02-13 10:04:47,1562.94,Wallet,SBI,bank_timeout,13,3,731,0.0,1.2,True
txn_007228,2025-04-24 11:34:43,686.4,Debit Card,HDFC,fraud_block,24,0,894,2.2,,False
txn_007229,2026-04-06 20:18:16,1895.45,UPI,IDFC,expired_card,6,4,321,2.8,,False
txn_007230,2025-04-10 15:45:15,143.07,Wallet,PNB,fraud_block,10,2,396,2.9,,False
txn_007231,2026-07-16 23:52:32,91.7,Debit Card,Kotak,insufficient_funds,16,4,351,3.6,3.91,False
txn_007232,2025-03-19 11:38:30,273.58,Debit Card,SBI,network_error,19,0,360,0.4,0.0,True
txn_007233,2025-03-22 11:27:19,792.93,Credit Card,PNB,insufficient_funds,22,3,699,1.2,4.15,False
txn_007234,2025-04-11 06:23:20,704.54,Credit Card,SBI,otp_failure,11,0,755,2.6,0.29,True
txn_007235,2025-03-31 10:25:51,686.49,Netbanking,HDFC,bank_timeout,31,0,478,0.8,0.04,True
txn_007236,2026-01-07 23:54:20,298.36,UPI,Kotak,insufficient_funds,7,2,240,0.2,3.21,False
txn_007237,2026-02-07 18:53:05,227.25,UPI,Axis,network_error,7,2,514,0.5,0.69,True
txn_007238,2025-08-11 23:17:13,1858.1,Netbanking,Yes Bank,network_error,11,1,493,1.5,0.0,False
txn_007239,2025-09-19 12:08:06,2654.8,Netbanking,SBI,insufficient_funds,19,3,300,2.6,4.18,False
txn_007240,2025-04-08 14:29:23,465.73,Credit Card,Axis,invalid_cvv,8,1,842,4.1,1.19,True
txn_007241,2025-01-08 21:24:29,3803.01,Credit Card,Kotak,invalid_cvv,8,3,486,0.4,1.31,False
txn_007242,2025-08-05 00:51:42,432.74,Wallet,IDFC,insufficient_funds,5,0,139,2.3,3.74,True
txn_007243,2025-08-25 10:10:43,1078.47,Netbanking,ICICI,invalid_cvv,25,2,541,1.5,0.25,False
txn_007244,2025-04-26 06:02:07,1586.04,Wallet,Axis,network_error,26,0,640,2.3,0.28,True
txn_007245,2026-03-17 01:41:46,850.01,Credit Card,HDFC,otp_failure,17,0,616,0.7,0.51,True
txn_007246,2025-04-20 20:32:31,856.61,UPI,ICICI,expired_card,20,0,279,0.1,,False
txn_007247,2025-04-16 21:56:32,1091.9,Credit Card,Axis,insufficient_funds,16,2,471,0.6,3.72,True
txn_007248,2026-07-24 23:44:52,212.35,Netbanking,Yes Bank,invalid_cvv,24,0,716,2.0,1.54,False
txn_007249,2025-11-02 15:02:30,4819.65,UPI,IDFC,insufficient_funds,2,0,659,2.3,4.46,True
txn_007250,2025-05-28 19:43:15,4587.96,UPI,Yes Bank,bank_timeout,28,4,581,0.6,0.67,False
txn_007251,2026-05-03 18:51:04,1024.11,Netbanking,HDFC,invalid_cvv,3,0,211,0.9,0.29,False
txn_007252,2026-03-08 08:58:55,460.29,Netbanking,ICICI,bank_timeout,8,3,865,0.8,0.27,True
txn_007253,2026-03-22 13:52:25,819.44,Wallet,Axis,invalid_cvv,22,1,450,2.5,0.98,False
txn_007254,2025-02-23 10:13:58,937.55,UPI,Yes Bank,fraud_block,23,2,180,1.2,,False
txn_007255,2026-03-06 04:17:14,740.73,UPI,Axis,otp_failure,6,1,564,5.1,0.13,True
txn_007256,2025-07-21 11:05:55,824.26,UPI,IDFC,insufficient_funds,21,3,330,8.3,4.1,False
txn_007257,2025-10-29 06:43:28,387.22,Debit Card,ICICI,expired_card,29,0,327,1.1,,False
txn_007258,2025-02-26 07:06:22,533.44,Debit Card,Yes Bank,insufficient_funds,26,1,639,3.9,4.04,False
txn_007259,2025-02-07 07:51:52,343.02,Debit Card,Kotak,bank_timeout,7,0,765,1.5,0.0,True
txn_007260,2025-05-23 13:56:24,367.71,Debit Card,IDFC,network_error,23,3,208,3.4,0.0,True
txn_007261,2025-05-03 09:20:32,322.16,Debit Card,HDFC,insufficient_funds,3,1,212,1.5,3.7,False
txn_007262,2025-07-13 03:22:39,1917.53,Debit Card,Kotak,otp_failure,13,3,178,0.6,0.21,False
txn_007263,2025-12-22 08:46:40,2669.19,UPI,SBI,insufficient_funds,22,1,93,5.4,3.68,True
txn_007264,2025-07-25 22:15:12,388.84,Netbanking,Axis,expired_card,25,0,370,0.1,,False
txn_007265,2026-05-25 13:09:37,1068.31,Credit Card,HDFC,expired_card,25,3,492,0.8,,False
txn_007266,2025-08-22 23:51:10,428.96,Debit Card,PNB,otp_failure,22,0,258,0.6,0.67,True
txn_007267,2026-07-09 17:45:27,2971.21,Wallet,IDFC,insufficient_funds,9,1,718,2.4,3.77,True
txn_007268,2026-01-27 19:20:39,478.98,Netbanking,HDFC,otp_failure,27,0,424,1.5,0.0,True
txn_007269,2025-01-26 09:00:15,473.72,Wallet,Yes Bank,bank_timeout,26,0,448,0.4,1.1,False
txn_007270,2026-07-07 01:26:42,46.01,Debit Card,Kotak,otp_failure,7,0,264,2.2,0.04,False
txn_007271,2025-10-24 06:21:13,1333.01,Wallet,HDFC,insufficient_funds,24,0,377,0.9,4.17,False
txn_007272,2025-04-29 19:57:07,151.92,Credit Card,PNB,insufficient_funds,29,2,548,0.2,3.32,True
txn_007273,2025-12-07 07:47:08,971.25,UPI,ICICI,bank_timeout,7,0,854,0.1,0.41,True
txn_007274,2025-12-28 19:26:36,154.25,UPI,Axis,fraud_block,28,1,608,5.5,,False
txn_007275,2025-01-30 03:47:38,1246.56,UPI,Axis,otp_failure,30,0,788,1.0,0.0,False
txn_007276,2025-09-05 09:57:33,708.63,Credit Card,SBI,bank_timeout,5,0,711,2.0,0.33,False
txn_007277,2025-06-27 09:19:42,517.83,Wallet,Yes Bank,expired_card,27,1,340,2.8,,False
txn_007278,2025-02-06 10:52:11,376.91,Debit Card,SBI,insufficient_funds,6,0,360,1.3,4.62,False
txn_007279,2026-03-11 06:05:28,94.31,Wallet,Kotak,bank_timeout,11,3,106,0.0,0.0,False
txn_007280,2025-11-24 20:58:02,379.12,Netbanking,Yes Bank,fraud_block,24,1,607,2.4,,False
txn_007281,2025-05-21 17:19:43,494.29,Netbanking,Yes Bank,fraud_block,21,0,867,1.3,,False
txn_007282,2026-07-21 21:04:04,1219.77,Debit Card,Axis,bank_timeout,21,1,505,4.0,0.0,True
txn_007283,2025-06-06 03:41:30,342.31,Debit Card,SBI,bank_timeout,6,1,380,3.1,0.0,True
txn_007284,2026-04-30 08:54:16,757.63,Debit Card,HDFC,insufficient_funds,30,0,847,0.3,4.14,False
txn_007285,2025-04-16 20:40:13,2636.52,Credit Card,SBI,expired_card,16,2,850,0.2,,False
txn_007286,2025-09-14 11:10:12,810.1,Netbanking,ICICI,invalid_cvv,14,0,806,1.7,0.69,False
txn_007287,2025-06-17 09:42:01,2319.49,Debit Card,HDFC,fraud_block,17,2,600,3.6,,False
txn_007288,2025-06-28 10:19:30,155.07,Credit Card,Axis,bank_timeout,28,1,801,3.4,0.0,True
txn_007289,2025-06-03 05:21:09,575.26,UPI,IDFC,insufficient_funds,3,0,834,0.1,3.94,True
txn_007290,2025-12-30 20:28:00,398.03,Netbanking,ICICI,otp_failure,30,1,118,2.8,0.29,True
txn_007291,2026-07-25 03:55:49,1517.55,Credit Card,IDFC,insufficient_funds,25,2,149,0.1,3.68,False
txn_007292,2025-12-21 09:56:28,824.41,UPI,HDFC,bank_timeout,21,2,829,2.7,0.3,True
txn_007293,2025-12-06 20:19:44,498.73,Netbanking,SBI,network_error,6,0,4,0.8,0.21,False
txn_007294,2026-01-07 13:48:03,2325.35,Wallet,Yes Bank,expired_card,7,0,694,1.7,,False
txn_007295,2025-09-02 19:32:35,1520.45,Debit Card,HDFC,otp_failure,2,1,499,1.4,0.23,True
txn_007296,2025-05-15 19:24:26,3343.82,UPI,Yes Bank,fraud_block,15,2,787,2.4,,False
txn_007297,2025-06-13 14:02:36,886.99,Credit Card,ICICI,bank_timeout,13,1,618,1.3,0.59,True
txn_007298,2025-05-15 09:43:42,93.59,Debit Card,Kotak,network_error,15,2,467,2.2,0.43,True
txn_007299,2026-01-14 18:11:54,654.73,Debit Card,Axis,insufficient_funds,14,0,223,0.1,3.46,False
txn_007300,2025-01-23 13:24:28,1112.2,Debit Card,Kotak,network_error,23,1,182,0.1,0.0,True
txn_007301,2026-07-11 16:58:51,136.12,Debit Card,HDFC,otp_failure,11,2,503,0.1,0.0,True
txn_007302,2025-04-09 16:29:30,1585.29,Wallet,Kotak,fraud_block,9,2,37,6.8,,False
txn_007303,2025-12-23 02:10:37,137.04,Credit Card,HDFC,insufficient_funds,23,0,38,0.6,5.06,True
txn_007304,2025-03-12 13:52:59,543.0,Netbanking,SBI,bank_timeout,12,1,468,1.0,0.05,False
txn_007305,2025-05-07 22:07:10,156.43,Debit Card,Kotak,expired_card,7,1,720,0.4,,False
txn_007306,2025-02-10 11:34:19,213.69,UPI,HDFC,network_error,10,1,706,2.3,0.0,True
txn_007307,2025-12-08 06:00:51,24.82,Netbanking,Kotak,network_error,8,1,751,2.9,0.0,True
txn_007308,2026-05-29 01:36:58,606.13,Wallet,PNB,otp_failure,29,1,465,0.1,0.13,True
txn_007309,2026-07-21 17:36:42,667.31,Credit Card,PNB,otp_failure,21,1,536,0.2,0.65,True
txn_007310,2026-05-14 19:20:50,271.59,Netbanking,Yes Bank,otp_failure,14,1,524,0.8,0.0,True
txn_007311,2025-07-22 07:08:30,2600.86,Netbanking,ICICI,otp_failure,22,0,106,1.9,0.0,True
txn_007312,2026-04-29 08:29:11,7561.07,Wallet,SBI,bank_timeout,29,0,206,1.5,0.51,False
txn_007313,2025-07-24 19:54:15,376.86,Credit Card,IDFC,insufficient_funds,24,1,188,0.9,3.74,False
txn_007314,2025-10-07 10:25:35,1864.86,Wallet,Axis,expired_card,7,2,622,11.7,,False
txn_007315,2026-02-21 23:06:17,1877.6,Netbanking,SBI,network_error,21,0,164,0.7,0.0,True
txn_007316,2026-06-11 08:05:33,1211.74,Netbanking,SBI,expired_card,11,2,413,2.1,,False
txn_007317,2025-09-21 16:20:09,901.99,Wallet,ICICI,bank_timeout,21,0,509,0.0,0.57,True
txn_007318,2025-05-20 17:10:56,791.05,Debit Card,Yes Bank,otp_failure,20,2,196,0.7,0.0,False
txn_007319,2026-04-11 02:23:20,1621.32,Credit Card,Yes Bank,expired_card,11,1,56,0.3,,False
txn_007320,2025-10-27 06:05:27,2955.44,Netbanking,Kotak,network_error,27,0,769,8.0,0.51,True
txn_007321,2026-07-08 12:02:31,594.42,UPI,SBI,expired_card,8,1,76,0.5,,False
txn_007322,2025-07-12 03:58:17,236.61,Netbanking,Axis,insufficient_funds,12,1,405,0.2,4.57,False
txn_007323,2026-05-03 03:52:30,659.29,Debit Card,PNB,fraud_block,3,2,423,1.9,,False
txn_007324,2026-03-22 09:00:52,648.74,Credit Card,SBI,bank_timeout,22,2,151,0.9,0.1,True
txn_007325,2025-03-19 11:05:45,204.58,Debit Card,ICICI,insufficient_funds,19,2,597,2.7,3.59,False
txn_007326,2025-03-08 18:16:26,1344.21,Credit Card,ICICI,expired_card,8,0,820,0.1,,False
txn_007327,2026-02-17 08:59:19,407.52,Netbanking,HDFC,bank_timeout,17,1,334,3.3,0.0,True
txn_007328,2025-07-03 01:52:54,1045.86,UPI,IDFC,expired_card,3,5,233,0.5,,False
txn_007329,2026-07-31 21:48:46,460.52,Wallet,HDFC,insufficient_funds,31,3,602,4.5,3.84,True
txn_007330,2026-06-05 02:25:41,473.62,Credit Card,PNB,insufficient_funds,5,1,640,0.2,3.91,False
txn_007331,2025-02-08 10:26:38,940.16,Netbanking,Kotak,fraud_block,8,1,771,1.6,,False
txn_007332,2026-06-23 17:22:45,492.1,Credit Card,Axis,expired_card,23,2,45,1.2,,False
txn_007333,2026-04-10 16:27:13,4103.57,Debit Card,Yes Bank,network_error,10,1,268,0.3,0.3,True
txn_007334,2025-03-22 10:39:58,606.27,Wallet,Kotak,bank_timeout,22,2,72,0.6,0.36,True
txn_007335,2026-06-24 09:23:30,335.12,UPI,SBI,otp_failure,24,2,260,0.4,0.0,True
txn_007336,2026-04-10 14:50:20,458.85,UPI,ICICI,insufficient_funds,10,1,171,3.9,4.18,False
txn_007337,2026-01-19 16:40:25,379.1,Credit Card,SBI,insufficient_funds,19,2,710,0.5,3.04,False
txn_007338,2025-05-17 07:36:39,392.22,Debit Card,PNB,insufficient_funds,17,0,262,7.2,3.61,False
txn_007339,2025-10-29 05:18:37,1471.28,UPI,Axis,otp_failure,29,0,486,1.6,0.53,False
txn_007340,2025-06-21 02:54:50,1206.34,Wallet,PNB,invalid_cvv,21,1,793,1.5,0.93,True
txn_007341,2025-05-22 04:46:19,1900.33,Debit Card,HDFC,expired_card,22,0,399,10.6,,False
txn_007342,2025-10-08 04:14:38,2547.1,UPI,SBI,otp_failure,8,1,283,1.0,0.0,True
txn_007343,2025-04-23 02:43:45,638.14,Credit Card,IDFC,insufficient_funds,23,0,466,0.1,4.38,False
txn_007344,2025-05-17 19:37:43,917.32,Netbanking,Yes Bank,expired_card,17,0,805,0.9,,False
txn_007345,2026-06-17 03:10:29,48.16,UPI,IDFC,insufficient_funds,17,1,308,0.9,4.79,True
txn_007346,2025-05-30 09:48:22,187.19,Debit Card,HDFC,bank_timeout,30,0,300,0.9,0.52,True
txn_007347,2026-06-22 18:27:09,351.47,Wallet,Axis,otp_failure,22,1,891,1.8,0.0,True
txn_007348,2025-06-07 04:12:06,429.33,UPI,Kotak,insufficient_funds,7,2,200,0.8,4.18,True
txn_007349,2025-08-23 14:28:10,1471.74,Netbanking,HDFC,insufficient_funds,23,3,275,5.6,4.51,False
txn_007350,2025-08-25 16:38:22,212.41,Wallet,PNB,fraud_block,25,2,34,1.6,,False
txn_007351,2026-01-31 00:31:01,1476.04,Wallet,Yes Bank,otp_failure,31,0,605,4.6,0.0,True
txn_007352,2025-01-10 02:54:57,2411.87,UPI,PNB,otp_failure,10,1,892,0.1,0.0,True
txn_007353,2025-01-17 03:55:05,753.46,Debit Card,HDFC,network_error,17,1,510,0.8,0.76,True
txn_007354,2025-10-18 15:25:34,766.28,Wallet,IDFC,network_error,18,1,375,0.4,0.6,True
txn_007355,2026-01-30 04:14:25,1581.51,UPI,ICICI,insufficient_funds,30,2,812,1.2,3.47,True
txn_007356,2026-04-21 09:57:01,411.76,UPI,Axis,insufficient_funds,21,2,201,0.2,4.05,False
txn_007357,2026-06-14 14:59:48,160.2,Netbanking,PNB,insufficient_funds,14,2,773,1.7,4.21,False
txn_007358,2025-07-19 21:53:09,103.1,Wallet,SBI,network_error,19,0,563,1.2,0.0,False
txn_007359,2025-11-05 13:28:51,3212.08,Netbanking,Axis,insufficient_funds,5,3,236,8.8,4.53,True
txn_007360,2025-05-05 05:50:21,602.06,Wallet,Yes Bank,invalid_cvv,5,1,245,3.2,0.8,False
txn_007361,2025-11-18 15:39:36,806.92,Debit Card,Kotak,network_error,18,2,508,1.0,0.3,True
txn_007362,2025-05-24 16:23:55,4700.69,Netbanking,PNB,insufficient_funds,24,0,62,4.4,3.39,False
txn_007363,2026-01-04 07:04:54,731.38,UPI,SBI,insufficient_funds,4,2,156,0.8,4.12,True
txn_007364,2025-05-05 06:57:04,1784.18,UPI,SBI,bank_timeout,5,0,412,1.6,0.0,True
txn_007365,2025-01-14 14:54:39,656.57,Netbanking,ICICI,otp_failure,14,0,612,0.2,0.0,False
txn_007366,2025-11-07 04:44:57,525.93,UPI,ICICI,expired_card,7,1,503,0.7,,False
txn_007367,2025-04-21 02:35:44,1021.01,Wallet,SBI,invalid_cvv,21,2,57,3.6,0.47,True
txn_007368,2025-01-22 13:48:00,1077.64,UPI,SBI,bank_timeout,22,6,549,0.3,0.02,True
txn_007369,2025-04-28 05:09:16,2999.64,Wallet,Kotak,insufficient_funds,28,1,508,0.4,3.87,True
txn_007370,2025-04-01 21:30:56,407.27,Credit Card,Yes Bank,insufficient_funds,1,3,4,0.7,3.94,False
txn_007371,2025-11-15 20:30:42,541.52,Debit Card,HDFC,expired_card,15,1,586,1.5,,True
txn_007372,2025-04-28 18:40:36,1173.63,Wallet,Yes Bank,bank_timeout,28,1,215,4.4,0.15,False
txn_007373,2025-09-03 07:01:30,215.12,Wallet,IDFC,insufficient_funds,3,0,710,1.2,3.63,True
txn_007374,2025-06-30 15:49:03,109.35,Netbanking,Axis,insufficient_funds,30,0,774,3.0,3.76,True
txn_007375,2025-12-26 20:01:21,1847.02,Debit Card,IDFC,otp_failure,26,2,108,3.8,0.47,False
txn_007376,2025-05-14 21:01:55,740.41,Wallet,Kotak,bank_timeout,14,1,463,3.4,0.0,True
txn_007377,2026-05-31 19:21:14,149.8,Debit Card,HDFC,bank_timeout,31,3,359,0.1,0.0,True
txn_007378,2025-12-02 03:04:49,1872.57,Netbanking,ICICI,otp_failure,2,1,194,0.2,0.0,True
txn_007379,2025-09-18 09:02:15,330.94,UPI,HDFC,bank_timeout,18,4,194,2.1,0.29,False
txn_007380,2026-05-18 00:02:17,639.88,Wallet,Yes Bank,insufficient_funds,18,2,105,0.1,3.92,True
txn_007381,2025-03-17 10:00:05,1263.39,Debit Card,Axis,bank_timeout,17,2,262,5.3,0.76,False
txn_007382,2026-07-17 05:34:02,1957.39,Credit Card,Axis,otp_failure,17,0,170,1.3,0.0,True
txn_007383,2026-05-24 12:30:59,193.58,Wallet,HDFC,insufficient_funds,24,0,759,3.6,4.02,False
txn_007384,2025-02-03 20:56:16,472.96,UPI,Axis,insufficient_funds,3,1,766,2.8,4.95,True
txn_007385,2026-07-02 02:27:16,341.63,Debit Card,ICICI,bank_timeout,2,0,490,3.9,0.14,True
txn_007386,2026-05-14 22:34:26,2019.72,Credit Card,SBI,insufficient_funds,14,1,317,0.9,4.11,False
txn_007387,2025-04-28 22:30:10,542.89,Credit Card,SBI,expired_card,28,1,667,1.3,,False
txn_007388,2025-03-01 05:45:55,403.88,UPI,Kotak,bank_timeout,1,2,164,3.4,0.24,True
txn_007389,2026-02-02 04:28:29,4632.35,Credit Card,Yes Bank,bank_timeout,2,1,719,0.2,0.79,True
txn_007390,2026-02-23 03:07:53,1407.81,Debit Card,IDFC,invalid_cvv,23,1,707,0.1,0.51,True
txn_007391,2026-02-27 02:27:12,674.75,Netbanking,PNB,bank_timeout,27,1,189,5.1,0.0,False
txn_007392,2025-11-08 19:49:12,543.01,UPI,HDFC,otp_failure,8,3,579,0.2,0.0,False
txn_007393,2025-03-22 18:20:59,1939.98,Wallet,ICICI,expired_card,22,3,15,1.9,,False
txn_007394,2026-02-17 07:32:35,733.04,UPI,Kotak,insufficient_funds,17,2,81,4.9,4.2,False
txn_007395,2026-03-09 01:39:43,290.2,Wallet,HDFC,fraud_block,9,2,372,0.5,,True
txn_007396,2025-10-30 12:07:27,667.71,UPI,Kotak,insufficient_funds,30,2,50,0.2,4.8,True
txn_007397,2025-04-14 17:50:09,1372.28,Credit Card,HDFC,insufficient_funds,14,3,151,1.0,3.15,False
txn_007398,2025-10-29 13:49:26,905.54,Debit Card,PNB,expired_card,29,1,154,1.3,,False
txn_007399,2025-12-10 12:01:43,217.11,Wallet,PNB,invalid_cvv,10,0,221,0.3,0.92,True
txn_007400,2025-07-09 22:46:43,780.4,UPI,Yes Bank,insufficient_funds,9,1,322,2.9,4.27,False
txn_007401,2026-07-27 05:59:45,1438.12,Netbanking,IDFC,bank_timeout,27,1,555,0.4,0.61,True
txn_007402,2025-08-07 20:33:15,1240.12,Netbanking,Kotak,expired_card,7,1,119,2.0,,False
txn_007403,2025-04-03 05:41:48,3185.2,Wallet,IDFC,invalid_cvv,3,4,827,0.9,0.87,False
txn_007404,2026-07-17 12:26:53,2768.8,Debit Card,Axis,expired_card,17,0,511,0.8,,False
txn_007405,2025-08-19 01:27:42,732.02,Debit Card,ICICI,bank_timeout,19,2,175,3.0,0.26,False
txn_007406,2026-04-20 04:49:28,603.41,Debit Card,IDFC,expired_card,20,1,835,1.2,,False
txn_007407,2025-04-23 11:50:15,951.66,Debit Card,ICICI,expired_card,23,1,208,0.5,,False
txn_007408,2025-05-31 03:31:16,900.83,Debit Card,HDFC,insufficient_funds,31,1,300,2.3,4.2,True
txn_007409,2025-08-26 09:30:37,676.37,Credit Card,HDFC,otp_failure,26,2,139,2.8,0.0,True
txn_007410,2025-08-09 20:08:53,631.14,Debit Card,Kotak,bank_timeout,9,3,381,2.2,0.0,True
txn_007411,2026-02-18 03:17:19,922.84,Debit Card,ICICI,insufficient_funds,18,2,570,3.2,4.03,True
txn_007412,2025-08-07 13:45:36,439.18,Netbanking,ICICI,bank_timeout,7,2,658,0.4,0.0,True
txn_007413,2025-03-11 22:36:32,155.25,Netbanking,PNB,otp_failure,11,0,332,0.6,0.0,True
txn_007414,2025-04-30 04:02:06,337.97,Netbanking,Kotak,insufficient_funds,30,4,707,1.0,3.57,True
txn_007415,2026-03-23 21:37:26,514.73,Wallet,ICICI,expired_card,23,0,787,0.1,,False
txn_007416,2026-05-22 04:20:20,367.86,Debit Card,Axis,insufficient_funds,22,0,626,4.0,3.45,True
txn_007417,2025-03-28 03:12:27,722.22,Wallet,HDFC,otp_failure,28,0,346,0.5,0.04,False
txn_007418,2025-02-14 06:48:01,799.01,Debit Card,IDFC,insufficient_funds,14,1,71,1.1,4.03,False
txn_007419,2025-11-24 23:16:46,574.68,Netbanking,HDFC,invalid_cvv,24,1,587,3.3,1.1,False
txn_007420,2026-07-27 20:00:18,710.72,Debit Card,HDFC,bank_timeout,27,0,889,1.1,0.32,True
txn_007421,2025-02-18 10:59:45,279.66,Credit Card,Yes Bank,bank_timeout,18,1,811,1.2,0.0,True
txn_007422,2025-06-02 18:54:42,965.78,Debit Card,Yes Bank,expired_card,2,1,168,3.0,,False
txn_007423,2025-05-31 05:05:03,77.53,Wallet,IDFC,expired_card,31,0,702,0.2,,False
txn_007424,2025-05-27 10:51:54,2999.06,Credit Card,HDFC,insufficient_funds,27,2,30,3.9,4.36,False
txn_007425,2025-09-07 22:08:35,7350.06,Credit Card,Yes Bank,insufficient_funds,7,2,444,2.0,4.68,False
txn_007426,2025-05-20 09:23:05,380.34,UPI,Axis,bank_timeout,20,1,181,2.0,0.91,True
txn_007427,2026-02-16 05:51:09,164.44,Debit Card,HDFC,insufficient_funds,16,0,528,1.5,3.05,True
txn_007428,2025-10-03 22:51:46,2188.16,Wallet,SBI,insufficient_funds,3,2,588,1.3,4.45,True
txn_007429,2025-11-21 14:46:37,547.39,Wallet,SBI,network_error,21,0,528,3.7,0.44,True
txn_007430,2026-05-28 15:00:27,1202.28,Wallet,HDFC,insufficient_funds,28,0,62,1.8,4.15,True
txn_007431,2025-02-16 07:47:39,274.06,Netbanking,IDFC,otp_failure,16,2,136,1.1,0.0,False
txn_007432,2026-02-19 18:08:36,161.7,Netbanking,SBI,network_error,19,1,52,1.3,0.33,True
txn_007433,2025-12-22 06:20:31,500.18,Netbanking,Axis,insufficient_funds,22,1,8,0.9,2.7,False
txn_007434,2025-06-26 10:10:01,556.48,Debit Card,Axis,bank_timeout,26,0,172,0.9,0.54,True
txn_007435,2026-01-25 14:31:57,248.97,Wallet,IDFC,bank_timeout,25,0,734,0.5,0.0,False
txn_007436,2026-06-07 20:53:25,186.22,Debit Card,Axis,insufficient_funds,7,2,734,2.2,3.96,True
txn_007437,2026-01-11 15:55:48,1407.37,Netbanking,ICICI,expired_card,11,0,568,1.5,,False
txn_007438,2026-01-28 18:09:06,3020.06,UPI,ICICI,insufficient_funds,28,1,325,0.2,4.33,True
txn_007439,2026-05-06 04:40:03,1284.92,Wallet,IDFC,insufficient_funds,6,1,544,2.9,3.74,True
txn_007440,2025-05-18 12:08:12,282.6,Netbanking,PNB,otp_failure,18,1,174,0.4,0.0,True
txn_007441,2025-03-23 08:46:19,2148.19,Debit Card,IDFC,bank_timeout,23,1,298,2.7,0.0,True
txn_007442,2026-03-05 20:49:17,181.7,UPI,ICICI,expired_card,5,0,605,1.6,,False
txn_007443,2025-01-01 15:17:41,299.7,Credit Card,Axis,insufficient_funds,1,1,346,0.7,5.11,True
txn_007444,2025-05-01 10:23:19,232.38,Wallet,SBI,insufficient_funds,1,1,549,0.8,4.91,True
txn_007445,2025-06-06 05:14:35,610.27,Debit Card,SBI,otp_failure,6,2,156,2.8,0.58,False
txn_007446,2025-03-19 00:16:40,2448.87,Wallet,Axis,insufficient_funds,19,2,91,0.0,4.33,True
txn_007447,2025-09-29 07:56:19,298.91,Debit Card,PNB,otp_failure,29,2,66,0.0,0.0,True
txn_007448,2026-07-27 13:54:10,613.19,Wallet,ICICI,insufficient_funds,27,3,257,4.1,4.72,False
txn_007449,2026-02-15 09:15:02,590.58,Netbanking,Yes Bank,expired_card,15,1,479,3.4,,False
txn_007450,2026-07-05 02:40:56,366.89,Credit Card,IDFC,invalid_cvv,5,1,534,0.8,0.01,False
txn_007451,2026-01-10 14:19:21,407.05,Netbanking,IDFC,network_error,10,1,803,3.8,0.0,True
txn_007452,2025-03-15 18:24:17,2103.05,Credit Card,IDFC,insufficient_funds,15,2,489,1.1,3.79,True
txn_007453,2026-05-04 16:11:59,2578.49,UPI,SBI,insufficient_funds,4,2,891,2.5,4.12,True
txn_007454,2025-01-05 20:57:17,163.83,Wallet,ICICI,otp_failure,5,2,581,0.8,0.52,True
txn_007455,2026-05-24 02:58:13,1936.52,UPI,Axis,expired_card,24,1,480,2.1,,False
txn_007456,2025-02-28 07:13:35,1338.83,Wallet,SBI,insufficient_funds,28,2,520,0.0,3.71,False
txn_007457,2025-12-29 19:10:04,147.75,Wallet,PNB,otp_failure,29,3,129,0.9,0.0,False
txn_007458,2025-11-15 06:19:21,1012.43,Credit Card,PNB,otp_failure,15,1,876,4.7,0.0,True
txn_007459,2026-01-26 19:43:51,2016.34,Credit Card,Yes Bank,invalid_cvv,26,0,429,4.6,0.65,False
txn_007460,2026-04-06 22:09:57,116.05,Netbanking,Axis,insufficient_funds,6,0,236,2.2,4.16,True
txn_007461,2026-02-25 05:18:08,1391.69,UPI,Yes Bank,insufficient_funds,25,2,213,1.4,3.5,False
txn_007462,2026-05-29 05:06:28,439.73,Netbanking,SBI,expired_card,29,1,884,1.6,,False
txn_007463,2026-07-25 10:39:36,1031.56,Credit Card,SBI,bank_timeout,25,2,128,1.3,0.0,True
txn_007464,2026-06-29 20:49:06,3075.87,Netbanking,IDFC,network_error,29,1,114,2.2,0.0,True
txn_007465,2025-10-14 07:56:14,370.15,Netbanking,IDFC,otp_failure,14,0,639,1.6,0.0,False
txn_007466,2025-05-13 16:13:15,3695.52,Wallet,Yes Bank,otp_failure,13,2,349,0.2,0.0,False
txn_007467,2026-03-23 10:02:40,798.73,Credit Card,SBI,insufficient_funds,23,1,599,2.5,3.08,False
txn_007468,2025-09-09 09:41:52,3070.21,Netbanking,Axis,insufficient_funds,9,2,484,3.1,4.16,True
txn_007469,2025-08-28 06:25:44,1023.96,Wallet,SBI,bank_timeout,28,1,298,3.6,0.0,False
txn_007470,2025-09-24 17:58:22,865.93,UPI,Axis,invalid_cvv,24,4,558,0.3,0.49,False
txn_007471,2026-04-13 20:30:19,3419.31,UPI,IDFC,network_error,13,2,394,2.1,0.0,False
txn_007472,2026-05-03 23:53:13,135.46,Credit Card,PNB,otp_failure,3,2,647,0.5,0.07,False
txn_007473,2026-07-28 08:33:46,378.39,UPI,SBI,expired_card,28,0,71,1.2,,False
txn_007474,2026-03-26 23:31:23,1083.53,Wallet,HDFC,bank_timeout,26,0,895,1.2,0.0,True
txn_007475,2025-12-12 16:22:01,331.72,UPI,PNB,bank_timeout,12,0,38,0.5,0.0,True
txn_007476,2025-04-21 20:28:55,1491.98,Wallet,IDFC,bank_timeout,21,1,325,0.5,0.0,True
txn_007477,2025-11-25 14:14:56,579.76,Wallet,Kotak,insufficient_funds,25,2,547,0.3,4.14,True
txn_007478,2025-02-18 21:05:02,1060.12,Netbanking,IDFC,expired_card,18,1,450,3.1,,False
txn_007479,2026-01-12 06:27:08,789.85,Credit Card,HDFC,bank_timeout,12,0,549,0.1,0.29,False
txn_007480,2026-03-06 17:14:56,209.72,Wallet,PNB,network_error,6,2,823,1.3,0.11,False
txn_007481,2025-08-27 10:46:26,1015.38,Netbanking,Kotak,bank_timeout,27,2,315,0.3,0.0,True
txn_007482,2026-03-11 07:18:39,657.48,UPI,Kotak,fraud_block,11,2,511,1.2,,True
txn_007483,2025-11-12 01:27:21,289.98,UPI,ICICI,otp_failure,12,0,292,1.4,0.0,False
txn_007484,2026-01-31 09:32:47,2017.11,Debit Card,Kotak,bank_timeout,31,1,205,5.1,0.03,True
txn_007485,2025-03-29 09:58:57,418.16,Netbanking,PNB,otp_failure,29,1,205,4.4,0.0,False
txn_007486,2025-07-08 09:07:18,1022.25,UPI,PNB,network_error,8,0,235,2.6,0.27,True
txn_007487,2026-02-08 02:37:44,2736.17,UPI,Axis,expired_card,8,3,848,1.6,,False
txn_007488,2025-11-06 15:42:36,161.83,Wallet,ICICI,insufficient_funds,6,0,269,1.0,4.55,False
txn_007489,2025-10-23 19:00:40,163.3,UPI,HDFC,insufficient_funds,23,1,634,4.3,4.05,True
txn_007490,2025-07-26 00:04:46,880.53,UPI,Yes Bank,bank_timeout,26,1,368,1.4,0.01,True
txn_007491,2025-01-08 16:06:28,941.98,Wallet,SBI,otp_failure,8,0,63,1.4,0.19,True
txn_007492,2026-05-30 21:00:13,2091.9,Wallet,IDFC,bank_timeout,30,0,649,0.2,0.58,True
txn_007493,2025-01-08 16:47:14,544.06,UPI,SBI,otp_failure,8,1,172,0.6,1.09,True
txn_007494,2025-04-02 20:40:02,1439.81,Credit Card,SBI,insufficient_funds,2,4,53,2.8,4.06,False
txn_007495,2025-11-06 12:02:55,840.43,Debit Card,PNB,expired_card,6,1,642,0.7,,False
txn_007496,2025-01-31 08:35:17,291.05,Netbanking,IDFC,otp_failure,31,2,507,4.9,0.0,True
txn_007497,2025-08-14 03:43:02,164.74,Wallet,HDFC,bank_timeout,14,0,618,0.7,0.0,False
txn_007498,2025-01-15 01:00:06,946.55,Wallet,SBI,otp_failure,15,0,424,1.8,0.0,True
txn_007499,2025-07-30 03:35:45,10046.46,Wallet,Kotak,otp_failure,30,2,557,1.7,0.0,False
txn_007500,2025-10-06 12:12:55,731.28,Wallet,ICICI,insufficient_funds,6,0,793,7.8,4.16,True
txn_007501,2025-06-21 23:55:55,311.38,Credit Card,Axis,otp_failure,21,1,247,7.7,0.09,False
txn_007502,2026-06-02 02:01:14,499.1,Credit Card,Yes Bank,insufficient_funds,2,3,788,3.1,3.95,True
txn_007503,2026-01-10 17:50:53,1569.0,UPI,Axis,insufficient_funds,10,0,520,1.1,4.2,False
txn_007504,2026-04-26 16:16:53,403.28,Wallet,PNB,network_error,26,3,434,0.3,1.52,True
txn_007505,2025-07-23 10:23:02,1513.24,Credit Card,Yes Bank,bank_timeout,23,2,169,1.2,0.04,True
txn_007506,2025-11-20 02:41:27,264.82,Debit Card,HDFC,insufficient_funds,20,2,344,1.2,3.51,False
txn_007507,2025-04-27 00:35:42,1827.25,Netbanking,Yes Bank,bank_timeout,27,1,881,2.2,0.26,True
txn_007508,2025-01-10 21:13:04,1410.53,Credit Card,HDFC,bank_timeout,10,0,821,5.6,1.03,True
txn_007509,2025-06-15 07:53:14,243.21,Credit Card,Yes Bank,network_error,15,2,895,4.4,0.0,True
txn_007510,2026-07-14 09:34:22,1308.88,Netbanking,IDFC,otp_failure,14,3,142,9.8,0.01,False
txn_007511,2025-03-21 02:06:33,956.1,Wallet,Yes Bank,insufficient_funds,21,2,510,5.4,3.59,False
txn_007512,2026-05-17 00:35:26,136.2,Debit Card,HDFC,fraud_block,17,1,470,3.3,,False
txn_007513,2025-10-05 15:05:50,806.34,Netbanking,Kotak,otp_failure,5,2,391,0.1,0.38,False
txn_007514,2025-03-17 09:54:53,377.7,Wallet,Kotak,bank_timeout,17,0,251,1.0,0.0,False
txn_007515,2026-03-16 02:34:32,1053.69,Debit Card,PNB,bank_timeout,16,0,300,1.0,0.03,True
txn_007516,2026-02-25 11:43:29,3855.81,UPI,IDFC,network_error,25,2,42,0.7,0.3,True
txn_007517,2025-12-15 14:42:49,200.31,Wallet,HDFC,insufficient_funds,15,1,575,4.0,3.8,False
txn_007518,2026-01-26 10:08:32,411.48,Netbanking,HDFC,invalid_cvv,26,1,143,0.7,0.84,True
txn_007519,2026-05-23 16:30:12,296.78,Credit Card,PNB,insufficient_funds,23,1,166,0.3,3.93,True
txn_007520,2025-05-06 19:48:52,187.27,Netbanking,HDFC,otp_failure,6,0,78,1.2,0.12,True
txn_007521,2025-01-25 06:10:10,426.11,Credit Card,Axis,network_error,25,1,115,1.4,0.5,False
txn_007522,2025-11-29 05:24:19,401.13,UPI,ICICI,expired_card,29,0,758,0.7,,False
txn_007523,2025-02-06 23:25:47,118.59,Debit Card,Kotak,bank_timeout,6,0,462,5.4,0.0,True
txn_007524,2025-08-18 14:52:32,466.61,UPI,Kotak,insufficient_funds,18,2,592,1.3,3.83,False
txn_007525,2025-04-13 03:50:07,306.56,Wallet,HDFC,expired_card,13,1,163,0.8,,False
txn_007526,2025-11-02 13:24:28,326.42,Netbanking,Kotak,insufficient_funds,2,1,727,0.2,4.52,True
txn_007527,2026-06-01 17:26:28,131.54,UPI,IDFC,insufficient_funds,1,0,385,1.0,3.4,True
txn_007528,2026-03-10 21:32:42,618.8,Netbanking,Yes Bank,expired_card,10,1,516,3.9,,False
txn_007529,2025-05-09 00:44:28,1956.99,UPI,HDFC,bank_timeout,9,1,321,0.3,0.0,True
txn_007530,2025-10-21 11:15:29,99.73,Debit Card,SBI,insufficient_funds,21,1,85,5.0,4.17,True
txn_007531,2025-04-01 17:51:11,2329.92,UPI,Yes Bank,insufficient_funds,1,2,620,5.6,3.35,True
txn_007532,2026-04-20 19:07:09,909.01,Wallet,IDFC,network_error,20,1,352,0.8,0.25,True
txn_007533,2026-01-07 00:43:38,1326.35,Debit Card,Yes Bank,insufficient_funds,7,0,499,2.3,4.08,True
txn_007534,2025-11-27 11:20:22,981.53,Debit Card,SBI,bank_timeout,27,1,16,0.7,0.0,True
txn_007535,2025-05-21 10:21:25,177.48,Credit Card,HDFC,bank_timeout,21,3,345,0.8,0.0,True
txn_007536,2025-09-15 16:55:29,735.18,Debit Card,Axis,insufficient_funds,15,0,326,0.2,4.94,True
txn_007537,2026-05-09 09:01:42,411.42,UPI,PNB,invalid_cvv,9,3,293,0.9,1.38,False
txn_007538,2025-01-23 20:02:51,104.92,UPI,PNB,expired_card,23,1,756,3.7,,False
txn_007539,2025-08-27 16:32:47,308.8,Netbanking,IDFC,expired_card,27,1,492,0.3,,True
txn_007540,2025-08-24 19:01:45,797.06,Wallet,Kotak,bank_timeout,24,3,676,0.7,0.34,True
txn_007541,2026-06-16 20:22:20,223.52,UPI,Yes Bank,insufficient_funds,16,0,377,1.0,3.45,False
txn_007542,2026-04-09 22:15:00,1862.54,Debit Card,IDFC,otp_failure,9,1,304,0.3,0.0,True
txn_007543,2025-09-11 09:52:56,451.1,Debit Card,ICICI,otp_failure,11,2,80,9.5,0.0,False
txn_007544,2025-06-30 00:19:27,1099.89,Wallet,Axis,insufficient_funds,30,2,61,0.7,3.47,True
txn_007545,2025-08-31 18:09:52,1054.24,Credit Card,PNB,invalid_cvv,31,0,232,3.4,1.46,False
txn_007546,2025-03-05 13:31:38,1361.66,Debit Card,Kotak,otp_failure,5,2,618,0.7,0.17,True
txn_007547,2025-09-16 15:53:08,20034.38,UPI,Axis,bank_timeout,16,0,309,0.1,0.24,False
txn_007548,2025-03-20 22:28:18,1389.11,Debit Card,HDFC,insufficient_funds,20,1,444,0.7,4.08,False
txn_007549,2025-01-03 13:58:10,71.19,Debit Card,IDFC,insufficient_funds,3,3,165,1.0,3.99,True
txn_007550,2025-04-10 04:58:53,560.86,Debit Card,ICICI,insufficient_funds,10,3,219,2.6,4.2,False
txn_007551,2025-02-22 19:24:55,1708.16,Netbanking,Axis,otp_failure,22,5,875,1.2,0.0,False
txn_007552,2026-05-13 04:11:21,1077.22,Debit Card,PNB,insufficient_funds,13,1,250,3.5,4.03,True
txn_007553,2026-01-20 05:00:33,184.67,Debit Card,IDFC,otp_failure,20,2,298,6.7,0.23,True
txn_007554,2025-07-30 06:12:45,1170.15,Wallet,Axis,fraud_block,30,1,345,1.1,,False
txn_007555,2026-04-25 14:45:50,1922.64,UPI,Yes Bank,bank_timeout,25,2,484,1.6,0.56,True
txn_007556,2026-07-08 07:27:19,476.13,UPI,Yes Bank,insufficient_funds,8,1,698,1.5,3.86,True
txn_007557,2025-05-13 19:05:48,249.38,Debit Card,Kotak,fraud_block,13,3,789,0.3,,False
txn_007558,2025-05-13 06:49:49,615.11,UPI,SBI,otp_failure,13,1,516,1.0,0.0,True
txn_007559,2026-07-08 15:36:16,1431.97,UPI,ICICI,fraud_block,8,0,307,3.0,,False
txn_007560,2025-11-12 09:53:02,305.55,Credit Card,Yes Bank,bank_timeout,12,3,109,3.2,0.04,False
txn_007561,2026-01-16 00:20:49,1164.03,UPI,ICICI,bank_timeout,16,0,318,2.0,0.0,True
txn_007562,2025-12-15 11:00:26,1002.34,Credit Card,HDFC,otp_failure,15,1,36,3.9,0.06,True
txn_007563,2025-09-18 23:16:29,2158.56,Credit Card,HDFC,network_error,18,0,763,2.7,0.7,True
txn_007564,2025-10-10 03:53:45,1631.94,UPI,ICICI,otp_failure,10,0,875,4.2,0.0,True
txn_007565,2025-07-20 15:33:08,3176.41,Netbanking,PNB,bank_timeout,20,0,288,0.6,0.39,True
txn_007566,2025-08-27 15:40:22,182.7,UPI,PNB,fraud_block,27,1,793,2.3,,False
txn_007567,2025-06-28 21:29:45,497.43,UPI,Axis,fraud_block,28,0,481,2.2,,False
txn_007568,2025-10-04 23:54:57,795.22,Debit Card,Kotak,insufficient_funds,4,1,46,1.3,3.95,False
txn_007569,2025-12-07 11:37:48,625.03,Wallet,Kotak,fraud_block,7,0,153,1.7,,False
txn_007570,2025-03-29 02:20:51,150.49,Netbanking,ICICI,expired_card,29,2,519,7.4,,True
txn_007571,2025-10-04 19:54:36,33.12,Wallet,Kotak,insufficient_funds,4,2,545,1.7,4.8,True
txn_007572,2026-06-30 12:20:23,745.15,Wallet,PNB,invalid_cvv,30,2,277,2.3,0.0,True
txn_007573,2025-06-04 21:48:31,1404.45,UPI,Kotak,invalid_cvv,4,1,869,0.1,1.36,True
txn_007574,2026-04-14 09:22:45,203.09,Debit Card,HDFC,otp_failure,14,1,17,3.4,0.0,True
txn_007575,2025-09-16 22:28:04,267.68,Debit Card,PNB,network_error,16,1,110,0.7,0.45,True
txn_007576,2026-02-01 13:15:02,458.14,Wallet,HDFC,insufficient_funds,1,0,668,0.9,3.43,True
txn_007577,2025-06-22 14:57:25,271.15,Debit Card,ICICI,network_error,22,3,784,5.4,0.24,True
txn_007578,2026-02-16 13:08:28,1140.66,Debit Card,IDFC,expired_card,16,1,388,1.6,,False
txn_007579,2025-03-06 13:57:05,688.45,Credit Card,Axis,otp_failure,6,1,425,0.5,0.0,False
txn_007580,2025-07-06 03:19:25,1939.54,Wallet,SBI,expired_card,6,3,657,1.5,,False
txn_007581,2025-11-28 18:10:07,195.48,Credit Card,PNB,insufficient_funds,28,0,415,0.4,3.28,True
txn_007582,2026-01-29 01:02:17,917.2,Wallet,SBI,insufficient_funds,29,1,628,3.5,3.84,True
txn_007583,2026-03-09 11:48:35,512.42,Credit Card,Yes Bank,expired_card,9,1,702,5.7,,False
txn_007584,2025-05-16 05:14:27,100.06,Netbanking,PNB,expired_card,16,0,517,1.1,,True
txn_007585,2025-06-02 11:17:00,1533.89,Credit Card,Kotak,insufficient_funds,2,1,866,1.2,3.95,False
txn_007586,2026-03-07 23:11:23,284.99,Netbanking,SBI,otp_failure,7,1,364,0.8,0.0,True
txn_007587,2025-09-03 10:06:07,1159.31,Credit Card,Yes Bank,otp_failure,3,1,518,0.6,0.0,True
txn_007588,2025-05-22 00:08:14,1036.95,Credit Card,PNB,expired_card,22,1,489,1.9,,False
txn_007589,2026-06-22 02:40:17,260.82,UPI,IDFC,insufficient_funds,22,2,682,0.2,3.31,True
txn_007590,2025-09-11 18:24:14,218.77,Debit Card,Yes Bank,insufficient_funds,11,2,223,0.4,3.28,False
txn_007591,2026-07-21 04:23:57,512.93,Debit Card,PNB,insufficient_funds,21,2,441,0.1,4.31,True
txn_007592,2026-02-02 13:43:20,174.51,Credit Card,ICICI,insufficient_funds,2,2,881,4.1,3.65,True
txn_007593,2026-02-02 14:12:37,1099.93,Wallet,ICICI,expired_card,2,3,866,0.4,,False
txn_007594,2025-10-04 16:48:11,1261.78,Netbanking,PNB,insufficient_funds,4,2,4,0.3,3.56,True
txn_007595,2025-05-27 00:24:57,591.16,UPI,Kotak,network_error,27,1,47,0.9,0.0,True
txn_007596,2025-10-24 07:58:20,211.87,Netbanking,ICICI,insufficient_funds,24,0,579,0.4,4.83,False
txn_007597,2026-07-26 01:30:23,852.49,Netbanking,PNB,invalid_cvv,26,3,313,5.9,0.95,False
txn_007598,2026-07-31 13:36:03,833.86,Netbanking,SBI,bank_timeout,31,0,755,1.0,0.47,True
txn_007599,2026-04-06 04:48:41,390.16,Netbanking,ICICI,insufficient_funds,6,2,894,0.3,4.29,True
txn_007600,2025-08-30 02:07:10,310.31,Debit Card,Axis,insufficient_funds,30,1,335,1.2,4.41,True
txn_007601,2025-11-04 14:58:39,365.55,Debit Card,Kotak,network_error,4,2,230,0.8,0.46,True
txn_007602,2025-10-20 02:27:50,1014.51,Netbanking,Kotak,invalid_cvv,20,0,707,1.5,0.27,False
txn_007603,2025-09-23 05:11:00,398.66,Credit Card,HDFC,insufficient_funds,23,1,413,0.8,3.69,True
txn_007604,2026-06-20 13:05:41,214.11,Credit Card,ICICI,invalid_cvv,20,0,778,2.2,0.02,True
txn_007605,2025-02-07 10:57:52,3967.84,Wallet,Yes Bank,insufficient_funds,7,1,881,2.9,3.41,True
txn_007606,2026-01-08 14:04:48,1374.55,Debit Card,HDFC,bank_timeout,8,2,56,1.5,0.16,True
txn_007607,2026-02-17 15:59:43,156.6,Debit Card,Yes Bank,invalid_cvv,17,1,866,0.1,1.12,False
txn_007608,2025-05-08 04:04:14,149.52,Credit Card,ICICI,otp_failure,8,0,205,0.7,0.61,False
txn_007609,2026-02-24 15:58:12,363.64,Wallet,IDFC,network_error,24,1,107,4.2,0.82,False
txn_007610,2026-05-31 09:51:44,502.85,Wallet,Kotak,network_error,31,1,354,0.3,0.78,True
txn_007611,2025-08-12 07:11:56,1202.17,Debit Card,Kotak,expired_card,12,0,674,1.1,,False
txn_007612,2025-10-30 19:33:45,504.61,UPI,Kotak,invalid_cvv,30,1,754,5.7,1.52,False
txn_007613,2026-04-26 23:42:57,109.6,Wallet,PNB,network_error,26,4,334,7.1,0.52,True
txn_007614,2026-03-29 16:54:18,1491.31,UPI,PNB,bank_timeout,29,1,430,1.7,0.0,False
txn_007615,2025-05-13 14:00:52,260.34,Wallet,Yes Bank,bank_timeout,13,4,851,0.8,0.0,True
txn_007616,2026-01-16 19:26:59,1387.49,UPI,Yes Bank,insufficient_funds,16,3,43,6.8,4.09,False
txn_007617,2026-02-08 19:37:30,1286.2,Debit Card,ICICI,otp_failure,8,1,680,2.8,0.17,True
txn_007618,2026-04-06 01:56:20,1687.53,Credit Card,SBI,bank_timeout,6,0,93,3.7,0.02,True
txn_007619,2025-04-22 10:16:25,436.72,Credit Card,PNB,insufficient_funds,22,2,248,2.3,3.75,True
txn_007620,2026-03-30 10:57:03,1849.87,Netbanking,ICICI,insufficient_funds,30,1,469,0.1,3.6,True
txn_007621,2025-04-17 22:08:58,442.43,UPI,Axis,invalid_cvv,17,1,724,1.1,0.8,False
txn_007622,2026-05-12 13:22:25,221.11,Wallet,PNB,invalid_cvv,12,2,56,0.9,1.42,True
txn_007623,2025-03-05 15:38:43,2361.14,Netbanking,HDFC,network_error,5,0,446,0.7,0.22,True
txn_007624,2025-09-12 21:27:40,46.02,Wallet,Kotak,insufficient_funds,12,0,354,1.8,4.51,False
txn_007625,2025-07-24 00:56:10,1666.95,UPI,ICICI,bank_timeout,24,2,8,0.8,1.23,False
txn_007626,2025-07-26 12:17:08,315.55,Debit Card,IDFC,insufficient_funds,26,0,401,3.2,4.38,False
txn_007627,2026-01-21 12:26:36,633.83,Debit Card,IDFC,insufficient_funds,21,0,212,1.9,4.49,True
txn_007628,2026-02-11 12:19:30,385.5,Credit Card,ICICI,insufficient_funds,11,0,90,0.1,4.41,True
txn_007629,2025-05-22 12:55:26,373.04,Debit Card,HDFC,insufficient_funds,22,0,816,2.2,4.51,False
txn_007630,2025-06-13 01:11:35,158.58,Wallet,Yes Bank,otp_failure,13,4,114,3.5,0.0,True
txn_007631,2025-12-04 10:07:39,1416.88,Wallet,ICICI,insufficient_funds,4,0,860,3.1,4.42,True
txn_007632,2025-03-05 15:01:31,1934.69,Wallet,Axis,network_error,5,2,123,6.5,0.67,True
txn_007633,2026-04-19 14:38:58,4295.15,Netbanking,ICICI,bank_timeout,19,0,796,3.1,0.0,True
txn_007634,2025-08-02 16:16:38,109.2,UPI,HDFC,bank_timeout,2,2,105,0.8,0.57,True
txn_007635,2025-01-18 14:29:09,86.38,Wallet,SBI,insufficient_funds,18,1,879,2.8,3.66,True
txn_007636,2025-03-23 20:10:02,220.64,Netbanking,PNB,otp_failure,23,1,829,2.5,0.97,True
txn_007637,2026-03-25 05:46:41,1147.38,Credit Card,Yes Bank,expired_card,25,0,86,3.1,,False
txn_007638,2025-09-03 03:38:14,291.57,Debit Card,IDFC,bank_timeout,3,3,299,2.5,0.0,False
txn_007639,2025-11-25 12:31:01,1502.75,Wallet,Axis,insufficient_funds,25,1,29,0.4,4.01,False
txn_007640,2025-06-21 15:56:47,327.09,UPI,ICICI,network_error,21,0,763,0.0,0.0,True
txn_007641,2026-05-03 18:50:43,919.15,UPI,HDFC,otp_failure,3,1,859,2.0,0.0,False
txn_007642,2026-07-15 17:25:17,590.79,Netbanking,HDFC,bank_timeout,15,1,283,0.7,0.0,True
txn_007643,2026-06-04 13:52:12,448.67,UPI,Axis,expired_card,4,0,852,1.3,,False
txn_007644,2025-04-09 06:48:42,320.25,Netbanking,HDFC,insufficient_funds,9,1,532,1.6,4.08,False
txn_007645,2025-04-05 09:37:48,2782.11,Credit Card,Axis,expired_card,5,1,184,1.3,,False
txn_007646,2026-03-30 23:44:23,2880.13,Credit Card,HDFC,insufficient_funds,30,0,293,1.5,4.29,True
txn_007647,2025-07-13 02:36:31,1475.44,Wallet,SBI,invalid_cvv,13,0,695,0.9,0.77,False
txn_007648,2026-03-22 10:54:45,1041.68,Netbanking,Kotak,bank_timeout,22,0,695,1.6,0.51,False
txn_007649,2025-04-15 09:25:05,647.85,UPI,Yes Bank,otp_failure,15,2,353,0.8,0.39,True
txn_007650,2025-04-05 04:29:54,1792.43,Debit Card,IDFC,insufficient_funds,5,0,507,0.4,3.28,True
txn_007651,2025-02-02 19:49:50,391.99,Wallet,HDFC,bank_timeout,2,0,167,1.0,0.0,True
txn_007652,2026-06-21 00:06:23,759.2,Wallet,Yes Bank,network_error,21,2,851,1.9,0.0,True
txn_007653,2026-02-20 13:20:13,517.71,Credit Card,ICICI,invalid_cvv,20,0,26,0.8,1.65,False
txn_007654,2025-02-03 04:17:35,1733.44,UPI,Yes Bank,fraud_block,3,1,689,2.2,,False
txn_007655,2025-02-17 09:03:28,752.13,Debit Card,Kotak,expired_card,17,1,739,4.0,,True
txn_007656,2025-06-14 19:16:25,1250.98,Netbanking,Axis,expired_card,14,0,19,0.3,,True
txn_007657,2025-11-08 01:07:57,173.66,Credit Card,Yes Bank,invalid_cvv,8,1,653,0.1,0.31,True
txn_007658,2026-06-26 12:00:15,143.74,Wallet,PNB,invalid_cvv,26,1,563,1.8,1.18,True
txn_007659,2025-06-09 17:26:12,1625.28,Netbanking,IDFC,bank_timeout,9,2,65,0.0,0.15,False
txn_007660,2025-04-19 15:11:46,515.14,Netbanking,ICICI,expired_card,19,3,477,5.0,,False
txn_007661,2025-06-18 13:47:15,505.13,UPI,IDFC,insufficient_funds,18,2,618,3.1,3.93,True
txn_007662,2026-03-18 10:48:38,2715.95,Debit Card,Axis,bank_timeout,18,1,805,4.7,0.74,True
txn_007663,2025-10-02 08:40:54,1510.28,Debit Card,HDFC,insufficient_funds,2,1,277,0.8,4.62,True
txn_007664,2026-07-02 01:22:26,360.42,Credit Card,Yes Bank,otp_failure,2,2,313,1.6,0.0,False
txn_007665,2026-02-27 23:11:51,412.61,UPI,IDFC,invalid_cvv,27,1,103,0.6,0.08,False
txn_007666,2025-03-12 04:12:03,1505.12,UPI,Kotak,bank_timeout,12,4,396,0.7,0.0,False
txn_007667,2025-12-16 19:22:13,1649.34,Debit Card,ICICI,bank_timeout,16,0,835,1.6,0.24,True
txn_007668,2026-05-21 09:12:35,1289.95,UPI,IDFC,insufficient_funds,21,0,16,1.0,4.45,False
txn_007669,2025-10-19 17:11:55,1054.17,Debit Card,PNB,bank_timeout,19,0,578,0.8,0.28,True
txn_007670,2026-03-18 06:08:53,1846.69,Debit Card,Yes Bank,expired_card,18,0,717,0.2,,False
txn_007671,2025-09-27 07:16:47,611.07,Credit Card,ICICI,insufficient_funds,27,3,639,0.4,4.4,False
txn_007672,2025-10-23 00:33:37,394.1,UPI,Axis,bank_timeout,23,4,732,3.4,0.23,False
txn_007673,2025-11-02 03:57:05,1780.48,Wallet,HDFC,expired_card,2,0,237,0.8,,False
txn_007674,2026-05-28 15:45:03,251.02,Debit Card,Axis,otp_failure,28,1,576,2.6,0.0,True
txn_007675,2026-01-02 06:04:58,546.14,Netbanking,SBI,bank_timeout,2,3,853,2.1,0.3,True
txn_007676,2025-12-21 21:53:58,526.2,Credit Card,SBI,network_error,21,0,511,0.3,1.18,True
txn_007677,2026-02-28 01:59:10,1201.84,Wallet,IDFC,otp_failure,28,1,532,0.5,0.0,True
txn_007678,2026-05-20 23:48:12,6152.95,Netbanking,IDFC,insufficient_funds,20,0,727,2.0,4.55,True
txn_007679,2025-01-04 15:21:11,2853.48,UPI,Axis,insufficient_funds,4,2,23,0.7,3.67,True
txn_007680,2025-08-18 02:55:26,522.88,Debit Card,ICICI,fraud_block,18,1,463,1.6,,False
txn_007681,2025-10-21 09:02:35,480.96,UPI,Kotak,insufficient_funds,21,1,202,7.9,3.98,False
txn_007682,2025-02-23 08:26:13,513.66,Netbanking,ICICI,network_error,23,2,506,2.7,0.51,True
txn_007683,2025-01-28 03:44:14,945.53,Credit Card,PNB,fraud_block,28,0,317,4.1,,False
txn_007684,2025-09-09 03:18:16,819.7,Debit Card,Yes Bank,otp_failure,9,0,30,2.8,0.14,True
txn_007685,2026-02-20 20:49:32,293.87,UPI,IDFC,bank_timeout,20,2,635,0.7,0.2,True
txn_007686,2025-07-26 07:09:40,1040.42,Credit Card,Yes Bank,insufficient_funds,26,0,775,1.5,4.67,True
txn_007687,2025-04-07 15:43:28,1410.86,Credit Card,Axis,bank_timeout,7,0,426,0.6,0.2,True
txn_007688,2026-06-04 20:15:41,1109.71,Wallet,HDFC,otp_failure,4,1,222,6.5,0.48,False
txn_007689,2025-04-16 03:27:34,2569.89,Netbanking,Axis,expired_card,16,0,330,0.1,,True
txn_007690,2025-01-07 10:12:42,1365.02,UPI,SBI,expired_card,7,2,179,0.3,,False
txn_007691,2026-01-13 23:00:02,1211.67,Netbanking,Axis,otp_failure,13,0,275,4.6,0.0,False
txn_007692,2025-11-24 22:45:50,5827.88,Debit Card,ICICI,expired_card,24,2,12,2.5,,True
txn_007693,2025-07-24 12:12:50,1891.52,UPI,Kotak,network_error,24,1,557,2.0,0.55,True
txn_007694,2025-12-19 01:53:38,311.97,Credit Card,Axis,insufficient_funds,19,1,721,2.3,3.21,True
txn_007695,2026-04-05 19:15:49,847.24,UPI,Axis,invalid_cvv,5,1,705,1.5,1.06,True
txn_007696,2025-01-17 18:47:50,1972.06,Wallet,IDFC,otp_failure,17,4,649,2.0,0.0,False
txn_007697,2026-03-23 17:15:02,341.83,Credit Card,IDFC,bank_timeout,23,0,274,3.1,0.44,False
txn_007698,2026-01-20 17:00:26,217.59,Netbanking,Kotak,invalid_cvv,20,2,294,1.3,1.23,False
txn_007699,2026-06-24 22:57:18,2714.77,Wallet,HDFC,insufficient_funds,24,2,315,0.3,3.7,False
txn_007700,2026-03-19 11:22:39,1030.48,Debit Card,SBI,invalid_cvv,19,1,431,0.8,1.46,False
txn_007701,2026-01-28 18:07:00,279.76,Wallet,Kotak,insufficient_funds,28,0,785,1.4,4.49,True
txn_007702,2026-04-22 15:33:54,1148.22,Wallet,PNB,bank_timeout,22,2,122,0.3,0.0,True
txn_007703,2025-07-29 10:07:34,1810.86,UPI,Yes Bank,otp_failure,29,2,647,1.7,0.0,True
txn_007704,2025-03-28 21:42:10,9117.0,Debit Card,Yes Bank,bank_timeout,28,2,517,1.8,0.24,True
txn_007705,2026-02-22 14:17:26,971.37,Netbanking,SBI,expired_card,22,1,230,2.5,,False
txn_007706,2026-01-17 08:09:26,819.4,Credit Card,PNB,insufficient_funds,17,0,802,2.4,3.79,True
txn_007707,2025-07-26 12:24:02,426.28,Debit Card,HDFC,expired_card,26,1,818,7.0,,False
txn_007708,2026-05-14 12:05:03,3681.24,Netbanking,ICICI,insufficient_funds,14,1,541,0.4,3.93,False
txn_007709,2025-03-24 01:36:50,155.09,Netbanking,Kotak,bank_timeout,24,2,801,0.2,0.0,True
txn_007710,2026-07-14 21:29:34,1633.25,Credit Card,Axis,bank_timeout,14,1,322,0.8,0.57,False
txn_007711,2025-08-25 22:51:31,466.52,Debit Card,ICICI,network_error,25,0,511,4.9,0.0,True
txn_007712,2026-01-29 23:57:29,2775.36,Netbanking,Axis,expired_card,29,1,59,3.1,,False
txn_007713,2026-03-02 22:28:58,831.39,Netbanking,PNB,bank_timeout,2,2,453,1.6,0.17,True
txn_007714,2026-05-22 08:17:19,2877.62,UPI,Axis,fraud_block,22,3,214,3.3,,False
txn_007715,2026-07-23 19:01:33,394.16,Debit Card,Axis,bank_timeout,23,1,127,4.4,1.54,True
txn_007716,2025-11-11 08:12:37,1118.74,UPI,PNB,otp_failure,11,4,443,0.3,0.35,False
txn_007717,2025-12-16 03:25:12,830.43,Credit Card,Kotak,bank_timeout,16,2,805,1.3,0.26,False
txn_007718,2025-03-15 05:45:02,651.77,Debit Card,HDFC,bank_timeout,15,0,688,0.9,0.44,True
txn_007719,2026-04-15 22:48:58,1194.38,Credit Card,ICICI,otp_failure,15,0,86,0.5,0.74,False
txn_007720,2025-09-29 03:49:08,301.55,Debit Card,IDFC,network_error,29,1,17,0.8,0.09,True
txn_007721,2025-01-19 00:19:52,619.2,Debit Card,SBI,otp_failure,19,2,285,4.0,0.25,False
txn_007722,2025-11-04 12:04:25,500.06,Debit Card,Yes Bank,network_error,4,4,761,3.7,0.0,False
txn_007723,2025-07-25 10:46:29,366.58,Debit Card,HDFC,fraud_block,25,1,682,2.4,,False
txn_007724,2025-07-23 11:24:05,362.56,Credit Card,SBI,insufficient_funds,23,1,777,3.8,4.78,False
txn_007725,2025-06-30 16:47:38,1238.1,Credit Card,HDFC,otp_failure,30,4,401,7.5,0.46,True
txn_007726,2026-07-17 11:20:33,613.25,UPI,PNB,bank_timeout,17,2,418,0.6,0.35,True
txn_007727,2025-12-25 17:02:50,1720.42,Debit Card,HDFC,fraud_block,25,0,102,0.7,,False
txn_007728,2025-07-28 13:46:46,157.41,UPI,ICICI,insufficient_funds,28,0,521,2.0,4.75,False
txn_007729,2025-01-16 06:52:00,1934.47,Credit Card,PNB,bank_timeout,16,0,489,6.2,0.13,True
txn_007730,2026-06-20 12:35:50,284.52,Wallet,Kotak,insufficient_funds,20,1,187,3.5,4.57,False
txn_007731,2025-03-19 10:37:54,134.9,Wallet,Axis,bank_timeout,19,4,672,4.3,0.49,True
txn_007732,2025-05-04 22:25:59,385.78,UPI,Yes Bank,expired_card,4,2,681,5.0,,False
txn_007733,2025-07-06 13:36:56,570.34,Wallet,ICICI,expired_card,6,0,407,1.1,,False
txn_007734,2025-02-16 05:06:31,31.03,Wallet,PNB,network_error,16,1,419,0.8,0.0,True
txn_007735,2026-07-10 00:52:01,438.31,Wallet,Kotak,expired_card,10,1,255,3.3,,False
txn_007736,2025-03-18 17:35:30,1628.98,Debit Card,SBI,insufficient_funds,18,3,394,0.8,3.91,False
txn_007737,2025-08-04 04:32:46,1020.27,Wallet,PNB,otp_failure,4,3,567,3.9,0.49,True
txn_007738,2025-01-22 20:57:51,502.86,Wallet,PNB,network_error,22,2,314,1.5,0.23,False
txn_007739,2025-04-28 07:16:45,1864.31,Netbanking,Kotak,insufficient_funds,28,1,704,2.0,4.29,True
txn_007740,2026-03-23 02:24:13,233.93,Netbanking,Axis,insufficient_funds,23,4,53,0.7,3.26,False
txn_007741,2025-05-23 09:33:38,276.19,Debit Card,Yes Bank,insufficient_funds,23,0,704,2.0,3.81,True
txn_007742,2025-03-02 16:25:22,886.03,Netbanking,Kotak,insufficient_funds,2,3,886,0.3,3.9,False
txn_007743,2025-04-22 23:12:29,113.42,Debit Card,Kotak,bank_timeout,22,1,27,1.5,0.0,True
txn_007744,2025-01-11 20:46:11,1561.67,UPI,Axis,expired_card,11,1,712,1.0,,False
txn_007745,2025-05-14 21:36:27,1247.53,Netbanking,ICICI,insufficient_funds,14,2,146,2.5,3.83,True
txn_007746,2025-03-25 19:04:18,839.86,Wallet,HDFC,expired_card,25,1,9,0.0,,False
txn_007747,2025-01-28 12:45:43,1510.04,Debit Card,Kotak,expired_card,28,3,468,2.5,,False
txn_007748,2025-10-25 03:39:26,1319.6,Wallet,IDFC,insufficient_funds,25,1,130,2.5,4.09,False
txn_007749,2025-03-19 01:32:04,804.12,Netbanking,Axis,invalid_cvv,19,1,827,0.0,1.23,False
txn_007750,2025-02-09 00:55:26,2150.61,Netbanking,HDFC,insufficient_funds,9,0,406,1.7,3.89,False
txn_007751,2025-04-26 23:19:36,1516.61,Wallet,IDFC,expired_card,26,3,726,1.2,,False
txn_007752,2025-12-15 11:27:26,1748.81,Debit Card,HDFC,insufficient_funds,15,2,327,4.3,4.17,False
txn_007753,2025-04-28 15:09:57,455.28,Credit Card,HDFC,otp_failure,28,1,386,0.6,0.0,True
txn_007754,2026-04-07 19:20:32,923.25,UPI,Axis,bank_timeout,7,1,774,1.8,0.0,True
txn_007755,2025-10-31 15:20:47,1169.07,Netbanking,SBI,insufficient_funds,31,1,356,1.0,4.35,False
txn_007756,2025-02-24 10:21:24,625.91,Wallet,Yes Bank,network_error,24,0,371,3.2,0.0,True
txn_007757,2025-06-02 16:46:31,271.18,Netbanking,HDFC,insufficient_funds,2,0,383,1.5,3.93,True
txn_007758,2025-01-08 17:58:24,455.83,UPI,PNB,insufficient_funds,8,2,673,0.1,3.83,True
txn_007759,2026-01-05 13:28:54,562.17,Wallet,Yes Bank,network_error,5,1,845,0.1,1.08,True
txn_007760,2025-01-24 07:42:28,1289.29,Credit Card,ICICI,bank_timeout,24,1,123,1.2,0.0,True
txn_007761,2026-01-20 10:12:59,280.46,Debit Card,SBI,expired_card,20,1,287,0.7,,False
txn_007762,2025-09-17 01:36:19,552.83,Wallet,HDFC,otp_failure,17,3,509,3.5,0.0,True
txn_007763,2025-01-21 04:36:59,2907.61,Netbanking,Axis,insufficient_funds,21,2,746,2.4,4.2,True
txn_007764,2026-04-23 22:41:35,142.22,Netbanking,ICICI,bank_timeout,23,1,677,0.9,0.43,True
txn_007765,2025-05-28 04:39:29,1523.77,Credit Card,PNB,bank_timeout,28,3,159,0.4,0.93,True
txn_007766,2025-05-14 08:04:15,409.46,Debit Card,ICICI,bank_timeout,14,1,49,0.5,0.11,True
txn_007767,2025-03-26 18:50:07,841.74,Debit Card,IDFC,insufficient_funds,26,2,446,1.6,3.32,False
txn_007768,2026-03-16 21:55:56,577.75,Credit Card,PNB,insufficient_funds,16,3,425,0.2,3.77,False
txn_007769,2025-02-28 16:44:10,3150.89,Netbanking,PNB,invalid_cvv,28,2,277,5.4,1.44,False
txn_007770,2025-04-21 17:02:45,5070.51,Debit Card,ICICI,expired_card,21,4,479,0.5,,False
txn_007771,2025-01-20 09:08:01,744.57,UPI,Yes Bank,network_error,20,1,155,1.7,0.0,True
txn_007772,2026-07-06 10:20:17,3027.54,UPI,IDFC,insufficient_funds,6,0,667,4.4,4.79,False
txn_007773,2025-03-28 21:29:41,2130.56,Netbanking,ICICI,bank_timeout,28,1,423,0.2,0.0,True
txn_007774,2026-03-19 07:51:57,2900.78,Debit Card,ICICI,otp_failure,19,4,702,2.2,0.0,True
txn_007775,2026-01-04 03:16:23,640.16,Credit Card,PNB,insufficient_funds,4,3,603,1.4,4.3,False
txn_007776,2025-07-19 11:45:26,290.47,UPI,Axis,insufficient_funds,19,1,358,0.2,3.17,True
txn_007777,2025-11-13 04:11:29,973.11,Credit Card,SBI,insufficient_funds,13,0,19,0.4,3.77,False
txn_007778,2025-06-25 05:10:11,80.96,UPI,Kotak,insufficient_funds,25,1,492,0.0,4.01,False
txn_007779,2025-04-13 07:53:52,1633.72,Debit Card,Yes Bank,bank_timeout,13,0,287,4.5,0.73,True
txn_007780,2025-04-23 00:32:35,1398.91,Credit Card,IDFC,fraud_block,23,0,413,0.6,,False
txn_007781,2025-01-12 23:00:58,1546.44,Debit Card,Yes Bank,insufficient_funds,12,0,604,0.6,4.6,False
txn_007782,2025-05-21 15:38:42,397.88,Debit Card,Kotak,fraud_block,21,1,554,0.3,,False
txn_007783,2025-03-05 21:51:02,4822.66,Debit Card,HDFC,invalid_cvv,5,2,122,1.5,1.04,False
txn_007784,2026-03-30 02:15:54,785.92,UPI,Kotak,expired_card,30,1,706,2.0,,False
txn_007785,2026-07-31 06:09:50,532.54,Netbanking,PNB,bank_timeout,31,2,303,1.3,0.0,True
txn_007786,2025-05-21 00:56:00,992.24,Netbanking,HDFC,invalid_cvv,21,1,105,6.2,1.8,False
txn_007787,2025-06-11 17:57:06,162.99,Debit Card,IDFC,network_error,11,1,241,1.7,0.0,True
txn_007788,2026-05-14 07:24:39,1986.71,UPI,Yes Bank,bank_timeout,14,0,164,0.2,0.0,False
txn_007789,2025-03-15 07:14:50,1855.36,Debit Card,SBI,expired_card,15,2,72,1.4,,True
txn_007790,2026-01-01 07:29:20,779.57,Netbanking,ICICI,otp_failure,1,1,893,2.3,0.0,False
txn_007791,2026-05-22 01:41:30,1617.84,Netbanking,Kotak,bank_timeout,22,1,509,5.0,0.31,True
txn_007792,2026-07-14 09:30:10,3191.9,Wallet,HDFC,insufficient_funds,14,2,802,0.6,4.2,False
txn_007793,2026-06-10 22:33:59,1260.68,Debit Card,Kotak,insufficient_funds,10,3,95,0.4,4.11,True
txn_007794,2025-09-25 22:16:01,100.41,UPI,Yes Bank,bank_timeout,25,2,35,1.0,0.0,False
txn_007795,2025-03-28 22:50:19,1178.09,Netbanking,HDFC,network_error,28,4,12,0.4,0.79,True
txn_007796,2025-04-13 01:43:13,997.8,Credit Card,ICICI,fraud_block,13,0,865,1.7,,False
txn_007797,2026-03-23 14:15:48,759.39,Credit Card,Yes Bank,insufficient_funds,23,0,736,1.7,4.15,True
txn_007798,2026-02-22 02:51:15,267.01,Wallet,ICICI,invalid_cvv,22,2,624,1.6,1.39,True
txn_007799,2025-05-13 14:37:44,306.32,Netbanking,IDFC,insufficient_funds,13,2,380,4.2,3.91,False
txn_007800,2026-07-01 03:04:56,184.83,UPI,IDFC,network_error,1,2,53,0.8,0.66,False
txn_007801,2025-07-18 07:07:23,3237.48,Netbanking,IDFC,otp_failure,18,1,387,0.2,0.28,True
txn_007802,2026-02-03 23:58:16,338.51,Netbanking,SBI,bank_timeout,3,1,300,4.9,0.09,True
txn_007803,2025-06-16 03:16:17,1358.73,Netbanking,IDFC,network_error,16,4,209,12.5,0.02,True
txn_007804,2025-02-15 15:52:37,355.51,Credit Card,Kotak,insufficient_funds,15,1,729,1.7,3.17,True
txn_007805,2025-08-31 07:23:05,215.85,Netbanking,Kotak,bank_timeout,31,1,762,3.1,0.4,True
txn_007806,2025-01-19 08:35:58,907.31,Wallet,Axis,bank_timeout,19,1,32,0.4,0.11,True
txn_007807,2025-12-07 10:54:51,839.13,Wallet,ICICI,otp_failure,7,1,577,2.3,0.0,False
txn_007808,2026-03-15 12:04:12,69.83,Credit Card,HDFC,insufficient_funds,15,0,588,3.0,4.15,True
txn_007809,2026-01-17 03:13:50,1979.98,UPI,SBI,insufficient_funds,17,4,489,1.2,3.93,False
txn_007810,2025-03-08 14:34:15,263.7,Netbanking,Kotak,invalid_cvv,8,1,445,1.9,1.35,False
txn_007811,2025-02-03 20:59:18,4283.65,Credit Card,IDFC,insufficient_funds,3,1,304,1.2,3.96,True
txn_007812,2026-03-20 17:26:32,788.4,Wallet,Axis,bank_timeout,20,0,539,1.7,0.0,True
txn_007813,2025-11-02 06:45:41,2164.07,Wallet,SBI,otp_failure,2,3,500,1.2,0.14,False
txn_007814,2025-06-03 07:26:20,870.55,UPI,Axis,insufficient_funds,3,0,33,0.5,4.66,True
txn_007815,2025-08-05 09:31:36,270.74,Wallet,Kotak,bank_timeout,5,0,875,4.3,0.7,False
txn_007816,2026-02-01 00:30:26,591.34,Netbanking,Kotak,insufficient_funds,1,1,750,2.2,3.49,True
txn_007817,2025-12-15 18:50:58,1027.63,Credit Card,SBI,otp_failure,15,1,499,2.9,0.15,False
txn_007818,2025-04-02 02:02:26,364.54,Debit Card,IDFC,invalid_cvv,2,0,505,0.3,1.71,False
txn_007819,2025-09-05 10:24:35,1986.02,UPI,IDFC,expired_card,5,2,600,0.8,,False
txn_007820,2025-05-26 15:05:52,657.12,Debit Card,HDFC,network_error,26,2,14,0.5,0.0,True
txn_007821,2025-05-11 14:57:48,293.28,Credit Card,SBI,bank_timeout,11,5,485,2.3,0.0,True
txn_007822,2025-06-04 19:15:21,995.84,Netbanking,SBI,otp_failure,4,1,756,0.6,0.0,True
txn_007823,2025-01-12 07:08:06,871.45,UPI,Yes Bank,invalid_cvv,12,0,332,0.0,0.83,False
txn_007824,2025-01-02 03:46:38,120.74,Debit Card,Axis,bank_timeout,2,2,65,1.9,0.55,True
txn_007825,2025-01-02 12:52:44,309.54,Credit Card,HDFC,insufficient_funds,2,1,662,0.9,4.23,True
txn_007826,2025-01-15 02:46:56,486.24,Wallet,IDFC,insufficient_funds,15,0,703,1.9,3.21,True
txn_007827,2025-07-13 03:29:07,256.04,UPI,IDFC,otp_failure,13,4,120,8.6,0.0,True
txn_007828,2025-12-19 04:40:44,2049.06,Debit Card,ICICI,network_error,19,1,70,9.0,0.95,False
txn_007829,2026-04-21 11:58:56,732.78,Credit Card,HDFC,bank_timeout,21,1,477,1.1,0.28,True
txn_007830,2026-02-05 21:52:55,290.36,Wallet,ICICI,otp_failure,5,3,230,0.6,0.24,False
txn_007831,2025-04-05 05:31:58,594.55,UPI,ICICI,insufficient_funds,5,5,15,1.1,4.32,True
txn_007832,2025-11-12 12:00:03,72.79,Credit Card,HDFC,insufficient_funds,12,1,837,0.4,3.38,True
txn_007833,2026-03-27 05:22:01,525.84,Credit Card,IDFC,insufficient_funds,27,1,348,2.7,3.32,True
txn_007834,2026-03-17 23:01:10,563.37,Debit Card,Axis,invalid_cvv,17,1,650,0.1,1.02,True
txn_007835,2025-04-18 20:36:26,132.91,Netbanking,Axis,otp_failure,18,0,612,0.1,0.0,False
txn_007836,2025-12-21 18:22:07,1198.45,Wallet,PNB,bank_timeout,21,3,5,1.4,0.1,True
txn_007837,2026-07-29 18:50:07,159.59,Wallet,HDFC,insufficient_funds,29,2,60,0.7,3.42,False
txn_007838,2025-10-29 12:39:28,1767.32,Credit Card,Yes Bank,otp_failure,29,1,466,2.1,0.0,True
txn_007839,2025-08-22 04:09:46,810.29,Wallet,ICICI,fraud_block,22,1,784,1.2,,False
txn_007840,2026-03-02 08:14:57,317.94,Netbanking,PNB,insufficient_funds,2,3,715,4.9,3.88,True
txn_007841,2025-07-20 09:42:54,467.27,Netbanking,Axis,network_error,20,3,871,3.9,0.35,True
txn_007842,2025-02-01 13:24:24,465.19,Credit Card,HDFC,network_error,1,0,451,2.4,0.74,False
txn_007843,2026-04-09 11:45:52,2387.75,Wallet,Kotak,insufficient_funds,9,0,774,0.2,4.07,False
txn_007844,2026-06-16 12:13:09,137.51,Debit Card,Axis,insufficient_funds,16,3,382,0.8,2.8,True
txn_007845,2025-12-04 12:49:24,2728.68,Credit Card,ICICI,insufficient_funds,4,2,669,1.2,4.21,True
txn_007846,2026-07-16 13:55:48,253.48,Debit Card,PNB,insufficient_funds,16,3,223,1.9,3.67,False
txn_007847,2025-03-06 01:34:28,434.76,Credit Card,ICICI,expired_card,6,0,705,1.4,,False
txn_007848,2025-09-05 06:18:07,23.07,Credit Card,Yes Bank,bank_timeout,5,2,716,1.0,0.0,True
txn_007849,2026-06-24 06:44:37,238.22,UPI,Yes Bank,insufficient_funds,24,0,236,1.8,4.77,True
txn_007850,2026-01-25 07:56:57,334.77,Debit Card,Kotak,bank_timeout,25,2,225,0.1,0.45,True
txn_007851,2025-04-27 13:43:00,731.54,Credit Card,Axis,expired_card,27,1,154,0.0,,False
txn_007852,2026-05-09 22:26:41,860.29,UPI,HDFC,expired_card,9,1,468,4.8,,False
txn_007853,2025-02-23 03:19:18,394.49,UPI,Axis,bank_timeout,23,1,254,0.7,0.0,True
txn_007854,2025-09-09 14:42:55,246.99,Debit Card,Kotak,insufficient_funds,9,0,696,1.5,3.52,False
txn_007855,2025-11-17 16:30:34,319.78,Netbanking,HDFC,insufficient_funds,17,2,467,0.1,4.24,True
txn_007856,2025-12-13 18:56:51,726.34,UPI,IDFC,bank_timeout,13,1,568,2.6,0.0,False
txn_007857,2026-03-23 10:11:37,225.14,Wallet,Kotak,network_error,23,0,467,0.9,0.57,True
txn_007858,2025-08-09 02:39:08,621.22,Wallet,Kotak,insufficient_funds,9,2,791,0.2,4.37,True
txn_007859,2025-11-11 02:58:19,1236.66,Netbanking,PNB,bank_timeout,11,4,710,0.4,0.0,False
txn_007860,2025-04-26 03:57:00,193.6,Credit Card,ICICI,expired_card,26,0,254,2.4,,True
txn_007861,2025-02-15 11:38:27,119.76,Wallet,SBI,otp_failure,15,1,269,0.3,0.0,True
txn_007862,2025-07-27 09:10:35,1804.86,Credit Card,SBI,insufficient_funds,27,2,514,2.5,4.21,False
txn_007863,2026-07-03 15:07:52,1649.9,Wallet,ICICI,insufficient_funds,3,2,659,0.5,3.13,True
txn_007864,2026-06-19 22:38:24,2176.56,Wallet,SBI,bank_timeout,19,1,333,0.4,0.16,True
txn_007865,2025-04-18 00:16:14,621.95,Debit Card,PNB,expired_card,18,1,749,0.4,,False
txn_007866,2026-04-09 06:53:08,420.29,UPI,HDFC,otp_failure,9,2,811,6.0,0.0,True
txn_007867,2025-04-26 23:00:03,380.96,Netbanking,SBI,insufficient_funds,26,2,124,5.7,4.34,False
txn_007868,2025-01-27 03:51:13,2588.15,Wallet,Yes Bank,bank_timeout,27,3,548,1.9,0.68,True
txn_007869,2026-01-24 23:32:05,786.99,Credit Card,PNB,insufficient_funds,24,2,896,0.3,4.24,True
txn_007870,2025-07-23 13:31:27,796.83,UPI,SBI,bank_timeout,23,0,248,3.5,0.0,True
txn_007871,2025-12-30 04:07:03,628.0,Debit Card,Yes Bank,otp_failure,30,1,458,2.9,0.62,True
txn_007872,2026-05-10 21:46:28,2342.93,Debit Card,IDFC,insufficient_funds,10,3,322,0.6,4.11,False
txn_007873,2025-08-31 00:08:32,85.47,Debit Card,Axis,network_error,31,2,451,0.6,0.15,True
txn_007874,2025-09-25 12:50:31,670.29,Netbanking,HDFC,expired_card,25,2,339,1.3,,False
txn_007875,2025-01-07 12:59:01,850.69,UPI,ICICI,network_error,7,3,134,4.7,0.02,True
txn_007876,2025-05-04 20:44:34,5000.53,Wallet,ICICI,bank_timeout,4,0,554,0.9,0.0,True
txn_007877,2026-03-11 23:24:42,1503.62,Debit Card,Yes Bank,insufficient_funds,11,6,547,0.4,4.42,False
txn_007878,2025-03-25 06:02:00,132.67,Wallet,ICICI,expired_card,25,1,327,4.0,,False
txn_007879,2026-06-18 07:29:56,635.25,Netbanking,ICICI,bank_timeout,18,1,777,0.7,0.0,True
txn_007880,2026-05-04 01:08:23,1079.47,Debit Card,Yes Bank,insufficient_funds,4,1,474,0.2,3.74,True
txn_007881,2025-09-26 17:00:16,49.77,Wallet,HDFC,bank_timeout,26,1,888,1.0,0.0,True
txn_007882,2025-08-11 19:32:43,1322.22,Netbanking,ICICI,insufficient_funds,11,3,489,0.0,3.68,True
txn_007883,2025-01-25 15:03:50,638.63,Credit Card,PNB,invalid_cvv,25,1,265,0.4,1.12,False
txn_007884,2026-04-13 06:55:02,576.77,Debit Card,Axis,bank_timeout,13,0,7,2.2,0.0,True
txn_007885,2025-02-13 00:23:02,1126.73,UPI,IDFC,bank_timeout,13,2,809,0.9,0.07,True
txn_007886,2025-11-14 05:06:00,937.24,Credit Card,HDFC,fraud_block,14,0,241,0.8,,False
txn_007887,2025-03-08 05:13:55,315.1,Debit Card,Axis,bank_timeout,8,0,82,4.8,0.0,True
txn_007888,2026-02-10 17:42:44,98.03,Debit Card,PNB,bank_timeout,10,1,575,0.7,0.36,True
txn_007889,2025-03-09 07:34:11,720.87,Credit Card,ICICI,expired_card,9,3,576,0.0,,False
txn_007890,2026-07-16 21:16:13,1770.68,Debit Card,Axis,insufficient_funds,16,0,554,2.2,3.74,False
txn_007891,2025-04-09 18:17:24,778.19,Wallet,IDFC,expired_card,9,0,433,2.9,,False
txn_007892,2025-02-23 07:36:46,127.21,UPI,ICICI,insufficient_funds,23,2,438,0.1,4.12,False
txn_007893,2025-04-08 03:54:39,863.57,Credit Card,Kotak,fraud_block,8,2,79,0.3,,True
txn_007894,2026-02-18 11:45:11,319.08,UPI,HDFC,expired_card,18,0,815,2.8,,False
txn_007895,2026-01-22 14:53:26,327.86,Netbanking,IDFC,invalid_cvv,22,0,532,0.6,0.9,True
txn_007896,2025-09-10 12:20:46,2980.67,Debit Card,Kotak,bank_timeout,10,1,168,1.8,0.21,True
txn_007897,2025-08-31 09:09:21,2996.09,Netbanking,HDFC,insufficient_funds,31,1,581,3.1,4.09,True
txn_007898,2025-08-26 06:12:54,267.95,Debit Card,SBI,insufficient_funds,26,0,68,5.5,4.52,False
txn_007899,2025-12-08 14:34:41,4053.74,Netbanking,Axis,expired_card,8,0,411,2.2,,True
txn_007900,2026-05-08 10:51:38,61.55,UPI,IDFC,insufficient_funds,8,0,800,3.8,4.13,False
txn_007901,2025-01-20 12:53:23,471.42,Credit Card,ICICI,invalid_cvv,20,0,636,0.5,1.67,True
txn_007902,2025-09-16 13:38:12,436.15,Debit Card,HDFC,expired_card,16,1,75,3.4,,False
txn_007903,2025-10-12 05:49:12,550.79,Netbanking,Axis,insufficient_funds,12,0,600,2.1,4.27,False
txn_007904,2026-07-23 11:23:59,412.26,UPI,PNB,invalid_cvv,23,0,493,2.7,0.81,False
txn_007905,2025-04-26 15:42:41,81.68,UPI,Axis,insufficient_funds,26,0,623,5.7,3.86,True
txn_007906,2025-09-29 15:17:48,196.7,Wallet,IDFC,otp_failure,29,1,698,2.6,0.0,True
txn_007907,2025-03-06 12:36:52,606.04,Netbanking,IDFC,insufficient_funds,6,2,303,0.1,4.04,True
txn_007908,2026-02-20 08:36:45,315.14,Debit Card,SBI,bank_timeout,20,3,162,0.1,0.85,False
txn_007909,2025-09-04 21:09:33,595.99,Credit Card,SBI,insufficient_funds,4,1,521,4.6,3.94,False
txn_007910,2025-12-23 09:32:01,807.45,Debit Card,IDFC,bank_timeout,23,1,837,2.4,0.6,True
txn_007911,2025-12-18 21:42:36,326.58,Credit Card,IDFC,bank_timeout,18,0,809,0.4,0.0,True
txn_007912,2025-11-21 21:46:49,1520.21,Netbanking,Yes Bank,invalid_cvv,21,1,647,0.7,0.77,False
txn_007913,2026-06-27 18:23:21,2357.95,Netbanking,SBI,otp_failure,27,2,394,0.1,0.0,True
txn_007914,2025-04-11 23:47:09,1412.06,UPI,ICICI,insufficient_funds,11,3,211,1.6,3.5,False
txn_007915,2026-04-28 15:45:25,434.05,Netbanking,IDFC,bank_timeout,28,3,263,0.3,0.54,True
txn_007916,2026-02-28 22:01:55,192.52,Netbanking,Kotak,insufficient_funds,28,0,86,1.1,4.0,True
txn_007917,2026-04-30 07:43:37,852.22,UPI,PNB,insufficient_funds,30,3,306,3.0,3.81,False
txn_007918,2025-12-29 19:01:50,983.33,Credit Card,SBI,otp_failure,29,2,27,0.3,0.03,True
txn_007919,2026-03-26 02:04:36,353.08,Credit Card,Axis,otp_failure,26,0,240,0.6,0.42,False
txn_007920,2025-10-08 20:49:02,2918.75,Credit Card,HDFC,network_error,8,1,186,0.1,0.3,True
txn_007921,2025-11-17 14:47:40,2382.25,Credit Card,Kotak,network_error,17,0,703,0.5,0.0,True
txn_007922,2026-01-24 19:49:59,5030.66,Wallet,PNB,network_error,24,0,113,1.2,0.07,True
txn_007923,2025-08-23 01:19:55,2416.51,Debit Card,SBI,otp_failure,23,0,364,7.2,0.0,True
txn_007924,2025-07-02 18:11:18,798.94,UPI,Kotak,bank_timeout,2,2,762,0.8,0.0,True
txn_007925,2025-06-12 16:53:42,2943.57,UPI,HDFC,otp_failure,12,4,11,1.3,0.0,True
txn_007926,2025-08-27 15:20:30,325.73,Netbanking,IDFC,network_error,27,0,498,0.6,0.04,True
txn_007927,2026-03-02 09:33:54,529.48,Debit Card,ICICI,insufficient_funds,2,2,206,1.0,4.12,True
txn_007928,2025-04-28 03:24:43,931.05,Credit Card,Yes Bank,bank_timeout,28,1,694,0.2,0.0,True
txn_007929,2026-05-10 22:14:08,869.53,Netbanking,Kotak,insufficient_funds,10,0,678,1.3,3.87,False
txn_007930,2026-04-15 14:35:02,2664.44,UPI,SBI,expired_card,15,0,358,0.7,,False
txn_007931,2025-10-05 05:25:08,1234.29,UPI,SBI,insufficient_funds,5,0,269,3.5,3.39,True
txn_007932,2025-01-14 08:28:49,356.55,Netbanking,Kotak,expired_card,14,1,193,1.8,,False
txn_007933,2025-08-08 20:31:33,918.43,Credit Card,ICICI,invalid_cvv,8,3,261,0.1,0.94,False
txn_007934,2025-03-20 12:10:51,1737.24,Wallet,PNB,insufficient_funds,20,0,555,0.1,3.69,False
txn_007935,2025-06-01 21:35:30,421.45,Wallet,ICICI,fraud_block,1,3,538,0.7,,False
txn_007936,2026-02-17 14:13:08,347.65,Debit Card,PNB,bank_timeout,17,0,341,0.8,0.0,False
txn_007937,2025-07-13 11:08:37,4038.44,Credit Card,IDFC,insufficient_funds,13,0,393,1.2,3.79,False
txn_007938,2025-07-01 08:47:15,996.13,UPI,Axis,bank_timeout,1,2,22,1.9,0.91,False
txn_007939,2025-09-20 00:54:19,2312.46,Wallet,Kotak,bank_timeout,20,2,844,0.1,0.0,True
txn_007940,2026-01-24 16:55:47,349.64,Wallet,SBI,insufficient_funds,24,1,644,3.1,4.09,False
txn_007941,2026-07-17 08:37:48,1009.92,Credit Card,Kotak,network_error,17,2,112,1.7,0.62,True
txn_007942,2026-04-01 16:37:43,263.85,Netbanking,HDFC,bank_timeout,1,0,407,3.7,0.14,True
txn_007943,2025-11-11 16:34:36,713.02,Netbanking,Kotak,expired_card,11,1,566,1.7,,False
txn_007944,2025-01-15 04:53:09,213.42,UPI,ICICI,otp_failure,15,0,788,4.8,0.0,True
txn_007945,2025-03-20 06:14:14,984.76,Credit Card,SBI,bank_timeout,20,0,527,5.7,0.0,True
txn_007946,2025-03-12 18:22:36,974.18,Debit Card,Yes Bank,bank_timeout,12,1,791,0.8,0.1,True
txn_007947,2025-08-30 13:29:56,1441.24,Debit Card,Kotak,otp_failure,30,0,618,1.9,0.0,True
txn_007948,2025-03-05 21:28:11,756.06,Debit Card,Axis,insufficient_funds,5,0,178,0.6,4.29,True
txn_007949,2025-01-23 18:19:59,4836.05,Credit Card,IDFC,insufficient_funds,23,1,176,2.1,3.48,True
txn_007950,2025-02-09 13:55:13,948.48,UPI,IDFC,network_error,9,2,467,0.4,0.41,True
txn_007951,2025-01-04 06:07:52,1978.95,Debit Card,PNB,invalid_cvv,4,1,89,0.5,0.62,False
txn_007952,2025-04-21 12:14:49,1121.15,Credit Card,IDFC,network_error,21,1,138,0.6,0.48,True
txn_007953,2025-02-11 01:35:38,835.52,Credit Card,Axis,bank_timeout,11,0,227,3.2,0.09,True
txn_007954,2025-05-07 17:26:31,347.77,Credit Card,Axis,insufficient_funds,7,3,601,1.0,3.61,False
txn_007955,2025-03-23 13:59:10,1605.56,Wallet,PNB,network_error,23,2,316,2.9,0.0,True
txn_007956,2026-03-04 18:53:16,249.93,Wallet,HDFC,bank_timeout,4,1,293,2.0,0.0,True
txn_007957,2025-03-04 06:41:56,2542.11,Credit Card,Kotak,insufficient_funds,4,0,370,2.1,4.7,True
txn_007958,2025-01-26 04:36:30,6283.41,Credit Card,Axis,expired_card,26,1,683,1.7,,False
txn_007959,2025-08-20 07:39:20,949.06,Netbanking,ICICI,fraud_block,20,2,578,1.4,,False
txn_007960,2025-07-06 23:00:28,958.5,Credit Card,PNB,bank_timeout,6,2,774,5.5,0.0,True
txn_007961,2025-03-18 19:39:22,817.17,Wallet,PNB,otp_failure,18,0,119,2.7,0.0,False
txn_007962,2026-05-22 14:28:38,211.22,Wallet,IDFC,insufficient_funds,22,0,851,6.9,4.44,False
txn_007963,2025-02-05 09:48:23,464.59,Credit Card,IDFC,network_error,5,1,701,6.2,0.1,False
txn_007964,2025-05-01 20:22:19,1051.03,UPI,HDFC,insufficient_funds,1,1,893,9.1,4.58,True
txn_007965,2026-07-15 14:33:15,2478.65,Wallet,Kotak,insufficient_funds,15,0,740,7.7,5.25,False
txn_007966,2025-03-18 12:35:11,470.79,Wallet,Kotak,network_error,18,1,389,1.0,0.0,False
txn_007967,2026-05-10 02:22:12,1224.03,Netbanking,Yes Bank,network_error,10,3,434,0.8,0.23,True
txn_007968,2025-10-11 05:43:42,346.42,Credit Card,ICICI,expired_card,11,2,777,2.3,,False
txn_007969,2025-03-01 20:09:15,581.62,Debit Card,PNB,invalid_cvv,1,0,567,7.2,1.35,True
txn_007970,2025-09-22 15:35:42,1911.42,Debit Card,Yes Bank,bank_timeout,22,3,570,0.7,0.28,True
txn_007971,2026-02-16 17:57:02,5786.27,Debit Card,ICICI,insufficient_funds,16,3,796,0.3,5.24,True
txn_007972,2025-01-18 13:55:29,162.56,Netbanking,SBI,bank_timeout,18,0,222,0.1,0.0,True
txn_007973,2026-03-10 11:57:22,694.58,Wallet,PNB,insufficient_funds,10,0,57,1.2,3.39,True
txn_007974,2026-02-10 21:42:48,2403.04,Credit Card,PNB,network_error,10,2,816,0.3,0.0,True
txn_007975,2025-04-17 21:05:01,1369.01,Netbanking,HDFC,invalid_cvv,17,1,143,6.3,1.16,False
txn_007976,2026-07-10 09:39:48,2692.72,Debit Card,PNB,fraud_block,10,2,352,9.3,,False
txn_007977,2025-03-28 22:55:11,495.68,Netbanking,ICICI,otp_failure,28,0,204,0.0,0.29,True
txn_007978,2025-11-28 11:14:00,1085.81,Credit Card,ICICI,network_error,28,2,349,3.2,0.29,True
txn_007979,2026-04-24 03:02:47,289.89,Netbanking,SBI,fraud_block,24,0,861,1.6,,False
txn_007980,2025-04-11 19:14:46,1504.57,Debit Card,IDFC,invalid_cvv,11,0,172,0.3,1.33,True
txn_007981,2025-07-15 04:50:11,359.14,Netbanking,PNB,insufficient_funds,15,0,219,2.0,3.59,False
txn_007982,2025-04-04 16:24:59,95.13,Wallet,Axis,otp_failure,4,2,231,1.6,0.98,True
txn_007983,2026-01-12 20:07:29,268.53,UPI,Axis,bank_timeout,12,0,9,1.5,0.0,False
txn_007984,2025-02-01 07:35:20,1154.61,Netbanking,IDFC,bank_timeout,1,2,304,1.3,0.0,True
txn_007985,2026-03-11 16:47:05,121.71,Credit Card,HDFC,insufficient_funds,11,2,82,0.3,5.56,False
txn_007986,2025-05-22 09:51:58,773.11,UPI,HDFC,bank_timeout,22,1,121,1.5,0.0,True
txn_007987,2026-06-08 07:21:25,994.75,Wallet,Yes Bank,insufficient_funds,8,1,52,0.1,3.81,False
txn_007988,2025-10-01 07:51:14,1998.4,Netbanking,HDFC,insufficient_funds,1,2,828,0.8,4.26,True
txn_007989,2025-01-12 10:35:45,482.43,Debit Card,Kotak,expired_card,12,2,755,1.7,,False
txn_007990,2026-06-04 17:28:52,1005.36,UPI,Axis,fraud_block,4,0,249,0.1,,False
txn_007991,2025-04-15 19:42:52,347.22,Debit Card,IDFC,insufficient_funds,15,1,827,0.7,3.59,True
txn_007992,2025-05-25 15:26:50,1360.61,Debit Card,ICICI,insufficient_funds,25,2,110,1.0,4.29,False
txn_007993,2025-10-31 11:13:59,5037.96,Wallet,HDFC,bank_timeout,31,3,746,0.4,0.08,False
txn_007994,2025-10-26 14:42:01,659.15,Wallet,IDFC,network_error,26,1,831,0.0,0.0,True
txn_007995,2026-03-05 08:26:41,623.0,UPI,PNB,otp_failure,5,3,314,1.6,0.31,False
txn_007996,2025-07-21 14:57:06,920.36,Netbanking,PNB,expired_card,21,0,401,0.5,,False
txn_007997,2025-01-16 11:23:36,596.41,Netbanking,PNB,insufficient_funds,16,2,560,1.4,3.47,True
txn_007998,2026-06-14 21:52:48,806.26,UPI,ICICI,insufficient_funds,14,2,861,0.7,4.03,False
txn_007999,2025-12-06 08:58:40,161.3,Wallet,ICICI,insufficient_funds,6,1,522,1.0,4.63,False
