amount_inr,payment_method,bank,failure_reason,day_of_month,customer_past_failures,customer_tenure_days,is_salary_window,high_value_txn,repeat_failer,actual_recovered,recovery_score,recommended_action,expected_value_inr,reasoning,retry_date,customer_message
122.78,Credit Card,Axis,network_error,11,0,392,0,0,0,1,0.9300125,RETRY_NOW,112.19,Network Error is usually transient — high chance of success on immediate retry.,,We'll automatically retry your payment shortly — no action needed.
1660.63,Credit Card,HDFC,network_error,7,1,174,0,0,0,0,0.91831726,RETRY_NOW,1522.99,Network Error is usually transient — high chance of success on immediate retry.,,We'll automatically retry your payment shortly — no action needed.
1646.97,Credit Card,SBI,network_error,9,1,466,0,0,0,1,0.9182604,RETRY_NOW,1510.35,Network Error is usually transient — high chance of success on immediate retry.,,We'll automatically retry your payment shortly — no action needed.
2056.8,UPI,SBI,network_error,20,1,357,0,0,0,1,0.915374,RETRY_NOW,1880.74,Network Error is usually transient — high chance of success on immediate retry.,,We'll automatically retry your payment shortly — no action needed.
129.0,UPI,Axis,network_error,21,1,496,0,0,0,0,0.9143784,RETRY_NOW,115.95,Network Error is usually transient — high chance of success on immediate retry.,,We'll automatically retry your payment shortly — no action needed.
31.03,Wallet,PNB,network_error,16,1,419,0,0,0,1,0.9138612,RETRY_NOW,26.36,Network Error is usually transient — high chance of success on immediate retry.,,We'll automatically retry your payment shortly — no action needed.
1016.39,Debit Card,HDFC,network_error,27,1,834,0,0,0,1,0.91371727,RETRY_NOW,926.69,Network Error is usually transient — high chance of success on immediate retry.,,We'll automatically retry your payment shortly — no action needed.
687.02,Credit Card,Axis,network_error,16,1,775,0,0,0,1,0.9132069,RETRY_NOW,625.39,Network Error is usually transient — high chance of success on immediate retry.,,We'll automatically retry your payment shortly — no action needed.
138.5,Debit Card,IDFC,network_error,22,2,445,0,0,0,1,0.90722156,RETRY_NOW,123.65,Network Error is usually transient — high chance of success on immediate retry.,,We'll automatically retry your payment shortly — no action needed.
1978.53,Wallet,PNB,network_error,17,1,634,0,0,0,1,0.90592587,RETRY_NOW,1790.4,Network Error is usually transient — high chance of success on immediate retry.,,We'll automatically retry your payment shortly — no action needed.
2484.95,Netbanking,Yes Bank,network_error,8,1,493,0,0,0,1,0.905831,RETRY_NOW,2248.94,Network Error is usually transient — high chance of success on immediate retry.,,We'll automatically retry your payment shortly — no action needed.
1825.13,Debit Card,SBI,network_error,17,0,664,0,0,0,1,0.9034102,RETRY_NOW,1646.84,Network Error is usually transient — high chance of success on immediate retry.,,We'll automatically retry your payment shortly — no action needed.
1692.02,Netbanking,PNB,network_error,20,2,353,0,0,0,1,0.90217316,RETRY_NOW,1524.5,Network Error is usually transient — high chance of success on immediate retry.,,We'll automatically retry your payment shortly — no action needed.
2456.61,Credit Card,SBI,network_error,25,0,373,0,0,0,1,0.90109724,RETRY_NOW,2211.64,Network Error is usually transient — high chance of success on immediate retry.,,We'll automatically retry your payment shortly — no action needed.
2918.75,Credit Card,HDFC,network_error,8,1,186,0,0,0,1,0.8999366,RETRY_NOW,2624.69,Network Error is usually transient — high chance of success on immediate retry.,,We'll automatically retry your payment shortly — no action needed.
284.73,Wallet,SBI,network_error,16,1,492,0,0,0,0,0.89976656,RETRY_NOW,254.19,Network Error is usually transient — high chance of success on immediate retry.,,We'll automatically retry your payment shortly — no action needed.
2403.04,Credit Card,PNB,network_error,10,2,816,0,0,0,1,0.8988252,RETRY_NOW,2157.91,Network Error is usually transient — high chance of success on immediate retry.,,We'll automatically retry your payment shortly — no action needed.
505.74,Netbanking,Kotak,network_error,23,1,853,0,0,0,1,0.89846826,RETRY_NOW,452.39,Network Error is usually transient — high chance of success on immediate retry.,,We'll automatically retry your payment shortly — no action needed.
85.47,Debit Card,Axis,network_error,31,2,451,1,0,0,1,0.89758986,RETRY_NOW,74.72,Network Error is usually transient — high chance of success on immediate retry.,,We'll automatically retry your payment shortly — no action needed.
148.79,UPI,Axis,network_error,21,1,338,0,0,0,1,0.8956579,RETRY_NOW,131.26,Network Error is usually transient — high chance of success on immediate retry.,,We'll automatically retry your payment shortly — no action needed.
2573.83,Netbanking,PNB,network_error,28,1,594,1,0,0,1,0.89462924,RETRY_NOW,2300.62,Network Error is usually transient — high chance of success on immediate retry.,,We'll automatically retry your payment shortly — no action needed.
1791.2,UPI,ICICI,network_error,9,0,300,0,0,0,1,0.89423764,RETRY_NOW,1599.76,Network Error is usually transient — high chance of success on immediate retry.,,We'll automatically retry your payment shortly — no action needed.
126.31,Netbanking,PNB,network_error,21,2,698,0,0,0,1,0.8935675,RETRY_NOW,110.87,Network Error is usually transient — high chance of success on immediate retry.,,We'll automatically retry your payment shortly — no action needed.
1897.58,Debit Card,Kotak,network_error,12,0,664,0,0,0,1,0.8926239,RETRY_NOW,1691.83,Network Error is usually transient — high chance of success on immediate retry.,,We'll automatically retry your payment shortly — no action needed.
319.25,Debit Card,HDFC,network_error,21,1,402,0,0,0,1,0.89194924,RETRY_NOW,282.75,Network Error is usually transient — high chance of success on immediate retry.,,We'll automatically retry your payment shortly — no action needed.
2323.94,Netbanking,Yes Bank,network_error,10,1,185,0,0,0,0,0.891828,RETRY_NOW,2070.55,Network Error is usually transient — high chance of success on immediate retry.,,We'll automatically retry your payment shortly — no action needed.
798.55,Credit Card,Yes Bank,network_error,28,1,380,1,0,0,1,0.89028937,RETRY_NOW,708.94,Network Error is usually transient — high chance of success on immediate retry.,,We'll automatically retry your payment shortly — no action needed.
2922.25,Credit Card,Yes Bank,network_error,17,1,209,0,0,0,1,0.8894783,RETRY_NOW,2597.28,Network Error is usually transient — high chance of success on immediate retry.,,We'll automatically retry your payment shortly — no action needed.
262.92,Netbanking,HDFC,network_error,9,2,824,0,0,0,1,0.88913816,RETRY_NOW,231.77,Network Error is usually transient — high chance of success on immediate retry.,,We'll automatically retry your payment shortly — no action needed.
584.9,Debit Card,PNB,network_error,24,1,665,0,0,0,1,0.88894767,RETRY_NOW,517.95,Network Error is usually transient — high chance of success on immediate retry.,,We'll automatically retry your payment shortly — no action needed.
1592.67,Credit Card,Axis,network_error,5,1,147,1,0,0,1,0.88851184,RETRY_NOW,1413.11,Network Error is usually transient — high chance of success on immediate retry.,,We'll automatically retry your payment shortly — no action needed.
909.01,Wallet,IDFC,network_error,20,1,352,0,0,0,1,0.8875426,RETRY_NOW,804.79,Network Error is usually transient — high chance of success on immediate retry.,,We'll automatically retry your payment shortly — no action needed.
1896.08,UPI,HDFC,network_error,6,2,351,0,0,0,1,0.8875385,RETRY_NOW,1680.84,Network Error is usually transient — high chance of success on immediate retry.,,We'll automatically retry your payment shortly — no action needed.
3926.73,Debit Card,Kotak,network_error,28,2,459,1,0,0,1,0.88501,RETRY_NOW,3473.2,Network Error is usually transient — high chance of success on immediate retry.,,We'll automatically retry your payment shortly — no action needed.
1720.39,UPI,PNB,network_error,12,0,695,0,0,0,1,0.8842092,RETRY_NOW,1519.18,Network Error is usually transient — high chance of success on immediate retry.,,We'll automatically retry your payment shortly — no action needed.
800.17,Credit Card,Axis,network_error,30,1,690,1,0,0,1,0.8820199,RETRY_NOW,703.77,Network Error is usually transient — high chance of success on immediate retry.,,We'll automatically retry your payment shortly — no action needed.
502.85,Wallet,Kotak,network_error,31,1,354,1,0,0,1,0.88114345,RETRY_NOW,441.08,Network Error is usually transient — high chance of success on immediate retry.,,We'll automatically retry your payment shortly — no action needed.
159.12,Debit Card,IDFC,network_error,20,0,533,0,0,0,0,0.8770979,RETRY_NOW,137.56,Network Error is usually transient — high chance of success on immediate retry.,,We'll automatically retry your payment shortly — no action needed.
4298.07,Credit Card,ICICI,network_error,12,2,145,0,0,0,0,0.87561584,RETRY_NOW,3761.46,Network Error is usually transient — high chance of success on immediate retry.,,We'll automatically retry your payment shortly — no action needed.
717.95,Wallet,Kotak,network_error,4,1,503,1,0,0,1,0.87454903,RETRY_NOW,625.88,Network Error is usually transient — high chance of success on immediate retry.,,We'll automatically retry your payment shortly — no action needed.
2272.9,Debit Card,SBI,network_error,14,0,519,0,0,0,0,0.8740005,RETRY_NOW,1984.52,Network Error is usually transient — high chance of success on immediate retry.,,We'll automatically retry your payment shortly — no action needed.
496.19,Wallet,PNB,bank_timeout,27,1,834,0,0,0,0,0.87340456,RETRY_NOW,431.37,Bank Timeout is usually transient — high chance of success on immediate retry.,,We'll automatically retry your payment shortly — no action needed.
470.79,Wallet,Kotak,network_error,18,1,389,0,0,0,0,0.87275547,RETRY_NOW,408.88,Network Error is usually transient — high chance of success on immediate retry.,,We'll automatically retry your payment shortly — no action needed.
130.79,Netbanking,Kotak,bank_timeout,30,2,389,1,0,0,1,0.87235975,RETRY_NOW,112.1,Bank Timeout is usually transient — high chance of success on immediate retry.,,We'll automatically retry your payment shortly — no action needed.
862.89,Wallet,Yes Bank,network_error,5,0,47,1,0,0,1,0.8721092,RETRY_NOW,750.53,Network Error is usually transient — high chance of success on immediate retry.,,We'll automatically retry your payment shortly — no action needed.
671.75,Netbanking,HDFC,bank_timeout,21,3,835,0,0,1,1,0.87158144,RETRY_NOW,583.48,Bank Timeout is usually transient — high chance of success on immediate retry.,,We'll automatically retry your payment shortly — no action needed.
125.8,UPI,SBI,network_error,3,0,176,1,0,0,1,0.8714957,RETRY_NOW,107.63,Network Error is usually transient — high chance of success on immediate retry.,,We'll automatically retry your payment shortly — no action needed.
359.95,Netbanking,IDFC,network_error,28,0,860,1,0,0,1,0.87128264,RETRY_NOW,311.62,Network Error is usually transient — high chance of success on immediate retry.,,We'll automatically retry your payment shortly — no action needed.
628.28,Credit Card,IDFC,network_error,22,1,758,0,0,0,0,0.8710108,RETRY_NOW,545.24,Network Error is usually transient — high chance of success on immediate retry.,,We'll automatically retry your payment shortly — no action needed.
894.28,Credit Card,PNB,network_error,5,1,327,1,0,0,1,0.870475,RETRY_NOW,776.45,Network Error is usually transient — high chance of success on immediate retry.,,We'll automatically retry your payment shortly — no action needed.
434.22,Debit Card,Axis,network_error,30,1,572,1,0,0,1,0.8690479,RETRY_NOW,375.36,Network Error is usually transient — high chance of success on immediate retry.,,We'll automatically retry your payment shortly — no action needed.
1215.81,Netbanking,HDFC,network_error,16,0,822,0,0,0,1,0.868987,RETRY_NOW,1054.52,Network Error is usually transient — high chance of success on immediate retry.,,We'll automatically retry your payment shortly — no action needed.
1249.85,Credit Card,Yes Bank,network_error,16,1,474,0,0,0,1,0.8687032,RETRY_NOW,1083.75,Network Error is usually transient — high chance of success on immediate retry.,,We'll automatically retry your payment shortly — no action needed.
4013.23,Credit Card,Axis,network_error,21,2,781,0,0,0,1,0.8678985,RETRY_NOW,3481.08,Network Error is usually transient — high chance of success on immediate retry.,,We'll automatically retry your payment shortly — no action needed.
2187.57,Wallet,IDFC,network_error,26,1,292,0,0,0,1,0.86674833,RETRY_NOW,1894.07,Network Error is usually transient — high chance of success on immediate retry.,,We'll automatically retry your payment shortly — no action needed.
1877.6,Netbanking,SBI,network_error,21,0,164,0,0,0,1,0.8666682,RETRY_NOW,1625.26,Network Error is usually transient — high chance of success on immediate retry.,,We'll automatically retry your payment shortly — no action needed.
358.83,Netbanking,HDFC,network_error,18,1,666,0,0,0,1,0.864904,RETRY_NOW,308.35,Network Error is usually transient — high chance of success on immediate retry.,,We'll automatically retry your payment shortly — no action needed.
4103.57,Debit Card,Yes Bank,network_error,10,1,268,0,0,0,1,0.8646178,RETRY_NOW,3546.02,Network Error is usually transient — high chance of success on immediate retry.,,We'll automatically retry your payment shortly — no action needed.
5804.26,Netbanking,ICICI,insufficient_funds,30,0,513,1,0,0,0,0.86396426,RETRY_SCHEDULED,5012.67,Insufficient Funds recovers best after a 4-day delay (e.g. next salary credit).,Sep 02,We'll retry your payment on Sep 02. You can also pay now via a different method.
724.67,Wallet,ICICI,network_error,6,0,387,0,0,0,1,0.86355215,RETRY_NOW,623.79,Network Error is usually transient — high chance of success on immediate retry.,,We'll automatically retry your payment shortly — no action needed.
831.83,Wallet,HDFC,bank_timeout,31,1,388,1,0,0,1,0.86342883,RETRY_NOW,716.23,Bank Timeout is usually transient — high chance of success on immediate retry.,,We'll automatically retry your payment shortly — no action needed.
1291.33,Credit Card,Yes Bank,network_error,28,1,500,1,0,0,1,0.8629612,RETRY_NOW,1112.37,Network Error is usually transient — high chance of success on immediate retry.,,We'll automatically retry your payment shortly — no action needed.
279.66,Credit Card,Yes Bank,bank_timeout,18,1,811,0,0,0,1,0.8628888,RETRY_NOW,239.32,Bank Timeout is usually transient — high chance of success on immediate retry.,,We'll automatically retry your payment shortly — no action needed.
325.73,Netbanking,IDFC,network_error,27,0,498,0,0,0,1,0.86261797,RETRY_NOW,278.98,Network Error is usually transient — high chance of success on immediate retry.,,We'll automatically retry your payment shortly — no action needed.
300.93,Netbanking,ICICI,bank_timeout,9,1,616,0,0,0,1,0.86235553,RETRY_NOW,257.51,Bank Timeout is usually transient — high chance of success on immediate retry.,,We'll automatically retry your payment shortly — no action needed.
3516.11,UPI,Axis,network_error,23,0,627,0,0,0,1,0.8610433,RETRY_NOW,3025.52,Network Error is usually transient — high chance of success on immediate retry.,,We'll automatically retry your payment shortly — no action needed.
178.76,Debit Card,Kotak,network_error,24,1,618,0,0,0,1,0.86103237,RETRY_NOW,151.92,Network Error is usually transient — high chance of success on immediate retry.,,We'll automatically retry your payment shortly — no action needed.
1266.25,Netbanking,Yes Bank,network_error,14,1,379,0,0,0,0,0.86078465,RETRY_NOW,1087.97,Network Error is usually transient — high chance of success on immediate retry.,,We'll automatically retry your payment shortly — no action needed.
642.67,Debit Card,ICICI,bank_timeout,22,2,809,0,0,0,1,0.8606303,RETRY_NOW,551.1,Bank Timeout is usually transient — high chance of success on immediate retry.,,We'll automatically retry your payment shortly — no action needed.
2655.19,Debit Card,Axis,network_error,25,2,407,0,0,0,1,0.86061925,RETRY_NOW,2283.11,Network Error is usually transient — high chance of success on immediate retry.,,We'll automatically retry your payment shortly — no action needed.
1777.08,Netbanking,HDFC,network_error,29,2,614,1,0,0,1,0.8596106,RETRY_NOW,1525.6,Network Error is usually transient — high chance of success on immediate retry.,,We'll automatically retry your payment shortly — no action needed.
433.96,Credit Card,SBI,network_error,19,1,488,0,0,0,1,0.8560635,RETRY_NOW,369.5,Network Error is usually transient — high chance of success on immediate retry.,,We'll automatically retry your payment shortly — no action needed.
1219.85,Credit Card,Yes Bank,network_error,15,1,881,0,0,0,1,0.85482633,RETRY_NOW,1040.76,Network Error is usually transient — high chance of success on immediate retry.,,We'll automatically retry your payment shortly — no action needed.
578.14,Debit Card,PNB,network_error,28,1,615,1,0,0,1,0.85366863,RETRY_NOW,491.54,Network Error is usually transient — high chance of success on immediate retry.,,We'll automatically retry your payment shortly — no action needed.
123.78,Wallet,ICICI,network_error,14,1,222,0,0,0,0,0.8534866,RETRY_NOW,103.64,Network Error is usually transient — high chance of success on immediate retry.,,We'll automatically retry your payment shortly — no action needed.
743.28,Netbanking,ICICI,bank_timeout,10,1,670,0,0,0,0,0.852915,RETRY_NOW,631.95,Bank Timeout is usually transient — high chance of success on immediate retry.,,We'll automatically retry your payment shortly — no action needed.
1018.33,UPI,ICICI,network_error,10,1,237,0,0,0,1,0.85264665,RETRY_NOW,866.28,Network Error is usually transient — high chance of success on immediate retry.,,We'll automatically retry your payment shortly — no action needed.
234.53,Wallet,IDFC,network_error,13,1,175,0,0,0,1,0.8525736,RETRY_NOW,197.95,Network Error is usually transient — high chance of success on immediate retry.,,We'll automatically retry your payment shortly — no action needed.
722.25,Credit Card,Yes Bank,network_error,3,2,494,1,0,0,1,0.85098857,RETRY_NOW,612.63,Network Error is usually transient — high chance of success on immediate retry.,,We'll automatically retry your payment shortly — no action needed.
597.55,Credit Card,Yes Bank,bank_timeout,9,0,507,0,0,0,1,0.85064125,RETRY_NOW,506.3,Bank Timeout is usually transient — high chance of success on immediate retry.,,We'll automatically retry your payment shortly — no action needed.
1610.09,Wallet,Kotak,network_error,3,2,142,1,0,0,1,0.8505652,RETRY_NOW,1367.49,Network Error is usually transient — high chance of success on immediate retry.,,We'll automatically retry your payment shortly — no action needed.
666.22,Credit Card,PNB,bank_timeout,18,1,212,0,0,0,1,0.85030574,RETRY_NOW,564.49,Bank Timeout is usually transient — high chance of success on immediate retry.,,We'll automatically retry your payment shortly — no action needed.
1002.4,Netbanking,SBI,bank_timeout,9,0,383,0,0,0,1,0.84995097,RETRY_NOW,849.99,Bank Timeout is usually transient — high chance of success on immediate retry.,,We'll automatically retry your payment shortly — no action needed.
1437.79,Netbanking,SBI,bank_timeout,28,2,824,1,0,0,1,0.8497968,RETRY_NOW,1219.83,Bank Timeout is usually transient — high chance of success on immediate retry.,,We'll automatically retry your payment shortly — no action needed.
957.48,Credit Card,SBI,bank_timeout,8,1,620,0,0,0,1,0.8473854,RETRY_NOW,809.35,Bank Timeout is usually transient — high chance of success on immediate retry.,,We'll automatically retry your payment shortly — no action needed.
274.27,UPI,IDFC,network_error,14,2,165,0,0,0,1,0.8462155,RETRY_NOW,230.09,Network Error is usually transient — high chance of success on immediate retry.,,We'll automatically retry your payment shortly — no action needed.
1763.59,UPI,Yes Bank,network_error,1,2,221,1,0,0,1,0.84605616,RETRY_NOW,1490.1,Network Error is usually transient — high chance of success on immediate retry.,,We'll automatically retry your payment shortly — no action needed.
1794.27,Credit Card,SBI,network_error,1,0,445,1,0,0,1,0.8448074,RETRY_NOW,1513.81,Network Error is usually transient — high chance of success on immediate retry.,,We'll automatically retry your payment shortly — no action needed.
2226.8,Wallet,Kotak,network_error,1,0,738,1,0,0,1,0.8446942,RETRY_NOW,1878.97,Network Error is usually transient — high chance of success on immediate retry.,,We'll automatically retry your payment shortly — no action needed.
1229.33,Netbanking,SBI,bank_timeout,11,0,785,0,0,0,1,0.84462875,RETRY_NOW,1036.33,Bank Timeout is usually transient — high chance of success on immediate retry.,,We'll automatically retry your payment shortly — no action needed.
772.29,UPI,SBI,network_error,22,1,491,0,0,0,1,0.8445623,RETRY_NOW,650.25,Network Error is usually transient — high chance of success on immediate retry.,,We'll automatically retry your payment shortly — no action needed.
109.62,Debit Card,SBI,insufficient_funds,5,1,545,1,0,0,1,0.84450936,RETRY_SCHEDULED,90.58,Insufficient Funds recovers best after a 4-day delay (e.g. next salary credit).,Sep 02,We'll retry your payment on Sep 02. You can also pay now via a different method.
4351.62,Netbanking,PNB,bank_timeout,22,1,190,0,0,0,1,0.84411454,RETRY_NOW,3671.27,Bank Timeout is usually transient — high chance of success on immediate retry.,,We'll automatically retry your payment shortly — no action needed.
417.15,UPI,HDFC,network_error,27,2,758,0,0,0,1,0.84390026,RETRY_NOW,350.03,Network Error is usually transient — high chance of success on immediate retry.,,We'll automatically retry your payment shortly — no action needed.
858.08,Wallet,HDFC,network_error,13,0,358,0,0,0,1,0.84345526,RETRY_NOW,721.75,Network Error is usually transient — high chance of success on immediate retry.,,We'll automatically retry your payment shortly — no action needed.
1252.66,Wallet,Kotak,network_error,13,1,328,0,0,0,0,0.8432648,RETRY_NOW,1054.32,Network Error is usually transient — high chance of success on immediate retry.,,We'll automatically retry your payment shortly — no action needed.
77.04,Wallet,IDFC,network_error,29,0,756,1,0,0,1,0.8431879,RETRY_NOW,62.96,Network Error is usually transient — high chance of success on immediate retry.,,We'll automatically retry your payment shortly — no action needed.
321.61,UPI,Axis,network_error,16,1,288,0,0,0,1,0.8430196,RETRY_NOW,269.12,Network Error is usually transient — high chance of success on immediate retry.,,We'll automatically retry your payment shortly — no action needed.
1020.0,Wallet,SBI,bank_timeout,15,2,173,0,0,0,1,0.84239936,RETRY_NOW,857.25,Bank Timeout is usually transient — high chance of success on immediate retry.,,We'll automatically retry your payment shortly — no action needed.
2615.25,Wallet,Yes Bank,bank_timeout,24,0,559,0,0,0,1,0.8422791,RETRY_NOW,2200.77,Bank Timeout is usually transient — high chance of success on immediate retry.,,We'll automatically retry your payment shortly — no action needed.
114.14,Netbanking,Yes Bank,network_error,22,1,214,0,0,0,1,0.84190506,RETRY_NOW,94.1,Network Error is usually transient — high chance of success on immediate retry.,,We'll automatically retry your payment shortly — no action needed.
1506.04,Wallet,SBI,network_error,11,0,105,0,0,0,0,0.83912957,RETRY_NOW,1261.76,Network Error is usually transient — high chance of success on immediate retry.,,We'll automatically retry your payment shortly — no action needed.
4531.91,Credit Card,HDFC,bank_timeout,24,1,428,0,0,0,1,0.83901525,RETRY_NOW,3800.34,Bank Timeout is usually transient — high chance of success on immediate retry.,,We'll automatically retry your payment shortly — no action needed.
118.14,Debit Card,Kotak,network_error,12,0,281,0,0,0,1,0.83880806,RETRY_NOW,97.1,Network Error is usually transient — high chance of success on immediate retry.,,We'll automatically retry your payment shortly — no action needed.
1160.31,Wallet,Axis,network_error,19,1,521,0,0,0,1,0.83793235,RETRY_NOW,970.26,Network Error is usually transient — high chance of success on immediate retry.,,We'll automatically retry your payment shortly — no action needed.
1533.76,Wallet,PNB,network_error,18,0,519,0,0,0,1,0.8376731,RETRY_NOW,1282.79,Network Error is usually transient — high chance of success on immediate retry.,,We'll automatically retry your payment shortly — no action needed.
87.69,Debit Card,SBI,bank_timeout,30,2,834,1,0,0,1,0.8374594,RETRY_NOW,71.44,Bank Timeout is usually transient — high chance of success on immediate retry.,,We'll automatically retry your payment shortly — no action needed.
353.9,UPI,IDFC,network_error,25,0,501,0,0,0,1,0.83639044,RETRY_NOW,294.0,Network Error is usually transient — high chance of success on immediate retry.,,We'll automatically retry your payment shortly — no action needed.
292.42,Wallet,Yes Bank,bank_timeout,20,1,405,0,0,0,0,0.8358654,RETRY_NOW,242.42,Bank Timeout is usually transient — high chance of success on immediate retry.,,We'll automatically retry your payment shortly — no action needed.
805.52,Credit Card,PNB,bank_timeout,15,2,837,0,0,0,1,0.83565956,RETRY_NOW,671.14,Bank Timeout is usually transient — high chance of success on immediate retry.,,We'll automatically retry your payment shortly — no action needed.
1079.36,Netbanking,PNB,network_error,7,2,270,0,0,0,1,0.8354147,RETRY_NOW,899.71,Network Error is usually transient — high chance of success on immediate retry.,,We'll automatically retry your payment shortly — no action needed.
1438.12,Netbanking,IDFC,bank_timeout,27,1,555,0,0,0,1,0.835092,RETRY_NOW,1198.96,Bank Timeout is usually transient — high chance of success on immediate retry.,,We'll automatically retry your payment shortly — no action needed.
1503.48,Credit Card,PNB,network_error,5,2,631,1,0,0,1,0.834415,RETRY_NOW,1252.53,Network Error is usually transient — high chance of success on immediate retry.,,We'll automatically retry your payment shortly — no action needed.
159.58,Netbanking,PNB,bank_timeout,13,2,431,0,0,0,1,0.83372074,RETRY_NOW,131.05,Bank Timeout is usually transient — high chance of success on immediate retry.,,We'll automatically retry your payment shortly — no action needed.
2215.01,Netbanking,IDFC,network_error,1,3,726,1,0,1,0,0.83348066,RETRY_NOW,1844.17,Network Error is usually transient — high chance of success on immediate retry.,,We'll automatically retry your payment shortly — no action needed.
112.32,Netbanking,Yes Bank,bank_timeout,23,1,138,0,0,0,1,0.83335483,RETRY_NOW,91.6,Bank Timeout is usually transient — high chance of success on immediate retry.,,We'll automatically retry your payment shortly — no action needed.
280.72,Wallet,Yes Bank,bank_timeout,1,2,754,1,0,0,1,0.8329761,RETRY_NOW,231.83,Bank Timeout is usually transient — high chance of success on immediate retry.,,We'll automatically retry your payment shortly — no action needed.
4866.01,Wallet,HDFC,network_error,10,2,293,0,0,0,1,0.8323912,RETRY_NOW,4048.42,Network Error is usually transient — high chance of success on immediate retry.,,We'll automatically retry your payment shortly — no action needed.
698.97,Credit Card,ICICI,network_error,20,0,530,0,0,0,0,0.83222216,RETRY_NOW,579.7,Network Error is usually transient — high chance of success on immediate retry.,,We'll automatically retry your payment shortly — no action needed.
326.41,Credit Card,Yes Bank,bank_timeout,13,2,578,0,0,0,1,0.83220416,RETRY_NOW,269.64,Bank Timeout is usually transient — high chance of success on immediate retry.,,We'll automatically retry your payment shortly — no action needed.
1155.02,Netbanking,Kotak,network_error,1,0,521,1,0,0,1,0.8321954,RETRY_NOW,959.2,Network Error is usually transient — high chance of success on immediate retry.,,We'll automatically retry your payment shortly — no action needed.
720.46,Debit Card,IDFC,bank_timeout,24,2,890,0,0,0,1,0.83170414,RETRY_NOW,597.21,Bank Timeout is usually transient — high chance of success on immediate retry.,,We'll automatically retry your payment shortly — no action needed.
1541.59,UPI,ICICI,network_error,17,2,250,0,0,0,1,0.83052665,RETRY_NOW,1278.33,Network Error is usually transient — high chance of success on immediate retry.,,We'll automatically retry your payment shortly — no action needed.
752.3,UPI,Axis,network_error,1,1,345,1,0,0,1,0.8303862,RETRY_NOW,622.7,Network Error is usually transient — high chance of success on immediate retry.,,We'll automatically retry your payment shortly — no action needed.
390.98,Netbanking,IDFC,bank_timeout,11,1,306,0,0,0,1,0.83009875,RETRY_NOW,322.55,Bank Timeout is usually transient — high chance of success on immediate retry.,,We'll automatically retry your payment shortly — no action needed.
740.41,Wallet,Kotak,bank_timeout,14,1,463,0,0,0,1,0.82959735,RETRY_NOW,612.24,Bank Timeout is usually transient — high chance of success on immediate retry.,,We'll automatically retry your payment shortly — no action needed.
301.23,Wallet,ICICI,bank_timeout,18,1,679,0,0,0,0,0.8286822,RETRY_NOW,247.62,Bank Timeout is usually transient — high chance of success on immediate retry.,,We'll automatically retry your payment shortly — no action needed.
700.47,UPI,ICICI,network_error,1,2,95,1,0,0,1,0.82773226,RETRY_NOW,577.8,Network Error is usually transient — high chance of success on immediate retry.,,We'll automatically retry your payment shortly — no action needed.
3443.5,Credit Card,HDFC,network_error,5,0,153,1,0,0,0,0.82766336,RETRY_NOW,2848.06,Network Error is usually transient — high chance of success on immediate retry.,,We'll automatically retry your payment shortly — no action needed.
343.92,UPI,SBI,network_error,8,0,254,0,0,0,1,0.82754487,RETRY_NOW,282.61,Network Error is usually transient — high chance of success on immediate retry.,,We'll automatically retry your payment shortly — no action needed.
278.58,Credit Card,Kotak,bank_timeout,22,2,664,0,0,0,0,0.82738775,RETRY_NOW,228.49,Bank Timeout is usually transient — high chance of success on immediate retry.,,We'll automatically retry your payment shortly — no action needed.
1001.06,UPI,HDFC,network_error,10,0,550,0,0,0,1,0.826971,RETRY_NOW,825.85,Network Error is usually transient — high chance of success on immediate retry.,,We'll automatically retry your payment shortly — no action needed.
779.03,UPI,IDFC,network_error,16,1,890,0,0,0,1,0.82646394,RETRY_NOW,641.84,Network Error is usually transient — high chance of success on immediate retry.,,We'll automatically retry your payment shortly — no action needed.
2612.43,Netbanking,PNB,network_error,2,2,412,1,0,0,1,0.8264023,RETRY_NOW,2156.92,Network Error is usually transient — high chance of success on immediate retry.,,We'll automatically retry your payment shortly — no action needed.
615.8,Credit Card,Axis,bank_timeout,23,0,764,0,0,0,1,0.8259573,RETRY_NOW,506.62,Bank Timeout is usually transient — high chance of success on immediate retry.,,We'll automatically retry your payment shortly — no action needed.
1287.35,Wallet,HDFC,network_error,20,0,618,0,0,0,1,0.82578766,RETRY_NOW,1061.08,Network Error is usually transient — high chance of success on immediate retry.,,We'll automatically retry your payment shortly — no action needed.
762.32,Netbanking,Kotak,bank_timeout,13,1,790,0,0,0,1,0.8254037,RETRY_NOW,627.22,Bank Timeout is usually transient — high chance of success on immediate retry.,,We'll automatically retry your payment shortly — no action needed.
1189.15,Debit Card,SBI,bank_timeout,7,0,374,0,0,0,1,0.8253056,RETRY_NOW,979.41,Bank Timeout is usually transient — high chance of success on immediate retry.,,We'll automatically retry your payment shortly — no action needed.
3087.93,Credit Card,HDFC,bank_timeout,25,1,714,0,0,0,1,0.8251828,RETRY_NOW,2546.11,Bank Timeout is usually transient — high chance of success on immediate retry.,,We'll automatically retry your payment shortly — no action needed.
222.66,Credit Card,Yes Bank,bank_timeout,14,0,885,0,0,0,1,0.8249052,RETRY_NOW,181.67,Bank Timeout is usually transient — high chance of success on immediate retry.,,We'll automatically retry your payment shortly — no action needed.
290.08,Wallet,Axis,network_error,30,2,294,1,0,0,1,0.8236947,RETRY_NOW,236.94,Network Error is usually transient — high chance of success on immediate retry.,,We'll automatically retry your payment shortly — no action needed.
2433.73,Credit Card,SBI,bank_timeout,6,1,360,0,0,0,0,0.8224086,RETRY_NOW,1999.52,Bank Timeout is usually transient — high chance of success on immediate retry.,,We'll automatically retry your payment shortly — no action needed.
259.74,Netbanking,IDFC,bank_timeout,26,2,68,0,0,0,1,0.8223146,RETRY_NOW,211.59,Bank Timeout is usually transient — high chance of success on immediate retry.,,We'll automatically retry your payment shortly — no action needed.
3815.35,Debit Card,SBI,bank_timeout,27,0,896,0,0,0,1,0.8219799,RETRY_NOW,3134.14,Bank Timeout is usually transient — high chance of success on immediate retry.,,We'll automatically retry your payment shortly — no action needed.
126.17,Credit Card,IDFC,insufficient_funds,4,0,550,1,0,0,1,0.82189137,RETRY_SCHEDULED,101.7,Insufficient Funds recovers best after a 4-day delay (e.g. next salary credit).,Sep 02,We'll retry your payment on Sep 02. You can also pay now via a different method.
626.05,Debit Card,Yes Bank,network_error,28,1,558,1,0,0,1,0.82026386,RETRY_NOW,511.53,Network Error is usually transient — high chance of success on immediate retry.,,We'll automatically retry your payment shortly — no action needed.
788.89,Wallet,PNB,bank_timeout,24,1,253,0,0,0,0,0.8202167,RETRY_NOW,645.06,Bank Timeout is usually transient — high chance of success on immediate retry.,,We'll automatically retry your payment shortly — no action needed.
526.2,Credit Card,SBI,network_error,21,0,511,0,0,0,1,0.8202124,RETRY_NOW,429.6,Network Error is usually transient — high chance of success on immediate retry.,,We'll automatically retry your payment shortly — no action needed.
816.35,UPI,Kotak,bank_timeout,9,2,637,0,0,0,1,0.8201218,RETRY_NOW,667.51,Bank Timeout is usually transient — high chance of success on immediate retry.,,We'll automatically retry your payment shortly — no action needed.
135.11,UPI,Yes Bank,network_error,18,0,285,0,0,0,1,0.8200448,RETRY_NOW,108.8,Network Error is usually transient — high chance of success on immediate retry.,,We'll automatically retry your payment shortly — no action needed.
215.85,Netbanking,Kotak,bank_timeout,31,1,762,1,0,0,1,0.81973714,RETRY_NOW,174.94,Bank Timeout is usually transient — high chance of success on immediate retry.,,We'll automatically retry your payment shortly — no action needed.
683.69,Debit Card,Axis,insufficient_funds,31,1,638,1,0,0,1,0.81953645,RETRY_SCHEDULED,558.31,Insufficient Funds recovers best after a 4-day delay (e.g. next salary credit).,Sep 02,We'll retry your payment on Sep 02. You can also pay now via a different method.
1160.61,Credit Card,PNB,bank_timeout,24,2,763,0,0,0,0,0.81839526,RETRY_NOW,947.84,Bank Timeout is usually transient — high chance of success on immediate retry.,,We'll automatically retry your payment shortly — no action needed.
368.07,Credit Card,PNB,network_error,21,2,228,0,0,0,0,0.8172195,RETRY_NOW,298.79,Network Error is usually transient — high chance of success on immediate retry.,,We'll automatically retry your payment shortly — no action needed.
175.3,Wallet,PNB,network_error,14,2,139,0,0,0,0,0.81688744,RETRY_NOW,141.2,Network Error is usually transient — high chance of success on immediate retry.,,We'll automatically retry your payment shortly — no action needed.
509.83,Credit Card,ICICI,bank_timeout,8,1,644,0,0,0,1,0.81686395,RETRY_NOW,414.46,Bank Timeout is usually transient — high chance of success on immediate retry.,,We'll automatically retry your payment shortly — no action needed.
2379.4,Netbanking,ICICI,bank_timeout,15,1,693,0,0,0,1,0.8166191,RETRY_NOW,1941.06,Bank Timeout is usually transient — high chance of success on immediate retry.,,We'll automatically retry your payment shortly — no action needed.
1198.52,Wallet,HDFC,network_error,10,2,624,0,0,0,0,0.8165757,RETRY_NOW,976.68,Network Error is usually transient — high chance of success on immediate retry.,,We'll automatically retry your payment shortly — no action needed.
737.03,Wallet,Kotak,bank_timeout,11,0,369,0,0,0,0,0.81652015,RETRY_NOW,599.8,Bank Timeout is usually transient — high chance of success on immediate retry.,,We'll automatically retry your payment shortly — no action needed.
3416.88,Debit Card,HDFC,network_error,7,0,516,0,0,0,1,0.8163683,RETRY_NOW,2787.43,Network Error is usually transient — high chance of success on immediate retry.,,We'll automatically retry your payment shortly — no action needed.
96.54,Credit Card,SBI,network_error,23,1,223,0,0,0,1,0.816015,RETRY_NOW,76.78,Network Error is usually transient — high chance of success on immediate retry.,,We'll automatically retry your payment shortly — no action needed.
601.5,Credit Card,IDFC,bank_timeout,16,1,792,0,0,0,1,0.8152862,RETRY_NOW,488.39,Bank Timeout is usually transient — high chance of success on immediate retry.,,We'll automatically retry your payment shortly — no action needed.
4789.01,Netbanking,Yes Bank,network_error,27,1,466,0,0,0,0,0.8151205,RETRY_NOW,3901.62,Network Error is usually transient — high chance of success on immediate retry.,,We'll automatically retry your payment shortly — no action needed.
2822.57,Netbanking,HDFC,bank_timeout,16,1,633,0,0,0,1,0.8149152,RETRY_NOW,2298.16,Bank Timeout is usually transient — high chance of success on immediate retry.,,We'll automatically retry your payment shortly — no action needed.
170.55,Wallet,PNB,network_error,2,1,812,1,0,0,1,0.8146718,RETRY_NOW,136.94,Network Error is usually transient — high chance of success on immediate retry.,,We'll automatically retry your payment shortly — no action needed.
159.59,Wallet,HDFC,insufficient_funds,29,2,60,1,0,0,0,0.8142588,RETRY_SCHEDULED,127.95,Insufficient Funds recovers best after a 4-day delay (e.g. next salary credit).,Sep 02,We'll retry your payment on Sep 02. You can also pay now via a different method.
511.53,Wallet,Axis,bank_timeout,25,1,610,0,0,0,1,0.8136585,RETRY_NOW,414.21,Bank Timeout is usually transient — high chance of success on immediate retry.,,We'll automatically retry your payment shortly — no action needed.
785.76,Credit Card,Yes Bank,network_error,16,0,97,0,0,0,0,0.8135133,RETRY_NOW,637.23,Network Error is usually transient — high chance of success on immediate retry.,,We'll automatically retry your payment shortly — no action needed.
4521.27,Credit Card,ICICI,insufficient_funds,28,0,336,1,0,0,1,0.8130902,RETRY_SCHEDULED,3674.2,Insufficient Funds recovers best after a 4-day delay (e.g. next salary credit).,Sep 02,We'll retry your payment on Sep 02. You can also pay now via a different method.
773.89,Netbanking,IDFC,network_error,17,1,72,0,0,0,1,0.81279165,RETRY_NOW,627.01,Network Error is usually transient — high chance of success on immediate retry.,,We'll automatically retry your payment shortly — no action needed.
403.17,Netbanking,Yes Bank,bank_timeout,12,1,583,0,0,0,0,0.8125207,RETRY_NOW,325.58,Bank Timeout is usually transient — high chance of success on immediate retry.,,We'll automatically retry your payment shortly — no action needed.
110.14,Debit Card,Yes Bank,bank_timeout,26,1,586,0,0,0,1,0.81251335,RETRY_NOW,87.49,Bank Timeout is usually transient — high chance of success on immediate retry.,,We'll automatically retry your payment shortly — no action needed.
972.4,UPI,Axis,bank_timeout,2,2,574,1,0,0,0,0.81209326,RETRY_NOW,787.68,Bank Timeout is usually transient — high chance of success on immediate retry.,,We'll automatically retry your payment shortly — no action needed.
275.59,Netbanking,Yes Bank,bank_timeout,16,0,530,0,0,0,0,0.8118988,RETRY_NOW,221.75,Bank Timeout is usually transient — high chance of success on immediate retry.,,We'll automatically retry your payment shortly — no action needed.
310.0,Credit Card,IDFC,bank_timeout,23,2,430,0,0,0,1,0.81185997,RETRY_NOW,249.68,Bank Timeout is usually transient — high chance of success on immediate retry.,,We'll automatically retry your payment shortly — no action needed.
513.77,Credit Card,SBI,network_error,6,1,511,0,0,0,0,0.81121665,RETRY_NOW,414.78,Network Error is usually transient — high chance of success on immediate retry.,,We'll automatically retry your payment shortly — no action needed.
1245.08,Wallet,SBI,bank_timeout,27,2,636,0,0,0,1,0.81063676,RETRY_NOW,1007.31,Bank Timeout is usually transient — high chance of success on immediate retry.,,We'll automatically retry your payment shortly — no action needed.
1849.87,Netbanking,ICICI,insufficient_funds,30,1,469,1,0,0,1,0.81060857,RETRY_SCHEDULED,1497.52,Insufficient Funds recovers best after a 4-day delay (e.g. next salary credit).,Sep 02,We'll retry your payment on Sep 02. You can also pay now via a different method.
493.24,Netbanking,HDFC,bank_timeout,23,1,293,0,0,0,0,0.8105929,RETRY_NOW,397.82,Bank Timeout is usually transient — high chance of success on immediate retry.,,We'll automatically retry your payment shortly — no action needed.
300.07,Netbanking,SBI,insufficient_funds,2,1,605,1,0,0,1,0.8105698,RETRY_SCHEDULED,241.23,Insufficient Funds recovers best after a 4-day delay (e.g. next salary credit).,Sep 02,We'll retry your payment on Sep 02. You can also pay now via a different method.
2456.65,Netbanking,SBI,bank_timeout,10,2,379,0,0,0,0,0.8105551,RETRY_NOW,1989.25,Bank Timeout is usually transient — high chance of success on immediate retry.,,We'll automatically retry your payment shortly — no action needed.
1076.47,Netbanking,Kotak,network_error,16,5,822,0,0,1,1,0.81037873,RETRY_NOW,870.35,Network Error is usually transient — high chance of success on immediate retry.,,We'll automatically retry your payment shortly — no action needed.
1317.6,Debit Card,SBI,bank_timeout,17,2,464,0,0,0,1,0.80996263,RETRY_NOW,1065.21,Bank Timeout is usually transient — high chance of success on immediate retry.,,We'll automatically retry your payment shortly — no action needed.
782.61,Netbanking,IDFC,bank_timeout,18,1,382,0,0,0,1,0.80951124,RETRY_NOW,631.53,Bank Timeout is usually transient — high chance of success on immediate retry.,,We'll automatically retry your payment shortly — no action needed.
875.64,Credit Card,PNB,bank_timeout,10,2,312,0,0,0,0,0.8090898,RETRY_NOW,706.47,Bank Timeout is usually transient — high chance of success on immediate retry.,,We'll automatically retry your payment shortly — no action needed.
74.14,Credit Card,SBI,bank_timeout,14,2,204,0,0,0,0,0.8088872,RETRY_NOW,57.97,Bank Timeout is usually transient — high chance of success on immediate retry.,,We'll automatically retry your payment shortly — no action needed.
482.83,Wallet,Axis,network_error,20,0,655,0,0,0,1,0.8085851,RETRY_NOW,388.41,Network Error is usually transient — high chance of success on immediate retry.,,We'll automatically retry your payment shortly — no action needed.
2036.15,Netbanking,IDFC,bank_timeout,7,2,656,0,0,0,0,0.8083856,RETRY_NOW,1643.99,Bank Timeout is usually transient — high chance of success on immediate retry.,,We'll automatically retry your payment shortly — no action needed.
253.14,Credit Card,IDFC,insufficient_funds,31,1,379,1,0,0,1,0.8077408,RETRY_SCHEDULED,202.47,Insufficient Funds recovers best after a 4-day delay (e.g. next salary credit).,Sep 02,We'll retry your payment on Sep 02. You can also pay now via a different method.
978.06,Wallet,HDFC,bank_timeout,8,1,629,0,0,0,0,0.8075163,RETRY_NOW,787.8,Bank Timeout is usually transient — high chance of success on immediate retry.,,We'll automatically retry your payment shortly — no action needed.
2778.57,Debit Card,HDFC,insufficient_funds,28,1,612,1,0,0,1,0.8074712,RETRY_SCHEDULED,2241.62,Insufficient Funds recovers best after a 4-day delay (e.g. next salary credit).,Sep 02,We'll retry your payment on Sep 02. You can also pay now via a different method.
793.55,UPI,Kotak,bank_timeout,5,0,580,1,0,0,1,0.80746627,RETRY_NOW,638.76,Bank Timeout is usually transient — high chance of success on immediate retry.,,We'll automatically retry your payment shortly — no action needed.
630.39,Debit Card,SBI,bank_timeout,15,2,521,0,0,0,1,0.8065993,RETRY_NOW,506.47,Bank Timeout is usually transient — high chance of success on immediate retry.,,We'll automatically retry your payment shortly — no action needed.
182.26,Netbanking,Kotak,bank_timeout,1,2,258,1,0,0,1,0.80639184,RETRY_NOW,144.97,Bank Timeout is usually transient — high chance of success on immediate retry.,,We'll automatically retry your payment shortly — no action needed.
2160.57,Credit Card,SBI,network_error,19,0,99,0,0,0,1,0.8063851,RETRY_NOW,1740.25,Network Error is usually transient — high chance of success on immediate retry.,,We'll automatically retry your payment shortly — no action needed.
336.95,Wallet,PNB,network_error,19,1,204,0,0,0,1,0.8063273,RETRY_NOW,269.69,Network Error is usually transient — high chance of success on immediate retry.,,We'll automatically retry your payment shortly — no action needed.
291.78,Debit Card,PNB,insufficient_funds,5,1,471,1,0,0,1,0.8059926,RETRY_SCHEDULED,233.17,Insufficient Funds recovers best after a 4-day delay (e.g. next salary credit).,Sep 02,We'll retry your payment on Sep 02. You can also pay now via a different method.
1229.59,Credit Card,SBI,bank_timeout,20,2,217,0,0,0,1,0.80520886,RETRY_NOW,988.08,Bank Timeout is usually transient — high chance of success on immediate retry.,,We'll automatically retry your payment shortly — no action needed.
669.07,Credit Card,IDFC,bank_timeout,16,1,205,0,0,0,0,0.8051126,RETRY_NOW,536.68,Bank Timeout is usually transient — high chance of success on immediate retry.,,We'll automatically retry your payment shortly — no action needed.
956.02,Debit Card,PNB,bank_timeout,9,0,883,0,0,0,1,0.8045119,RETRY_NOW,767.13,Bank Timeout is usually transient — high chance of success on immediate retry.,,We'll automatically retry your payment shortly — no action needed.
810.51,Credit Card,Kotak,bank_timeout,30,0,537,1,0,0,1,0.80400974,RETRY_NOW,649.66,Bank Timeout is usually transient — high chance of success on immediate retry.,,We'll automatically retry your payment shortly — no action needed.
506.21,Wallet,ICICI,network_error,9,1,807,0,0,0,1,0.80400354,RETRY_NOW,404.99,Network Error is usually transient — high chance of success on immediate retry.,,We'll automatically retry your payment shortly — no action needed.
314.48,Debit Card,ICICI,network_error,24,0,612,0,0,0,0,0.8039185,RETRY_NOW,250.82,Network Error is usually transient — high chance of success on immediate retry.,,We'll automatically retry your payment shortly — no action needed.
837.42,Credit Card,PNB,insufficient_funds,28,0,247,1,0,0,1,0.8039117,RETRY_SCHEDULED,671.21,Insufficient Funds recovers best after a 4-day delay (e.g. next salary credit).,Sep 02,We'll retry your payment on Sep 02. You can also pay now via a different method.
1103.88,Credit Card,SBI,bank_timeout,14,2,823,0,0,0,0,0.80387986,RETRY_NOW,885.39,Bank Timeout is usually transient — high chance of success on immediate retry.,,We'll automatically retry your payment shortly — no action needed.
261.49,Debit Card,IDFC,insufficient_funds,3,0,148,1,0,0,1,0.80347925,RETRY_SCHEDULED,208.1,Insufficient Funds recovers best after a 4-day delay (e.g. next salary credit).,Sep 02,We'll retry your payment on Sep 02. You can also pay now via a different method.
2361.14,Netbanking,HDFC,network_error,5,0,446,1,0,0,1,0.80346537,RETRY_NOW,1895.09,Network Error is usually transient — high chance of success on immediate retry.,,We'll automatically retry your payment shortly — no action needed.
936.9,Netbanking,Kotak,network_error,4,0,232,1,0,0,1,0.8033903,RETRY_NOW,750.7,Network Error is usually transient — high chance of success on immediate retry.,,We'll automatically retry your payment shortly — no action needed.
1167.74,UPI,PNB,network_error,26,2,436,0,0,0,1,0.8032586,RETRY_NOW,936.0,Network Error is usually transient — high chance of success on immediate retry.,,We'll automatically retry your payment shortly — no action needed.
1496.47,Debit Card,Yes Bank,network_error,17,0,52,0,0,0,1,0.8029032,RETRY_NOW,1199.52,Network Error is usually transient — high chance of success on immediate retry.,,We'll automatically retry your payment shortly — no action needed.
686.61,Wallet,SBI,bank_timeout,10,0,224,0,0,0,0,0.80218184,RETRY_NOW,548.79,Bank Timeout is usually transient — high chance of success on immediate retry.,,We'll automatically retry your payment shortly — no action needed.
830.43,Credit Card,Kotak,bank_timeout,16,2,805,0,0,0,0,0.8018748,RETRY_NOW,663.9,Bank Timeout is usually transient — high chance of success on immediate retry.,,We'll automatically retry your payment shortly — no action needed.
575.75,Debit Card,ICICI,network_error,24,1,843,0,0,0,1,0.8018033,RETRY_NOW,459.64,Network Error is usually transient — high chance of success on immediate retry.,,We'll automatically retry your payment shortly — no action needed.
904.49,Debit Card,SBI,bank_timeout,28,1,567,1,0,0,0,0.8009994,RETRY_NOW,722.5,Bank Timeout is usually transient — high chance of success on immediate retry.,,We'll automatically retry your payment shortly — no action needed.
668.94,UPI,Axis,bank_timeout,28,2,803,1,0,0,1,0.8009476,RETRY_NOW,533.79,Bank Timeout is usually transient — high chance of success on immediate retry.,,We'll automatically retry your payment shortly — no action needed.
1144.55,UPI,IDFC,network_error,8,1,8,0,0,0,0,0.8005287,RETRY_NOW,914.25,Network Error is usually transient — high chance of success on immediate retry.,,We'll automatically retry your payment shortly — no action needed.
1683.82,Credit Card,Kotak,bank_timeout,21,1,744,0,0,0,0,0.8004406,RETRY_NOW,1345.8,Bank Timeout is usually transient — high chance of success on immediate retry.,,We'll automatically retry your payment shortly — no action needed.
618.67,Credit Card,HDFC,bank_timeout,20,0,612,0,0,0,0,0.8002693,RETRY_NOW,493.1,Bank Timeout is usually transient — high chance of success on immediate retry.,,We'll automatically retry your payment shortly — no action needed.
1650.89,Wallet,HDFC,bank_timeout,26,1,507,0,0,0,0,0.8000734,RETRY_NOW,1318.83,Bank Timeout is usually transient — high chance of success on immediate retry.,,We'll automatically retry your payment shortly — no action needed.
657.18,Wallet,IDFC,network_error,8,0,159,0,0,0,1,0.79855645,RETRY_NOW,522.8,Network Error is usually transient — high chance of success on immediate retry.,,We'll automatically retry your payment shortly — no action needed.
675.67,Credit Card,PNB,insufficient_funds,28,1,144,1,0,0,0,0.7983394,RETRY_SCHEDULED,537.41,Insufficient Funds recovers best after a 4-day delay (e.g. next salary credit).,Sep 02,We'll retry your payment on Sep 02. You can also pay now via a different method.
631.38,Credit Card,PNB,network_error,3,2,507,1,0,0,0,0.79766387,RETRY_NOW,501.63,Network Error is usually transient — high chance of success on immediate retry.,,We'll automatically retry your payment shortly — no action needed.
854.23,Debit Card,Kotak,bank_timeout,20,1,489,0,0,0,1,0.7972897,RETRY_NOW,679.07,Bank Timeout is usually transient — high chance of success on immediate retry.,,We'll automatically retry your payment shortly — no action needed.
579.95,Credit Card,Kotak,network_error,31,3,882,1,0,1,1,0.7971772,RETRY_NOW,460.32,Network Error is usually transient — high chance of success on immediate retry.,,We'll automatically retry your payment shortly — no action needed.
595.89,Debit Card,Kotak,bank_timeout,19,1,455,0,0,0,1,0.79674906,RETRY_NOW,472.77,Bank Timeout is usually transient — high chance of success on immediate retry.,,We'll automatically retry your payment shortly — no action needed.
1625.28,Netbanking,IDFC,bank_timeout,9,2,65,0,0,0,0,0.7967067,RETRY_NOW,1292.87,Bank Timeout is usually transient — high chance of success on immediate retry.,,We'll automatically retry your payment shortly — no action needed.
442.55,Credit Card,ICICI,bank_timeout,13,2,596,0,0,0,1,0.7964098,RETRY_NOW,350.45,Bank Timeout is usually transient — high chance of success on immediate retry.,,We'll automatically retry your payment shortly — no action needed.
253.09,Wallet,Axis,bank_timeout,18,1,582,0,0,0,0,0.7963504,RETRY_NOW,199.55,Bank Timeout is usually transient — high chance of success on immediate retry.,,We'll automatically retry your payment shortly — no action needed.
657.5,Wallet,SBI,bank_timeout,20,1,188,0,0,0,1,0.7962808,RETRY_NOW,521.55,Bank Timeout is usually transient — high chance of success on immediate retry.,,We'll automatically retry your payment shortly — no action needed.
671.9,Credit Card,Yes Bank,bank_timeout,21,2,404,0,0,0,1,0.7961945,RETRY_NOW,532.96,Bank Timeout is usually transient — high chance of success on immediate retry.,,We'll automatically retry your payment shortly — no action needed.
1023.96,Wallet,SBI,bank_timeout,28,1,298,1,0,0,0,0.796064,RETRY_NOW,813.14,Bank Timeout is usually transient — high chance of success on immediate retry.,,We'll automatically retry your payment shortly — no action needed.
1211.08,Wallet,ICICI,bank_timeout,2,0,889,1,0,0,0,0.7956574,RETRY_NOW,961.6,Bank Timeout is usually transient — high chance of success on immediate retry.,,We'll automatically retry your payment shortly — no action needed.
497.24,UPI,IDFC,bank_timeout,21,1,522,0,0,0,0,0.7950703,RETRY_NOW,393.34,Bank Timeout is usually transient — high chance of success on immediate retry.,,We'll automatically retry your payment shortly — no action needed.
4103.41,Netbanking,Axis,insufficient_funds,30,1,242,1,0,0,1,0.7945041,RETRY_SCHEDULED,3258.18,Insufficient Funds recovers best after a 4-day delay (e.g. next salary credit).,Sep 02,We'll retry your payment on Sep 02. You can also pay now via a different method.
1315.83,UPI,PNB,bank_timeout,20,0,898,0,0,0,1,0.79445714,RETRY_NOW,1043.37,Bank Timeout is usually transient — high chance of success on immediate retry.,,We'll automatically retry your payment shortly — no action needed.
764.32,Credit Card,Axis,network_error,26,0,497,0,0,0,0,0.79445356,RETRY_NOW,605.22,Network Error is usually transient — high chance of success on immediate retry.,,We'll automatically retry your payment shortly — no action needed.
1134.22,Credit Card,Yes Bank,bank_timeout,9,0,307,0,0,0,1,0.79440093,RETRY_NOW,899.03,Bank Timeout is usually transient — high chance of success on immediate retry.,,We'll automatically retry your payment shortly — no action needed.
630.28,Wallet,ICICI,bank_timeout,21,0,185,0,0,0,1,0.7938891,RETRY_NOW,498.37,Bank Timeout is usually transient — high chance of success on immediate retry.,,We'll automatically retry your payment shortly — no action needed.
1152.18,Wallet,ICICI,bank_timeout,26,1,423,0,0,0,1,0.7927794,RETRY_NOW,911.42,Bank Timeout is usually transient — high chance of success on immediate retry.,,We'll automatically retry your payment shortly — no action needed.
531.39,Netbanking,Kotak,network_error,13,1,157,0,0,0,1,0.7927677,RETRY_NOW,419.27,Network Error is usually transient — high chance of success on immediate retry.,,We'll automatically retry your payment shortly — no action needed.
923.94,Netbanking,Kotak,bank_timeout,20,0,61,0,0,0,1,0.7926742,RETRY_NOW,730.38,Bank Timeout is usually transient — high chance of success on immediate retry.,,We'll automatically retry your payment shortly — no action needed.
1892.29,Debit Card,Yes Bank,network_error,26,2,765,0,0,0,1,0.7923916,RETRY_NOW,1497.43,Network Error is usually transient — high chance of success on immediate retry.,,We'll automatically retry your payment shortly — no action needed.
4334.13,Netbanking,PNB,bank_timeout,24,0,378,0,0,0,1,0.79220456,RETRY_NOW,3431.52,Bank Timeout is usually transient — high chance of success on immediate retry.,,We'll automatically retry your payment shortly — no action needed.
152.33,Netbanking,IDFC,bank_timeout,29,1,805,1,0,0,1,0.7920885,RETRY_NOW,118.66,Bank Timeout is usually transient — high chance of success on immediate retry.,,We'll automatically retry your payment shortly — no action needed.
1811.42,Netbanking,SBI,bank_timeout,15,2,540,0,0,0,1,0.7920737,RETRY_NOW,1432.78,Bank Timeout is usually transient — high chance of success on immediate retry.,,We'll automatically retry your payment shortly — no action needed.
6733.31,Netbanking,IDFC,bank_timeout,28,1,68,1,0,0,0,0.7917314,RETRY_NOW,5328.97,Bank Timeout is usually transient — high chance of success on immediate retry.,,We'll automatically retry your payment shortly — no action needed.
363.25,Wallet,IDFC,network_error,7,2,673,0,0,0,1,0.7904266,RETRY_NOW,285.12,Network Error is usually transient — high chance of success on immediate retry.,,We'll automatically retry your payment shortly — no action needed.
399.49,Credit Card,ICICI,bank_timeout,23,0,215,0,0,0,0,0.7885418,RETRY_NOW,313.01,Bank Timeout is usually transient — high chance of success on immediate retry.,,We'll automatically retry your payment shortly — no action needed.
399.34,Wallet,IDFC,bank_timeout,25,2,666,0,0,0,0,0.78844374,RETRY_NOW,312.86,Bank Timeout is usually transient — high chance of success on immediate retry.,,We'll automatically retry your payment shortly — no action needed.
1202.45,UPI,Axis,network_error,17,2,895,0,0,0,0,0.7882015,RETRY_NOW,945.77,Network Error is usually transient — high chance of success on immediate retry.,,We'll automatically retry your payment shortly — no action needed.
978.17,Netbanking,Kotak,insufficient_funds,5,0,828,1,0,0,1,0.78775793,RETRY_SCHEDULED,768.56,Insufficient Funds recovers best after a 4-day delay (e.g. next salary credit).,Sep 02,We'll retry your payment on Sep 02. You can also pay now via a different method.
462.91,UPI,PNB,network_error,15,2,28,0,0,0,1,0.78683054,RETRY_NOW,362.23,Network Error is usually transient — high chance of success on immediate retry.,,We'll automatically retry your payment shortly — no action needed.
837.74,Credit Card,IDFC,bank_timeout,7,0,264,0,0,0,1,0.7865216,RETRY_NOW,656.9,Bank Timeout is usually transient — high chance of success on immediate retry.,,We'll automatically retry your payment shortly — no action needed.
2536.63,Wallet,Axis,insufficient_funds,29,1,649,1,0,0,1,0.7864387,RETRY_SCHEDULED,1992.9,Insufficient Funds recovers best after a 4-day delay (e.g. next salary credit).,Sep 02,We'll retry your payment on Sep 02. You can also pay now via a different method.
103.5,Wallet,Axis,bank_timeout,1,1,530,1,0,0,1,0.7863563,RETRY_NOW,79.39,Bank Timeout is usually transient — high chance of success on immediate retry.,,We'll automatically retry your payment shortly — no action needed.
209.88,Netbanking,IDFC,bank_timeout,16,2,173,0,0,0,1,0.78575903,RETRY_NOW,162.92,Bank Timeout is usually transient — high chance of success on immediate retry.,,We'll automatically retry your payment shortly — no action needed.
492.53,UPI,Yes Bank,network_error,8,1,704,0,0,0,1,0.7857468,RETRY_NOW,385.0,Network Error is usually transient — high chance of success on immediate retry.,,We'll automatically retry your payment shortly — no action needed.
650.28,Wallet,Yes Bank,otp_failure,30,1,865,1,0,0,1,0.7856176,RETRY_NOW,508.87,Otp Failure is usually transient — high chance of success on immediate retry.,,We'll automatically retry your payment shortly — no action needed.
1472.74,Credit Card,Axis,bank_timeout,17,1,867,0,0,0,1,0.7854886,RETRY_NOW,1154.82,Bank Timeout is usually transient — high chance of success on immediate retry.,,We'll automatically retry your payment shortly — no action needed.
561.33,Credit Card,Yes Bank,bank_timeout,24,2,151,0,0,0,0,0.78548187,RETRY_NOW,438.91,Bank Timeout is usually transient — high chance of success on immediate retry.,,We'll automatically retry your payment shortly — no action needed.
523.92,Debit Card,Axis,network_error,29,0,411,1,0,0,1,0.78537166,RETRY_NOW,409.47,Network Error is usually transient — high chance of success on immediate retry.,,We'll automatically retry your payment shortly — no action needed.
1945.29,Debit Card,SBI,bank_timeout,22,2,755,0,0,0,0,0.7853168,RETRY_NOW,1525.67,Bank Timeout is usually transient — high chance of success on immediate retry.,,We'll automatically retry your payment shortly — no action needed.
791.88,Debit Card,HDFC,bank_timeout,14,2,765,0,0,0,1,0.7850293,RETRY_NOW,619.65,Bank Timeout is usually transient — high chance of success on immediate retry.,,We'll automatically retry your payment shortly — no action needed.
420.95,UPI,ICICI,bank_timeout,8,1,831,0,0,0,1,0.7849582,RETRY_NOW,328.43,Bank Timeout is usually transient — high chance of success on immediate retry.,,We'll automatically retry your payment shortly — no action needed.
859.29,Debit Card,SBI,bank_timeout,21,0,230,0,0,0,1,0.78477025,RETRY_NOW,672.35,Bank Timeout is usually transient — high chance of success on immediate retry.,,We'll automatically retry your payment shortly — no action needed.
1663.92,Debit Card,IDFC,insufficient_funds,5,1,460,1,0,0,0,0.7840695,RETRY_SCHEDULED,1302.63,Insufficient Funds recovers best after a 4-day delay (e.g. next salary credit).,Sep 02,We'll retry your payment on Sep 02. You can also pay now via a different method.
2582.67,Netbanking,PNB,bank_timeout,12,0,731,0,0,0,1,0.7840616,RETRY_NOW,2022.97,Bank Timeout is usually transient — high chance of success on immediate retry.,,We'll automatically retry your payment shortly — no action needed.
1121.15,Credit Card,IDFC,network_error,21,1,138,0,0,0,1,0.7840005,RETRY_NOW,876.98,Network Error is usually transient — high chance of success on immediate retry.,,We'll automatically retry your payment shortly — no action needed.
1277.03,UPI,ICICI,network_error,1,2,76,1,0,0,0,0.7835589,RETRY_NOW,998.63,Network Error is usually transient — high chance of success on immediate retry.,,We'll automatically retry your payment shortly — no action needed.
1257.26,UPI,HDFC,bank_timeout,5,2,684,1,0,0,1,0.7832014,RETRY_NOW,982.69,Bank Timeout is usually transient — high chance of success on immediate retry.,,We'll automatically retry your payment shortly — no action needed.
442.2,UPI,PNB,bank_timeout,9,0,186,0,0,0,1,0.782845,RETRY_NOW,344.17,Bank Timeout is usually transient — high chance of success on immediate retry.,,We'll automatically retry your payment shortly — no action needed.
462.76,Debit Card,IDFC,network_error,14,0,24,0,0,0,0,0.7826634,RETRY_NOW,360.19,Network Error is usually transient — high chance of success on immediate retry.,,We'll automatically retry your payment shortly — no action needed.
145.05,UPI,HDFC,bank_timeout,26,1,336,0,0,0,1,0.78246,RETRY_NOW,111.5,Bank Timeout is usually transient — high chance of success on immediate retry.,,We'll automatically retry your payment shortly — no action needed.
903.3,Debit Card,PNB,bank_timeout,16,0,410,0,0,0,1,0.78196925,RETRY_NOW,704.35,Bank Timeout is usually transient — high chance of success on immediate retry.,,We'll automatically retry your payment shortly — no action needed.
452.88,Debit Card,IDFC,bank_timeout,10,2,521,0,0,0,1,0.78156775,RETRY_NOW,351.96,Bank Timeout is usually transient — high chance of success on immediate retry.,,We'll automatically retry your payment shortly — no action needed.
1338.73,Netbanking,IDFC,bank_timeout,18,1,101,0,0,0,1,0.78150433,RETRY_NOW,1044.22,Bank Timeout is usually transient — high chance of success on immediate retry.,,We'll automatically retry your payment shortly — no action needed.
252.55,Credit Card,ICICI,insufficient_funds,29,0,457,1,0,0,1,0.7813558,RETRY_SCHEDULED,195.33,Insufficient Funds recovers best after a 4-day delay (e.g. next salary credit).,Sep 02,We'll retry your payment on Sep 02. You can also pay now via a different method.
413.97,UPI,SBI,bank_timeout,1,0,391,1,0,0,0,0.7811588,RETRY_NOW,321.38,Bank Timeout is usually transient — high chance of success on immediate retry.,,We'll automatically retry your payment shortly — no action needed.
2284.24,Netbanking,HDFC,bank_timeout,6,0,605,0,0,0,1,0.7795841,RETRY_NOW,1778.76,Bank Timeout is usually transient — high chance of success on immediate retry.,,We'll automatically retry your payment shortly — no action needed.
4602.26,Credit Card,IDFC,network_error,16,0,855,0,0,0,1,0.7793785,RETRY_NOW,3584.9,Network Error is usually transient — high chance of success on immediate retry.,,We'll automatically retry your payment shortly — no action needed.
574.68,Wallet,SBI,bank_timeout,19,0,434,0,0,0,0,0.7783141,RETRY_NOW,445.28,Bank Timeout is usually transient — high chance of success on immediate retry.,,We'll automatically retry your payment shortly — no action needed.
134.09,UPI,SBI,insufficient_funds,31,1,364,1,0,0,0,0.77790093,RETRY_SCHEDULED,102.31,Insufficient Funds recovers best after a 4-day delay (e.g. next salary credit).,Sep 02,We'll retry your payment on Sep 02. You can also pay now via a different method.
242.78,Wallet,SBI,bank_timeout,15,1,63,0,0,0,1,0.77788174,RETRY_NOW,186.85,Bank Timeout is usually transient — high chance of success on immediate retry.,,We'll automatically retry your payment shortly — no action needed.
333.88,Credit Card,Yes Bank,network_error,1,1,746,1,0,0,1,0.77776104,RETRY_NOW,257.68,Network Error is usually transient — high chance of success on immediate retry.,,We'll automatically retry your payment shortly — no action needed.
323.15,Wallet,HDFC,bank_timeout,23,0,764,0,0,0,1,0.77774173,RETRY_NOW,249.33,Bank Timeout is usually transient — high chance of success on immediate retry.,,We'll automatically retry your payment shortly — no action needed.
29.03,UPI,ICICI,network_error,16,2,104,0,0,0,1,0.7773873,RETRY_NOW,20.57,Network Error is usually transient — high chance of success on immediate retry.,,We'll automatically retry your payment shortly — no action needed.
2591.82,UPI,HDFC,bank_timeout,7,0,237,0,0,0,1,0.77719855,RETRY_NOW,2012.36,Bank Timeout is usually transient — high chance of success on immediate retry.,,We'll automatically retry your payment shortly — no action needed.
3896.52,UPI,PNB,insufficient_funds,28,2,161,1,0,0,1,0.7769156,RETRY_SCHEDULED,3025.27,Insufficient Funds recovers best after a 4-day delay (e.g. next salary credit).,Sep 02,We'll retry your payment on Sep 02. You can also pay now via a different method.
1455.33,Debit Card,Axis,insufficient_funds,28,1,557,1,0,0,1,0.7767707,RETRY_SCHEDULED,1128.46,Insufficient Funds recovers best after a 4-day delay (e.g. next salary credit).,Sep 02,We'll retry your payment on Sep 02. You can also pay now via a different method.
320.95,UPI,PNB,bank_timeout,30,1,593,1,0,0,1,0.77653563,RETRY_NOW,247.23,Bank Timeout is usually transient — high chance of success on immediate retry.,,We'll automatically retry your payment shortly — no action needed.
1930.28,Credit Card,IDFC,insufficient_funds,1,0,536,1,0,0,1,0.77625227,RETRY_SCHEDULED,1496.38,Insufficient Funds recovers best after a 4-day delay (e.g. next salary credit).,Sep 02,We'll retry your payment on Sep 02. You can also pay now via a different method.
150.79,Credit Card,PNB,bank_timeout,20,1,333,0,0,0,1,0.7755931,RETRY_NOW,114.95,Bank Timeout is usually transient — high chance of success on immediate retry.,,We'll automatically retry your payment shortly — no action needed.
577.76,Netbanking,PNB,bank_timeout,25,1,598,0,0,0,1,0.7744851,RETRY_NOW,445.47,Bank Timeout is usually transient — high chance of success on immediate retry.,,We'll automatically retry your payment shortly — no action needed.
260.34,Wallet,Yes Bank,bank_timeout,13,4,851,0,0,1,1,0.7743806,RETRY_NOW,199.6,Bank Timeout is usually transient — high chance of success on immediate retry.,,We'll automatically retry your payment shortly — no action needed.
1633.96,Netbanking,Kotak,bank_timeout,19,1,327,0,0,0,1,0.77399665,RETRY_NOW,1262.68,Bank Timeout is usually transient — high chance of success on immediate retry.,,We'll automatically retry your payment shortly — no action needed.
506.62,Netbanking,ICICI,network_error,21,1,272,0,0,0,0,0.7735137,RETRY_NOW,389.88,Network Error is usually transient — high chance of success on immediate retry.,,We'll automatically retry your payment shortly — no action needed.
304.12,Wallet,Yes Bank,network_error,28,1,754,1,0,0,1,0.77345353,RETRY_NOW,233.22,Network Error is usually transient — high chance of success on immediate retry.,,We'll automatically retry your payment shortly — no action needed.
1015.4,UPI,IDFC,bank_timeout,24,1,421,0,0,0,1,0.77338856,RETRY_NOW,783.3,Bank Timeout is usually transient — high chance of success on immediate retry.,,We'll automatically retry your payment shortly — no action needed.
3249.04,Credit Card,IDFC,insufficient_funds,28,3,626,1,0,1,0,0.7732593,RETRY_SCHEDULED,2510.35,Insufficient Funds recovers best after a 4-day delay (e.g. next salary credit).,Sep 02,We'll retry your payment on Sep 02. You can also pay now via a different method.
248.97,Wallet,PNB,bank_timeout,14,0,561,0,0,0,0,0.7731329,RETRY_NOW,190.49,Bank Timeout is usually transient — high chance of success on immediate retry.,,We'll automatically retry your payment shortly — no action needed.
3500.75,Netbanking,SBI,bank_timeout,12,1,299,0,0,0,1,0.77304435,RETRY_NOW,2704.24,Bank Timeout is usually transient — high chance of success on immediate retry.,,We'll automatically retry your payment shortly — no action needed.
513.58,Netbanking,PNB,bank_timeout,8,1,323,0,0,0,1,0.7729789,RETRY_NOW,394.99,Bank Timeout is usually transient — high chance of success on immediate retry.,,We'll automatically retry your payment shortly — no action needed.
224.13,Wallet,SBI,bank_timeout,14,1,817,0,0,0,1,0.7728247,RETRY_NOW,171.21,Bank Timeout is usually transient — high chance of success on immediate retry.,,We'll automatically retry your payment shortly — no action needed.
574.98,Wallet,Axis,bank_timeout,12,2,428,0,0,0,1,0.7728142,RETRY_NOW,442.35,Bank Timeout is usually transient — high chance of success on immediate retry.,,We'll automatically retry your payment shortly — no action needed.
532.84,Wallet,ICICI,bank_timeout,17,1,685,0,0,0,1,0.77272296,RETRY_NOW,409.74,Bank Timeout is usually transient — high chance of success on immediate retry.,,We'll automatically retry your payment shortly — no action needed.
116.31,Wallet,ICICI,bank_timeout,11,0,228,0,0,0,1,0.772326,RETRY_NOW,87.83,Bank Timeout is usually transient — high chance of success on immediate retry.,,We'll automatically retry your payment shortly — no action needed.
330.8,Credit Card,Kotak,network_error,19,2,172,0,0,0,0,0.77228934,RETRY_NOW,253.47,Network Error is usually transient — high chance of success on immediate retry.,,We'll automatically retry your payment shortly — no action needed.
980.61,Netbanking,Yes Bank,bank_timeout,25,0,468,0,0,0,1,0.7714896,RETRY_NOW,754.53,Bank Timeout is usually transient — high chance of success on immediate retry.,,We'll automatically retry your payment shortly — no action needed.
556.95,Debit Card,IDFC,bank_timeout,18,0,176,0,0,0,1,0.7713799,RETRY_NOW,427.62,Bank Timeout is usually transient — high chance of success on immediate retry.,,We'll automatically retry your payment shortly — no action needed.
557.8,UPI,IDFC,network_error,7,1,162,0,0,0,1,0.77075756,RETRY_NOW,427.93,Network Error is usually transient — high chance of success on immediate retry.,,We'll automatically retry your payment shortly — no action needed.
281.89,Credit Card,HDFC,insufficient_funds,3,1,31,1,0,0,1,0.77075577,RETRY_SCHEDULED,215.27,Insufficient Funds recovers best after a 4-day delay (e.g. next salary credit).,Sep 02,We'll retry your payment on Sep 02. You can also pay now via a different method.
337.18,UPI,PNB,bank_timeout,21,1,743,0,0,0,1,0.77010965,RETRY_NOW,257.67,Bank Timeout is usually transient — high chance of success on immediate retry.,,We'll automatically retry your payment shortly — no action needed.
232.16,Wallet,Kotak,bank_timeout,18,3,809,0,0,1,1,0.7699384,RETRY_NOW,176.75,Bank Timeout is usually transient — high chance of success on immediate retry.,,We'll automatically retry your payment shortly — no action needed.
500.79,Netbanking,Axis,network_error,2,1,725,1,0,0,1,0.769809,RETRY_NOW,383.51,Network Error is usually transient — high chance of success on immediate retry.,,We'll automatically retry your payment shortly — no action needed.
913.17,Debit Card,Axis,network_error,20,0,55,0,0,0,1,0.7690744,RETRY_NOW,700.3,Network Error is usually transient — high chance of success on immediate retry.,,We'll automatically retry your payment shortly — no action needed.
408.81,Credit Card,Kotak,network_error,6,1,72,0,0,0,1,0.76906,RETRY_NOW,312.4,Network Error is usually transient — high chance of success on immediate retry.,,We'll automatically retry your payment shortly — no action needed.
1547.9,UPI,SBI,bank_timeout,17,2,783,0,0,0,1,0.7686568,RETRY_NOW,1187.8,Bank Timeout is usually transient — high chance of success on immediate retry.,,We'll automatically retry your payment shortly — no action needed.
286.47,Netbanking,IDFC,otp_failure,9,1,781,0,0,0,1,0.76801044,RETRY_NOW,218.01,Otp Failure is usually transient — high chance of success on immediate retry.,,We'll automatically retry your payment shortly — no action needed.
444.06,Wallet,HDFC,bank_timeout,19,1,689,0,0,0,0,0.76766497,RETRY_NOW,338.89,Bank Timeout is usually transient — high chance of success on immediate retry.,,We'll automatically retry your payment shortly — no action needed.
1495.96,Debit Card,Kotak,insufficient_funds,28,0,228,1,0,0,1,0.7675903,RETRY_SCHEDULED,1146.28,Insufficient Funds recovers best after a 4-day delay (e.g. next salary credit).,Sep 02,We'll retry your payment on Sep 02. You can also pay now via a different method.
1056.71,Credit Card,Kotak,network_error,6,0,598,0,0,0,1,0.7671605,RETRY_NOW,808.67,Network Error is usually transient — high chance of success on immediate retry.,,We'll automatically retry your payment shortly — no action needed.
2416.47,Netbanking,Kotak,insufficient_funds,1,1,680,1,0,0,1,0.76702577,RETRY_SCHEDULED,1851.49,Insufficient Funds recovers best after a 4-day delay (e.g. next salary credit).,Sep 02,We'll retry your payment on Sep 02. You can also pay now via a different method.
1148.22,Wallet,PNB,bank_timeout,22,2,122,0,0,0,1,0.7669476,RETRY_NOW,878.62,Bank Timeout is usually transient — high chance of success on immediate retry.,,We'll automatically retry your payment shortly — no action needed.
601.4,Debit Card,Yes Bank,bank_timeout,15,1,500,0,0,0,1,0.76679385,RETRY_NOW,459.15,Bank Timeout is usually transient — high chance of success on immediate retry.,,We'll automatically retry your payment shortly — no action needed.
1992.32,Credit Card,Yes Bank,insufficient_funds,28,0,710,1,0,0,1,0.7662156,RETRY_SCHEDULED,1524.55,Insufficient Funds recovers best after a 4-day delay (e.g. next salary credit).,Sep 02,We'll retry your payment on Sep 02. You can also pay now via a different method.
756.06,Debit Card,Axis,insufficient_funds,5,0,178,1,0,0,1,0.76579905,RETRY_SCHEDULED,576.99,Insufficient Funds recovers best after a 4-day delay (e.g. next salary credit).,Sep 02,We'll retry your payment on Sep 02. You can also pay now via a different method.
1074.39,Debit Card,SBI,network_error,27,3,882,0,0,1,0,0.7642827,RETRY_NOW,819.14,Network Error is usually transient — high chance of success on immediate retry.,,We'll automatically retry your payment shortly — no action needed.
393.01,UPI,PNB,bank_timeout,25,1,245,0,0,0,0,0.7638739,RETRY_NOW,298.21,Bank Timeout is usually transient — high chance of success on immediate retry.,,We'll automatically retry your payment shortly — no action needed.
1052.88,Debit Card,Yes Bank,bank_timeout,12,0,279,0,0,0,1,0.7637658,RETRY_NOW,802.15,Bank Timeout is usually transient — high chance of success on immediate retry.,,We'll automatically retry your payment shortly — no action needed.
1836.31,Credit Card,Yes Bank,bank_timeout,25,1,488,0,0,0,0,0.76375616,RETRY_NOW,1400.49,Bank Timeout is usually transient — high chance of success on immediate retry.,,We'll automatically retry your payment shortly — no action needed.
2242.44,Debit Card,HDFC,bank_timeout,13,0,542,0,0,0,1,0.76333153,RETRY_NOW,1709.73,Bank Timeout is usually transient — high chance of success on immediate retry.,,We'll automatically retry your payment shortly — no action needed.
1175.86,UPI,Axis,bank_timeout,25,1,787,0,0,0,0,0.76320684,RETRY_NOW,895.42,Bank Timeout is usually transient — high chance of success on immediate retry.,,We'll automatically retry your payment shortly — no action needed.
186.22,Debit Card,Yes Bank,bank_timeout,24,1,713,0,0,0,1,0.76312643,RETRY_NOW,140.11,Bank Timeout is usually transient — high chance of success on immediate retry.,,We'll automatically retry your payment shortly — no action needed.
391.77,Credit Card,Axis,insufficient_funds,1,2,792,1,0,0,0,0.7625935,RETRY_SCHEDULED,296.76,Insufficient Funds recovers best after a 4-day delay (e.g. next salary credit).,Sep 02,We'll retry your payment on Sep 02. You can also pay now via a different method.
861.55,Credit Card,Axis,insufficient_funds,28,0,736,1,0,0,0,0.7625893,RETRY_SCHEDULED,655.01,Insufficient Funds recovers best after a 4-day delay (e.g. next salary credit).,Sep 02,We'll retry your payment on Sep 02. You can also pay now via a different method.
547.91,Credit Card,Axis,bank_timeout,25,0,749,0,0,0,1,0.76253337,RETRY_NOW,415.8,Bank Timeout is usually transient — high chance of success on immediate retry.,,We'll automatically retry your payment shortly — no action needed.
2626.1,Credit Card,PNB,bank_timeout,3,1,475,1,0,0,1,0.7625146,RETRY_NOW,2000.44,Bank Timeout is usually transient — high chance of success on immediate retry.,,We'll automatically retry your payment shortly — no action needed.
2134.35,Netbanking,ICICI,bank_timeout,28,1,258,1,0,0,0,0.7621779,RETRY_NOW,1624.75,Bank Timeout is usually transient — high chance of success on immediate retry.,,We'll automatically retry your payment shortly — no action needed.
2084.77,UPI,HDFC,bank_timeout,24,0,253,0,0,0,0,0.7612489,RETRY_NOW,1585.03,Bank Timeout is usually transient — high chance of success on immediate retry.,,We'll automatically retry your payment shortly — no action needed.
1986.71,UPI,Yes Bank,bank_timeout,14,0,164,0,0,0,0,0.76124847,RETRY_NOW,1510.38,Bank Timeout is usually transient — high chance of success on immediate retry.,,We'll automatically retry your payment shortly — no action needed.
1355.09,Credit Card,Yes Bank,bank_timeout,4,2,702,1,0,0,1,0.7609255,RETRY_NOW,1029.12,Bank Timeout is usually transient — high chance of success on immediate retry.,,We'll automatically retry your payment shortly — no action needed.
673.32,Credit Card,Axis,network_error,27,1,284,0,0,0,0,0.76089805,RETRY_NOW,510.33,Network Error is usually transient — high chance of success on immediate retry.,,We'll automatically retry your payment shortly — no action needed.
289.3,UPI,IDFC,bank_timeout,16,0,507,0,0,0,1,0.7608694,RETRY_NOW,218.12,Bank Timeout is usually transient — high chance of success on immediate retry.,,We'll automatically retry your payment shortly — no action needed.
324.02,Wallet,IDFC,otp_failure,30,2,826,1,0,0,1,0.76085407,RETRY_NOW,244.53,Otp Failure is usually transient — high chance of success on immediate retry.,,We'll automatically retry your payment shortly — no action needed.
503.25,Debit Card,PNB,insufficient_funds,2,0,530,1,0,0,1,0.7606685,RETRY_SCHEDULED,380.81,Insufficient Funds recovers best after a 4-day delay (e.g. next salary credit).,Sep 02,We'll retry your payment on Sep 02. You can also pay now via a different method.
3484.95,Debit Card,Yes Bank,bank_timeout,6,0,472,0,0,0,1,0.76043254,RETRY_NOW,2648.07,Bank Timeout is usually transient — high chance of success on immediate retry.,,We'll automatically retry your payment shortly — no action needed.
3336.25,UPI,PNB,bank_timeout,7,1,584,0,0,0,0,0.7597971,RETRY_NOW,2532.87,Bank Timeout is usually transient — high chance of success on immediate retry.,,We'll automatically retry your payment shortly — no action needed.
4747.35,Netbanking,Kotak,otp_failure,9,0,39,0,0,0,1,0.7595689,RETRY_NOW,3603.94,Otp Failure is usually transient — high chance of success on immediate retry.,,We'll automatically retry your payment shortly — no action needed.
761.14,Credit Card,ICICI,insufficient_funds,28,2,701,1,0,0,1,0.7594226,RETRY_SCHEDULED,576.03,Insufficient Funds recovers best after a 4-day delay (e.g. next salary credit).,Sep 02,We'll retry your payment on Sep 02. You can also pay now via a different method.
199.71,Credit Card,PNB,bank_timeout,11,0,699,0,0,0,1,0.7589876,RETRY_NOW,149.58,Bank Timeout is usually transient — high chance of success on immediate retry.,,We'll automatically retry your payment shortly — no action needed.
246.67,Credit Card,SBI,network_error,26,1,319,0,0,0,1,0.7589214,RETRY_NOW,185.2,Network Error is usually transient — high chance of success on immediate retry.,,We'll automatically retry your payment shortly — no action needed.
2024.01,Debit Card,PNB,bank_timeout,5,2,576,1,0,0,0,0.7587732,RETRY_NOW,1533.76,Bank Timeout is usually transient — high chance of success on immediate retry.,,We'll automatically retry your payment shortly — no action needed.
516.33,UPI,IDFC,insufficient_funds,5,2,669,1,0,0,1,0.75821817,RETRY_SCHEDULED,389.49,Insufficient Funds recovers best after a 4-day delay (e.g. next salary credit).,Sep 02,We'll retry your payment on Sep 02. You can also pay now via a different method.
511.21,Wallet,ICICI,network_error,10,2,611,0,0,0,1,0.75818115,RETRY_NOW,385.59,Network Error is usually transient — high chance of success on immediate retry.,,We'll automatically retry your payment shortly — no action needed.
356.35,Debit Card,Kotak,bank_timeout,13,0,649,0,0,0,1,0.758101,RETRY_NOW,268.15,Bank Timeout is usually transient — high chance of success on immediate retry.,,We'll automatically retry your payment shortly — no action needed.
293.87,UPI,IDFC,bank_timeout,20,2,635,0,0,0,1,0.7580928,RETRY_NOW,220.78,Bank Timeout is usually transient — high chance of success on immediate retry.,,We'll automatically retry your payment shortly — no action needed.
577.58,Netbanking,ICICI,bank_timeout,5,0,265,1,0,0,1,0.7578063,RETRY_NOW,435.69,Bank Timeout is usually transient — high chance of success on immediate retry.,,We'll automatically retry your payment shortly — no action needed.
434.02,UPI,PNB,bank_timeout,18,1,825,0,0,0,1,0.7576244,RETRY_NOW,326.82,Bank Timeout is usually transient — high chance of success on immediate retry.,,We'll automatically retry your payment shortly — no action needed.
704.42,Debit Card,PNB,bank_timeout,16,2,892,0,0,0,1,0.75721365,RETRY_NOW,531.4,Bank Timeout is usually transient — high chance of success on immediate retry.,,We'll automatically retry your payment shortly — no action needed.
528.8,Wallet,PNB,network_error,15,2,99,0,0,0,1,0.7571957,RETRY_NOW,398.41,Network Error is usually transient — high chance of success on immediate retry.,,We'll automatically retry your payment shortly — no action needed.
294.08,UPI,Yes Bank,bank_timeout,9,0,247,0,0,0,1,0.7570279,RETRY_NOW,220.63,Bank Timeout is usually transient — high chance of success on immediate retry.,,We'll automatically retry your payment shortly — no action needed.
307.03,UPI,SBI,insufficient_funds,1,0,25,1,0,0,1,0.75649714,RETRY_SCHEDULED,230.27,Insufficient Funds recovers best after a 4-day delay (e.g. next salary credit).,Sep 02,We'll retry your payment on Sep 02. You can also pay now via a different method.
230.04,Credit Card,SBI,bank_timeout,22,2,539,0,0,0,1,0.75599873,RETRY_NOW,171.91,Bank Timeout is usually transient — high chance of success on immediate retry.,,We'll automatically retry your payment shortly — no action needed.
938.3,UPI,ICICI,network_error,13,2,691,0,0,0,1,0.7557858,RETRY_NOW,707.15,Network Error is usually transient — high chance of success on immediate retry.,,We'll automatically retry your payment shortly — no action needed.
332.65,Debit Card,ICICI,bank_timeout,11,1,150,0,0,0,0,0.7555643,RETRY_NOW,249.34,Bank Timeout is usually transient — high chance of success on immediate retry.,,We'll automatically retry your payment shortly — no action needed.
1043.73,UPI,Axis,bank_timeout,29,1,375,1,0,0,0,0.75536835,RETRY_NOW,786.4,Bank Timeout is usually transient — high chance of success on immediate retry.,,We'll automatically retry your payment shortly — no action needed.
931.65,Credit Card,Axis,insufficient_funds,5,2,664,1,0,0,0,0.75401485,RETRY_SCHEDULED,700.48,Insufficient Funds recovers best after a 4-day delay (e.g. next salary credit).,Sep 02,We'll retry your payment on Sep 02. You can also pay now via a different method.
371.39,Netbanking,HDFC,bank_timeout,1,1,632,1,0,0,1,0.7539536,RETRY_NOW,278.01,Bank Timeout is usually transient — high chance of success on immediate retry.,,We'll automatically retry your payment shortly — no action needed.
343.59,Wallet,ICICI,insufficient_funds,29,0,797,1,0,0,1,0.7532769,RETRY_SCHEDULED,256.82,Insufficient Funds recovers best after a 4-day delay (e.g. next salary credit).,Sep 02,We'll retry your payment on Sep 02. You can also pay now via a different method.
1921.78,UPI,Yes Bank,bank_timeout,4,1,896,1,0,0,0,0.75314087,RETRY_NOW,1445.37,Bank Timeout is usually transient — high chance of success on immediate retry.,,We'll automatically retry your payment shortly — no action needed.
136.5,Debit Card,PNB,bank_timeout,18,0,321,0,0,0,0,0.75308937,RETRY_NOW,100.8,Bank Timeout is usually transient — high chance of success on immediate retry.,,We'll automatically retry your payment shortly — no action needed.
23.07,Credit Card,Yes Bank,bank_timeout,5,2,716,1,0,0,1,0.7520785,RETRY_NOW,15.35,Bank Timeout is usually transient — high chance of success on immediate retry.,,We'll automatically retry your payment shortly — no action needed.
108.56,Credit Card,IDFC,bank_timeout,7,2,4,0,0,0,0,0.7519514,RETRY_NOW,79.63,Bank Timeout is usually transient — high chance of success on immediate retry.,,We'll automatically retry your payment shortly — no action needed.
831.39,Netbanking,PNB,bank_timeout,2,2,453,1,0,0,1,0.7512889,RETRY_NOW,622.61,Bank Timeout is usually transient — high chance of success on immediate retry.,,We'll automatically retry your payment shortly — no action needed.
176.66,Netbanking,Yes Bank,otp_failure,6,2,402,0,0,0,1,0.7511872,RETRY_NOW,130.7,Otp Failure is usually transient — high chance of success on immediate retry.,,We'll automatically retry your payment shortly — no action needed.
1263.39,Debit Card,Axis,bank_timeout,17,2,262,0,0,0,0,0.7510862,RETRY_NOW,946.91,Bank Timeout is usually transient — high chance of success on immediate retry.,,We'll automatically retry your payment shortly — no action needed.
3258.24,Wallet,Kotak,network_error,19,3,887,0,0,1,1,0.7510548,RETRY_NOW,2445.12,Network Error is usually transient — high chance of success on immediate retry.,,We'll automatically retry your payment shortly — no action needed.
233.7,Credit Card,Kotak,bank_timeout,8,2,630,0,0,0,1,0.7506962,RETRY_NOW,173.44,Bank Timeout is usually transient — high chance of success on immediate retry.,,We'll automatically retry your payment shortly — no action needed.
537.54,Netbanking,HDFC,bank_timeout,7,2,488,0,0,0,1,0.75060606,RETRY_NOW,401.48,Bank Timeout is usually transient — high chance of success on immediate retry.,,We'll automatically retry your payment shortly — no action needed.
1959.33,Wallet,SBI,bank_timeout,14,3,884,0,0,1,1,0.7505781,RETRY_NOW,1468.63,Bank Timeout is usually transient — high chance of success on immediate retry.,,We'll automatically retry your payment shortly — no action needed.
164.59,Wallet,Axis,network_error,22,1,248,0,0,0,1,0.7502344,RETRY_NOW,121.48,Network Error is usually transient — high chance of success on immediate retry.,,We'll automatically retry your payment shortly — no action needed.
508.18,Wallet,SBI,network_error,21,1,122,0,0,0,1,0.7497673,RETRY_NOW,379.02,Network Error is usually transient — high chance of success on immediate retry.,,We'll automatically retry your payment shortly — no action needed.
5089.88,UPI,Kotak,network_error,19,0,762,0,0,0,1,0.7495504,RETRY_NOW,3813.12,Network Error is usually transient — high chance of success on immediate retry.,,We'll automatically retry your payment shortly — no action needed.
288.61,Netbanking,Kotak,insufficient_funds,5,1,201,1,0,0,1,0.7491525,RETRY_SCHEDULED,214.21,Insufficient Funds recovers best after a 4-day delay (e.g. next salary credit).,Sep 02,We'll retry your payment on Sep 02. You can also pay now via a different method.
1083.53,Wallet,HDFC,bank_timeout,26,0,895,0,0,0,1,0.7485114,RETRY_NOW,809.03,Bank Timeout is usually transient — high chance of success on immediate retry.,,We'll automatically retry your payment shortly — no action needed.
940.71,Credit Card,PNB,insufficient_funds,4,0,2,1,0,0,1,0.7484787,RETRY_SCHEDULED,702.1,Insufficient Funds recovers best after a 4-day delay (e.g. next salary credit).,Sep 02,We'll retry your payment on Sep 02. You can also pay now via a different method.
248.89,Netbanking,Kotak,insufficient_funds,2,2,225,1,0,0,1,0.74837613,RETRY_SCHEDULED,184.26,Insufficient Funds recovers best after a 4-day delay (e.g. next salary credit).,Sep 02,We'll retry your payment on Sep 02. You can also pay now via a different method.
645.23,Netbanking,Axis,insufficient_funds,29,2,506,1,0,0,1,0.74766964,RETRY_SCHEDULED,480.42,Insufficient Funds recovers best after a 4-day delay (e.g. next salary credit).,Sep 02,We'll retry your payment on Sep 02. You can also pay now via a different method.
1375.61,UPI,Yes Bank,bank_timeout,2,2,454,1,0,0,1,0.747206,RETRY_NOW,1025.86,Bank Timeout is usually transient — high chance of success on immediate retry.,,We'll automatically retry your payment shortly — no action needed.
270.08,Credit Card,IDFC,insufficient_funds,29,0,636,1,0,0,1,0.746231,RETRY_SCHEDULED,199.54,Insufficient Funds recovers best after a 4-day delay (e.g. next salary credit).,Sep 02,We'll retry your payment on Sep 02. You can also pay now via a different method.
786.79,Debit Card,Kotak,bank_timeout,20,3,804,0,0,1,0,0.74602807,RETRY_NOW,584.97,Bank Timeout is usually transient — high chance of success on immediate retry.,,We'll automatically retry your payment shortly — no action needed.
812.62,UPI,Axis,network_error,28,3,631,1,0,1,1,0.7459452,RETRY_NOW,604.17,Network Error is usually transient — high chance of success on immediate retry.,,We'll automatically retry your payment shortly — no action needed.
365.28,Credit Card,HDFC,network_error,5,1,670,1,0,0,1,0.7443519,RETRY_NOW,269.9,Network Error is usually transient — high chance of success on immediate retry.,,We'll automatically retry your payment shortly — no action needed.
913.75,UPI,Axis,insufficient_funds,28,0,605,1,0,0,1,0.7440339,RETRY_SCHEDULED,677.86,Insufficient Funds recovers best after a 4-day delay (e.g. next salary credit).,Sep 02,We'll retry your payment on Sep 02. You can also pay now via a different method.
234.71,Netbanking,ICICI,bank_timeout,1,0,658,1,0,0,1,0.7432392,RETRY_NOW,172.45,Bank Timeout is usually transient — high chance of success on immediate retry.,,We'll automatically retry your payment shortly — no action needed.
155.07,Credit Card,Axis,bank_timeout,28,1,801,1,0,0,1,0.74253356,RETRY_NOW,113.14,Bank Timeout is usually transient — high chance of success on immediate retry.,,We'll automatically retry your payment shortly — no action needed.
1169.07,Netbanking,SBI,insufficient_funds,31,1,356,1,0,0,0,0.7423211,RETRY_SCHEDULED,865.83,Insufficient Funds recovers best after a 4-day delay (e.g. next salary credit).,Sep 02,We'll retry your payment on Sep 02. You can also pay now via a different method.
1034.24,UPI,IDFC,insufficient_funds,2,2,661,1,0,0,1,0.74220335,RETRY_SCHEDULED,765.62,Insufficient Funds recovers best after a 4-day delay (e.g. next salary credit).,Sep 02,We'll retry your payment on Sep 02. You can also pay now via a different method.
467.27,Netbanking,Axis,network_error,20,3,871,0,0,1,1,0.74195665,RETRY_NOW,344.69,Network Error is usually transient — high chance of success on immediate retry.,,We'll automatically retry your payment shortly — no action needed.
345.25,Wallet,SBI,insufficient_funds,5,0,30,1,0,0,0,0.74057984,RETRY_SCHEDULED,253.69,Insufficient Funds recovers best after a 4-day delay (e.g. next salary credit).,Sep 02,We'll retry your payment on Sep 02. You can also pay now via a different method.
1510.48,Credit Card,Yes Bank,bank_timeout,25,1,297,0,0,0,1,0.74034953,RETRY_NOW,1116.28,Bank Timeout is usually transient — high chance of success on immediate retry.,,We'll automatically retry your payment shortly — no action needed.
1278.34,Wallet,ICICI,otp_failure,4,2,899,1,0,0,1,0.7400796,RETRY_NOW,944.07,Otp Failure is usually transient — high chance of success on immediate retry.,,We'll automatically retry your payment shortly — no action needed.
442.87,UPI,Axis,bank_timeout,5,0,586,1,0,0,1,0.7399597,RETRY_NOW,325.71,Bank Timeout is usually transient — high chance of success on immediate retry.,,We'll automatically retry your payment shortly — no action needed.
263.47,Credit Card,IDFC,bank_timeout,3,0,772,1,0,0,1,0.73967904,RETRY_NOW,192.88,Bank Timeout is usually transient — high chance of success on immediate retry.,,We'll automatically retry your payment shortly — no action needed.
1473.93,Netbanking,SBI,bank_timeout,17,0,30,0,0,0,1,0.73942477,RETRY_NOW,1087.86,Bank Timeout is usually transient — high chance of success on immediate retry.,,We'll automatically retry your payment shortly — no action needed.
1872.68,Wallet,IDFC,bank_timeout,26,2,761,0,0,0,1,0.73898387,RETRY_NOW,1381.88,Bank Timeout is usually transient — high chance of success on immediate retry.,,We'll automatically retry your payment shortly — no action needed.
179.74,Wallet,ICICI,network_error,28,2,203,1,0,0,1,0.7386339,RETRY_NOW,130.76,Network Error is usually transient — high chance of success on immediate retry.,,We'll automatically retry your payment shortly — no action needed.
188.79,UPI,Kotak,bank_timeout,29,1,341,1,0,0,1,0.7384735,RETRY_NOW,137.42,Bank Timeout is usually transient — high chance of success on immediate retry.,,We'll automatically retry your payment shortly — no action needed.
1784.18,UPI,SBI,bank_timeout,5,0,412,1,0,0,1,0.73722494,RETRY_NOW,1313.34,Bank Timeout is usually transient — high chance of success on immediate retry.,,We'll automatically retry your payment shortly — no action needed.
144.44,Credit Card,PNB,bank_timeout,17,1,847,0,0,0,0,0.7354657,RETRY_NOW,104.23,Bank Timeout is usually transient — high chance of success on immediate retry.,,We'll automatically retry your payment shortly — no action needed.
1636.25,Credit Card,Axis,bank_timeout,29,1,220,1,0,0,0,0.73511106,RETRY_NOW,1200.83,Bank Timeout is usually transient — high chance of success on immediate retry.,,We'll automatically retry your payment shortly — no action needed.
1338.83,Wallet,SBI,insufficient_funds,28,2,520,1,0,0,0,0.7349472,RETRY_SCHEDULED,981.97,Insufficient Funds recovers best after a 4-day delay (e.g. next salary credit).,Sep 02,We'll retry your payment on Sep 02. You can also pay now via a different method.
295.92,Netbanking,ICICI,bank_timeout,25,1,125,0,0,0,0,0.734079,RETRY_NOW,215.23,Bank Timeout is usually transient — high chance of success on immediate retry.,,We'll automatically retry your payment shortly — no action needed.
414.14,Wallet,SBI,bank_timeout,10,1,894,0,0,0,0,0.73404604,RETRY_NOW,302.0,Bank Timeout is usually transient — high chance of success on immediate retry.,,We'll automatically retry your payment shortly — no action needed.
1615.82,Netbanking,IDFC,otp_failure,1,1,799,1,0,0,0,0.73365664,RETRY_NOW,1183.46,Otp Failure is usually transient — high chance of success on immediate retry.,,We'll automatically retry your payment shortly — no action needed.
977.56,Debit Card,Kotak,insufficient_funds,28,2,267,1,0,0,1,0.73362744,RETRY_SCHEDULED,715.16,Insufficient Funds recovers best after a 4-day delay (e.g. next salary credit).,Sep 02,We'll retry your payment on Sep 02. You can also pay now via a different method.
283.6,Credit Card,Axis,otp_failure,24,2,564,0,0,0,0,0.7335231,RETRY_NOW,206.03,Otp Failure is usually transient — high chance of success on immediate retry.,,We'll automatically retry your payment shortly — no action needed.
330.89,Debit Card,ICICI,insufficient_funds,29,1,479,1,0,0,1,0.7332405,RETRY_SCHEDULED,240.62,Insufficient Funds recovers best after a 4-day delay (e.g. next salary credit).,Sep 02,We'll retry your payment on Sep 02. You can also pay now via a different method.
796.83,UPI,SBI,bank_timeout,23,0,248,0,0,0,1,0.7331222,RETRY_NOW,582.17,Bank Timeout is usually transient — high chance of success on immediate retry.,,We'll automatically retry your payment shortly — no action needed.
467.96,Netbanking,Axis,network_error,24,3,376,0,0,1,1,0.733068,RETRY_NOW,341.05,Network Error is usually transient — high chance of success on immediate retry.,,We'll automatically retry your payment shortly — no action needed.
10046.46,Wallet,Kotak,otp_failure,30,2,557,1,0,0,0,0.7321267,RETRY_NOW,7353.28,Otp Failure is usually transient — high chance of success on immediate retry.,,We'll automatically retry your payment shortly — no action needed.
351.2,Credit Card,Axis,insufficient_funds,1,1,692,1,0,0,0,0.7320571,RETRY_SCHEDULED,255.1,Insufficient Funds recovers best after a 4-day delay (e.g. next salary credit).,Sep 02,We'll retry your payment on Sep 02. You can also pay now via a different method.
235.62,Wallet,HDFC,otp_failure,24,1,529,0,0,0,1,0.7317697,RETRY_NOW,170.42,Otp Failure is usually transient — high chance of success on immediate retry.,,We'll automatically retry your payment shortly — no action needed.
62.31,Credit Card,Axis,bank_timeout,29,2,56,1,0,0,0,0.7305079,RETRY_NOW,43.52,Bank Timeout is usually transient — high chance of success on immediate retry.,,We'll automatically retry your payment shortly — no action needed.
2496.26,Credit Card,Kotak,otp_failure,16,1,603,0,0,0,0,0.72965276,RETRY_NOW,1819.4,Otp Failure is usually transient — high chance of success on immediate retry.,,We'll automatically retry your payment shortly — no action needed.
1806.56,Credit Card,ICICI,bank_timeout,3,1,298,1,0,0,1,0.7296023,RETRY_NOW,1316.07,Bank Timeout is usually transient — high chance of success on immediate retry.,,We'll automatically retry your payment shortly — no action needed.
1470.22,Debit Card,IDFC,insufficient_funds,2,2,385,1,0,0,0,0.72956717,RETRY_SCHEDULED,1070.62,Insufficient Funds recovers best after a 4-day delay (e.g. next salary credit).,Sep 02,We'll retry your payment on Sep 02. You can also pay now via a different method.
1971.13,Credit Card,ICICI,bank_timeout,3,1,166,1,0,0,1,0.72881764,RETRY_NOW,1434.59,Bank Timeout is usually transient — high chance of success on immediate retry.,,We'll automatically retry your payment shortly — no action needed.
831.48,Credit Card,ICICI,insufficient_funds,5,0,871,1,0,0,1,0.72864413,RETRY_SCHEDULED,603.85,Insufficient Funds recovers best after a 4-day delay (e.g. next salary credit).,Sep 02,We'll retry your payment on Sep 02. You can also pay now via a different method.
577.53,Debit Card,HDFC,insufficient_funds,28,3,762,1,0,1,1,0.7280312,RETRY_SCHEDULED,418.46,Insufficient Funds recovers best after a 4-day delay (e.g. next salary credit).,Sep 02,We'll retry your payment on Sep 02. You can also pay now via a different method.
135.07,Credit Card,HDFC,network_error,28,0,111,1,0,0,1,0.7279791,RETRY_NOW,96.33,Network Error is usually transient — high chance of success on immediate retry.,,We'll automatically retry your payment shortly — no action needed.
416.91,Wallet,Kotak,bank_timeout,18,1,30,0,0,0,1,0.7276555,RETRY_NOW,301.37,Bank Timeout is usually transient — high chance of success on immediate retry.,,We'll automatically retry your payment shortly — no action needed.
451.01,Debit Card,ICICI,network_error,17,0,163,0,0,0,1,0.7273846,RETRY_NOW,326.06,Network Error is usually transient — high chance of success on immediate retry.,,We'll automatically retry your payment shortly — no action needed.
1301.66,Wallet,Yes Bank,bank_timeout,9,1,889,0,0,0,1,0.72603184,RETRY_NOW,943.05,Bank Timeout is usually transient — high chance of success on immediate retry.,,We'll automatically retry your payment shortly — no action needed.
807.48,UPI,Yes Bank,bank_timeout,7,2,133,0,0,0,1,0.72569567,RETRY_NOW,583.98,Bank Timeout is usually transient — high chance of success on immediate retry.,,We'll automatically retry your payment shortly — no action needed.
124.45,Credit Card,HDFC,otp_failure,3,1,460,1,0,0,0,0.72529787,RETRY_NOW,88.26,Otp Failure is usually transient — high chance of success on immediate retry.,,We'll automatically retry your payment shortly — no action needed.
243.7,Netbanking,HDFC,insufficient_funds,2,1,247,1,0,0,0,0.72443134,RETRY_SCHEDULED,174.54,Insufficient Funds recovers best after a 4-day delay (e.g. next salary credit).,Sep 02,We'll retry your payment on Sep 02. You can also pay now via a different method.
4419.51,Netbanking,IDFC,bank_timeout,28,0,206,1,0,0,1,0.7236637,RETRY_NOW,3196.24,Bank Timeout is usually transient — high chance of success on immediate retry.,,We'll automatically retry your payment shortly — no action needed.
4520.85,Wallet,Axis,bank_timeout,14,2,142,0,0,0,1,0.7234731,RETRY_NOW,3268.71,Bank Timeout is usually transient — high chance of success on immediate retry.,,We'll automatically retry your payment shortly — no action needed.
667.55,UPI,ICICI,insufficient_funds,5,0,89,1,0,0,1,0.7233721,RETRY_SCHEDULED,480.89,Insufficient Funds recovers best after a 4-day delay (e.g. next salary credit).,Sep 02,We'll retry your payment on Sep 02. You can also pay now via a different method.
2019.34,UPI,IDFC,insufficient_funds,3,0,310,1,0,0,1,0.72285503,RETRY_SCHEDULED,1457.69,Insufficient Funds recovers best after a 4-day delay (e.g. next salary credit).,Sep 02,We'll retry your payment on Sep 02. You can also pay now via a different method.
403.28,Wallet,PNB,network_error,26,3,434,0,0,1,1,0.72241,RETRY_NOW,289.33,Network Error is usually transient — high chance of success on immediate retry.,,We'll automatically retry your payment shortly — no action needed.
277.57,Wallet,PNB,insufficient_funds,29,1,145,1,0,0,1,0.72189057,RETRY_SCHEDULED,198.38,Insufficient Funds recovers best after a 4-day delay (e.g. next salary credit).,Sep 02,We'll retry your payment on Sep 02. You can also pay now via a different method.
256.45,Debit Card,HDFC,bank_timeout,6,1,439,0,0,0,1,0.7211708,RETRY_NOW,182.94,Bank Timeout is usually transient — high chance of success on immediate retry.,,We'll automatically retry your payment shortly — no action needed.
533.65,UPI,SBI,bank_timeout,27,0,535,0,0,0,1,0.72103554,RETRY_NOW,382.78,Bank Timeout is usually transient — high chance of success on immediate retry.,,We'll automatically retry your payment shortly — no action needed.
317.53,UPI,PNB,insufficient_funds,1,1,608,1,0,0,1,0.72096425,RETRY_SCHEDULED,226.93,Insufficient Funds recovers best after a 4-day delay (e.g. next salary credit).,Sep 02,We'll retry your payment on Sep 02. You can also pay now via a different method.
814.59,Wallet,Axis,bank_timeout,13,4,68,0,0,1,0,0.720332,RETRY_NOW,584.78,Bank Timeout is usually transient — high chance of success on immediate retry.,,We'll automatically retry your payment shortly — no action needed.
245.22,Credit Card,HDFC,bank_timeout,6,1,528,0,0,0,1,0.72030854,RETRY_NOW,174.63,Bank Timeout is usually transient — high chance of success on immediate retry.,,We'll automatically retry your payment shortly — no action needed.
3657.0,Netbanking,Yes Bank,network_error,20,3,695,0,0,1,1,0.71975565,RETRY_NOW,2630.15,Network Error is usually transient — high chance of success on immediate retry.,,We'll automatically retry your payment shortly — no action needed.
265.62,Debit Card,ICICI,bank_timeout,28,1,785,1,0,0,0,0.7197303,RETRY_NOW,189.17,Bank Timeout is usually transient — high chance of success on immediate retry.,,We'll automatically retry your payment shortly — no action needed.
664.64,Wallet,Kotak,network_error,6,0,256,0,0,0,1,0.719705,RETRY_NOW,476.34,Network Error is usually transient — high chance of success on immediate retry.,,We'll automatically retry your payment shortly — no action needed.
327.99,Netbanking,SBI,bank_timeout,26,0,346,0,0,0,1,0.7196719,RETRY_NOW,234.05,Bank Timeout is usually transient — high chance of success on immediate retry.,,We'll automatically retry your payment shortly — no action needed.
2739.19,Credit Card,SBI,bank_timeout,26,0,471,0,0,0,1,0.71948844,RETRY_NOW,1968.82,Bank Timeout is usually transient — high chance of success on immediate retry.,,We'll automatically retry your payment shortly — no action needed.
166.73,UPI,HDFC,otp_failure,10,0,457,0,0,0,1,0.7192811,RETRY_NOW,117.93,Otp Failure is usually transient — high chance of success on immediate retry.,,We'll automatically retry your payment shortly — no action needed.
644.54,Credit Card,SBI,network_error,8,3,367,0,0,1,1,0.7191925,RETRY_NOW,461.55,Network Error is usually transient — high chance of success on immediate retry.,,We'll automatically retry your payment shortly — no action needed.
403.33,Wallet,ICICI,bank_timeout,2,1,491,1,0,0,1,0.71914417,RETRY_NOW,288.05,Bank Timeout is usually transient — high chance of success on immediate retry.,,We'll automatically retry your payment shortly — no action needed.
2486.67,Netbanking,SBI,otp_failure,10,2,861,0,0,0,0,0.7185426,RETRY_NOW,1784.78,Otp Failure is usually transient — high chance of success on immediate retry.,,We'll automatically retry your payment shortly — no action needed.
1320.36,Debit Card,Yes Bank,bank_timeout,4,1,568,1,0,0,1,0.7182314,RETRY_NOW,946.32,Bank Timeout is usually transient — high chance of success on immediate retry.,,We'll automatically retry your payment shortly — no action needed.
680.9,Credit Card,Kotak,otp_failure,21,1,666,0,0,0,0,0.71685934,RETRY_NOW,486.11,Otp Failure is usually transient — high chance of success on immediate retry.,,We'll automatically retry your payment shortly — no action needed.
955.01,Debit Card,PNB,insufficient_funds,2,0,148,1,0,0,1,0.7162556,RETRY_SCHEDULED,682.03,Insufficient Funds recovers best after a 4-day delay (e.g. next salary credit).,Sep 02,We'll retry your payment on Sep 02. You can also pay now via a different method.
243.49,Wallet,ICICI,insufficient_funds,3,1,297,1,0,0,1,0.715513,RETRY_SCHEDULED,172.22,Insufficient Funds recovers best after a 4-day delay (e.g. next salary credit).,Sep 02,We'll retry your payment on Sep 02. You can also pay now via a different method.
6447.51,Wallet,ICICI,network_error,16,1,455,0,0,0,1,0.71514064,RETRY_NOW,4608.88,Network Error is usually transient — high chance of success on immediate retry.,,We'll automatically retry your payment shortly — no action needed.
496.86,Credit Card,Axis,otp_failure,24,1,509,0,0,0,0,0.7143899,RETRY_NOW,352.95,Otp Failure is usually transient — high chance of success on immediate retry.,,We'll automatically retry your payment shortly — no action needed.
528.59,Netbanking,PNB,otp_failure,13,1,820,0,0,0,1,0.7142071,RETRY_NOW,375.52,Otp Failure is usually transient — high chance of success on immediate retry.,,We'll automatically retry your payment shortly — no action needed.
1364.78,Credit Card,IDFC,insufficient_funds,29,2,546,1,0,0,1,0.7141655,RETRY_SCHEDULED,972.68,Insufficient Funds recovers best after a 4-day delay (e.g. next salary credit).,Sep 02,We'll retry your payment on Sep 02. You can also pay now via a different method.
420.97,Credit Card,SBI,bank_timeout,23,0,305,0,0,0,1,0.71405566,RETRY_NOW,298.6,Bank Timeout is usually transient — high chance of success on immediate retry.,,We'll automatically retry your payment shortly — no action needed.
1060.2,Wallet,ICICI,insufficient_funds,2,0,508,1,0,0,1,0.7137431,RETRY_SCHEDULED,754.71,Insufficient Funds recovers best after a 4-day delay (e.g. next salary credit).,Sep 02,We'll retry your payment on Sep 02. You can also pay now via a different method.
522.71,UPI,Yes Bank,bank_timeout,19,2,614,0,0,0,1,0.7133167,RETRY_NOW,370.86,Bank Timeout is usually transient — high chance of success on immediate retry.,,We'll automatically retry your payment shortly — no action needed.
109.42,Credit Card,Yes Bank,insufficient_funds,30,1,22,1,0,0,1,0.7130734,RETRY_SCHEDULED,76.02,Insufficient Funds recovers best after a 4-day delay (e.g. next salary credit).,Sep 02,We'll retry your payment on Sep 02. You can also pay now via a different method.
214.46,Wallet,Kotak,bank_timeout,12,1,245,0,0,0,0,0.7123727,RETRY_NOW,150.78,Bank Timeout is usually transient — high chance of success on immediate retry.,,We'll automatically retry your payment shortly — no action needed.
2547.1,UPI,SBI,otp_failure,8,1,283,0,0,0,1,0.7120288,RETRY_NOW,1811.61,Otp Failure is usually transient — high chance of success on immediate retry.,,We'll automatically retry your payment shortly — no action needed.
121.5,Credit Card,Kotak,otp_failure,24,1,416,0,0,0,1,0.71196836,RETRY_NOW,84.5,Otp Failure is usually transient — high chance of success on immediate retry.,,We'll automatically retry your payment shortly — no action needed.
823.94,UPI,Yes Bank,bank_timeout,4,2,89,1,0,0,1,0.7118705,RETRY_NOW,584.54,Bank Timeout is usually transient — high chance of success on immediate retry.,,We'll automatically retry your payment shortly — no action needed.
1816.0,UPI,ICICI,insufficient_funds,2,2,392,1,0,0,1,0.71151614,RETRY_SCHEDULED,1290.11,Insufficient Funds recovers best after a 4-day delay (e.g. next salary credit).,Sep 02,We'll retry your payment on Sep 02. You can also pay now via a different method.
1395.11,Credit Card,Kotak,otp_failure,21,1,670,0,0,0,0,0.7105656,RETRY_NOW,989.32,Otp Failure is usually transient — high chance of success on immediate retry.,,We'll automatically retry your payment shortly — no action needed.
238.79,Credit Card,Yes Bank,insufficient_funds,29,1,429,1,0,0,1,0.7103013,RETRY_SCHEDULED,167.61,Insufficient Funds recovers best after a 4-day delay (e.g. next salary credit).,Sep 02,We'll retry your payment on Sep 02. You can also pay now via a different method.
2001.71,UPI,PNB,bank_timeout,2,1,263,1,0,0,1,0.71002364,RETRY_NOW,1419.26,Bank Timeout is usually transient — high chance of success on immediate retry.,,We'll automatically retry your payment shortly — no action needed.
419.58,Credit Card,ICICI,insufficient_funds,29,2,743,1,0,0,0,0.709952,RETRY_SCHEDULED,295.88,Insufficient Funds recovers best after a 4-day delay (e.g. next salary credit).,Sep 02,We'll retry your payment on Sep 02. You can also pay now via a different method.
1683.94,Credit Card,Yes Bank,insufficient_funds,5,1,654,1,0,0,1,0.70956093,RETRY_SCHEDULED,1192.86,Insufficient Funds recovers best after a 4-day delay (e.g. next salary credit).,Sep 02,We'll retry your payment on Sep 02. You can also pay now via a different method.
367.71,Debit Card,IDFC,network_error,23,3,208,0,0,1,1,0.70924115,RETRY_NOW,258.8,Network Error is usually transient — high chance of success on immediate retry.,,We'll automatically retry your payment shortly — no action needed.
2483.27,UPI,IDFC,otp_failure,27,1,699,0,0,0,1,0.7088184,RETRY_NOW,1758.19,Otp Failure is usually transient — high chance of success on immediate retry.,,We'll automatically retry your payment shortly — no action needed.
4313.98,Netbanking,Kotak,insufficient_funds,24,1,856,0,0,0,0,0.7087843,RETRY_SCHEDULED,3055.68,Insufficient Funds recovers best after a 4-day delay (e.g. next salary credit).,Sep 02,We'll retry your payment on Sep 02. You can also pay now via a different method.
159.96,Credit Card,Kotak,insufficient_funds,1,0,255,1,0,0,1,0.70822734,RETRY_SCHEDULED,111.29,Insufficient Funds recovers best after a 4-day delay (e.g. next salary credit).,Sep 02,We'll retry your payment on Sep 02. You can also pay now via a different method.
591.34,Netbanking,Kotak,insufficient_funds,1,1,750,1,0,0,1,0.70769256,RETRY_SCHEDULED,416.49,Insufficient Funds recovers best after a 4-day delay (e.g. next salary credit).,Sep 02,We'll retry your payment on Sep 02. You can also pay now via a different method.
377.7,Wallet,Kotak,bank_timeout,17,0,251,0,0,0,0,0.70738494,RETRY_NOW,265.18,Bank Timeout is usually transient — high chance of success on immediate retry.,,We'll automatically retry your payment shortly — no action needed.
760.13,Credit Card,HDFC,otp_failure,31,1,331,1,0,0,1,0.7070288,RETRY_NOW,535.43,Otp Failure is usually transient — high chance of success on immediate retry.,,We'll automatically retry your payment shortly — no action needed.
806.11,UPI,Axis,otp_failure,31,2,757,1,0,0,0,0.706979,RETRY_NOW,567.9,Otp Failure is usually transient — high chance of success on immediate retry.,,We'll automatically retry your payment shortly — no action needed.
133.26,UPI,PNB,bank_timeout,29,0,673,1,0,0,1,0.7039568,RETRY_NOW,91.81,Bank Timeout is usually transient — high chance of success on immediate retry.,,We'll automatically retry your payment shortly — no action needed.
583.5,Credit Card,PNB,insufficient_funds,3,1,490,1,0,0,1,0.7032801,RETRY_SCHEDULED,408.36,Insufficient Funds recovers best after a 4-day delay (e.g. next salary credit).,Sep 02,We'll retry your payment on Sep 02. You can also pay now via a different method.
1173.63,Debit Card,Kotak,insufficient_funds,5,1,324,1,0,0,0,0.70316714,RETRY_SCHEDULED,823.26,Insufficient Funds recovers best after a 4-day delay (e.g. next salary credit).,Sep 02,We'll retry your payment on Sep 02. You can also pay now via a different method.
1775.55,Credit Card,ICICI,insufficient_funds,29,2,343,1,0,0,1,0.7031036,RETRY_SCHEDULED,1246.4,Insufficient Funds recovers best after a 4-day delay (e.g. next salary credit).,Sep 02,We'll retry your payment on Sep 02. You can also pay now via a different method.
241.67,UPI,IDFC,otp_failure,16,0,419,0,0,0,1,0.7029419,RETRY_NOW,167.88,Otp Failure is usually transient — high chance of success on immediate retry.,,We'll automatically retry your payment shortly — no action needed.
455.33,Wallet,PNB,bank_timeout,13,2,116,0,0,0,1,0.70204324,RETRY_NOW,317.66,Bank Timeout is usually transient — high chance of success on immediate retry.,,We'll automatically retry your payment shortly — no action needed.
12537.18,Wallet,ICICI,network_error,12,1,814,0,0,0,1,0.70084417,RETRY_NOW,8784.61,Network Error is usually transient — high chance of success on immediate retry.,,We'll automatically retry your payment shortly — no action needed.
33.12,Wallet,Kotak,insufficient_funds,4,2,545,1,0,0,1,0.70080096,RETRY_SCHEDULED,21.21,Insufficient Funds recovers best after a 4-day delay (e.g. next salary credit).,Sep 02,We'll retry your payment on Sep 02. You can also pay now via a different method.
4435.03,UPI,SBI,network_error,18,2,15,0,0,0,1,0.7000362,RETRY_NOW,3102.68,Network Error is usually transient — high chance of success on immediate retry.,,We'll automatically retry your payment shortly — no action needed.
269.11,Netbanking,HDFC,otp_failure,20,0,770,0,0,0,1,0.6999855,RETRY_NOW,186.37,Otp Failure is usually transient — high chance of success on immediate retry.,,We'll automatically retry your payment shortly — no action needed.
263.83,Wallet,Yes Bank,bank_timeout,19,0,286,0,0,0,1,0.6994189,RETRY_NOW,182.53,Bank Timeout is usually transient — high chance of success on immediate retry.,,We'll automatically retry your payment shortly — no action needed.
343.73,UPI,ICICI,insufficient_funds,29,1,147,1,0,0,0,0.6992903,RETRY_SCHEDULED,238.37,Insufficient Funds recovers best after a 4-day delay (e.g. next salary credit).,Sep 02,We'll retry your payment on Sep 02. You can also pay now via a different method.
1912.23,UPI,IDFC,insufficient_funds,31,5,679,1,0,1,1,0.6991952,RETRY_SCHEDULED,1335.02,Insufficient Funds recovers best after a 4-day delay (e.g. next salary credit).,Sep 02,We'll retry your payment on Sep 02. You can also pay now via a different method.
1097.83,Credit Card,HDFC,insufficient_funds,3,2,389,1,0,0,1,0.69917536,RETRY_SCHEDULED,765.58,Insufficient Funds recovers best after a 4-day delay (e.g. next salary credit).,Sep 02,We'll retry your payment on Sep 02. You can also pay now via a different method.
1718.44,Wallet,Yes Bank,bank_timeout,14,2,248,0,0,0,1,0.69909865,RETRY_NOW,1199.36,Bank Timeout is usually transient — high chance of success on immediate retry.,,We'll automatically retry your payment shortly — no action needed.
172.47,UPI,IDFC,otp_failure,12,0,791,0,0,0,1,0.69909215,RETRY_NOW,118.57,Otp Failure is usually transient — high chance of success on immediate retry.,,We'll automatically retry your payment shortly — no action needed.
393.39,Debit Card,Axis,bank_timeout,10,0,123,0,0,0,1,0.6990153,RETRY_NOW,272.99,Bank Timeout is usually transient — high chance of success on immediate retry.,,We'll automatically retry your payment shortly — no action needed.
724.64,Credit Card,Yes Bank,insufficient_funds,24,0,500,0,0,0,1,0.69767433,RETRY_SCHEDULED,503.56,Insufficient Funds recovers best after a 4-day delay (e.g. next salary credit).,Sep 02,We'll retry your payment on Sep 02. You can also pay now via a different method.
2956.67,Netbanking,Yes Bank,insufficient_funds,1,0,339,1,0,0,1,0.69759655,RETRY_SCHEDULED,2060.56,Insufficient Funds recovers best after a 4-day delay (e.g. next salary credit).,Sep 02,We'll retry your payment on Sep 02. You can also pay now via a different method.
612.98,Credit Card,ICICI,bank_timeout,7,1,110,0,0,0,0,0.6973082,RETRY_NOW,425.44,Bank Timeout is usually transient — high chance of success on immediate retry.,,We'll automatically retry your payment shortly — no action needed.
659.2,Credit Card,SBI,otp_failure,8,1,763,0,0,0,1,0.6967038,RETRY_NOW,457.27,Otp Failure is usually transient — high chance of success on immediate retry.,,We'll automatically retry your payment shortly — no action needed.
99.64,UPI,IDFC,bank_timeout,15,2,462,0,0,0,0,0.6966432,RETRY_NOW,67.41,Bank Timeout is usually transient — high chance of success on immediate retry.,,We'll automatically retry your payment shortly — no action needed.
2017.11,Debit Card,Kotak,bank_timeout,31,1,205,1,0,0,1,0.69593614,RETRY_NOW,1401.78,Bank Timeout is usually transient — high chance of success on immediate retry.,,We'll automatically retry your payment shortly — no action needed.
2229.41,Debit Card,SBI,otp_failure,25,2,898,0,0,0,1,0.69538295,RETRY_NOW,1548.29,Otp Failure is usually transient — high chance of success on immediate retry.,,We'll automatically retry your payment shortly — no action needed.
418.05,Wallet,Kotak,otp_failure,24,1,584,0,0,0,1,0.69537205,RETRY_NOW,288.7,Otp Failure is usually transient — high chance of success on immediate retry.,,We'll automatically retry your payment shortly — no action needed.
358.96,Wallet,Yes Bank,bank_timeout,28,0,617,1,0,0,1,0.6950329,RETRY_NOW,247.49,Bank Timeout is usually transient — high chance of success on immediate retry.,,We'll automatically retry your payment shortly — no action needed.
575.32,Credit Card,SBI,insufficient_funds,30,0,199,1,0,0,1,0.6948825,RETRY_SCHEDULED,397.78,Insufficient Funds recovers best after a 4-day delay (e.g. next salary credit).,Sep 02,We'll retry your payment on Sep 02. You can also pay now via a different method.
617.94,Debit Card,ICICI,network_error,12,1,853,0,0,0,1,0.6945242,RETRY_NOW,427.17,Network Error is usually transient — high chance of success on immediate retry.,,We'll automatically retry your payment shortly — no action needed.
204.87,Credit Card,Kotak,bank_timeout,12,1,220,0,0,0,1,0.69435817,RETRY_NOW,140.25,Bank Timeout is usually transient — high chance of success on immediate retry.,,We'll automatically retry your payment shortly — no action needed.
418.82,Credit Card,SBI,otp_failure,17,1,669,0,0,0,0,0.6941123,RETRY_NOW,288.71,Otp Failure is usually transient — high chance of success on immediate retry.,,We'll automatically retry your payment shortly — no action needed.
696.76,Wallet,ICICI,otp_failure,16,0,700,0,0,0,1,0.69365925,RETRY_NOW,481.31,Otp Failure is usually transient — high chance of success on immediate retry.,,We'll automatically retry your payment shortly — no action needed.
2130.56,Netbanking,ICICI,bank_timeout,28,1,423,1,0,0,1,0.6929045,RETRY_NOW,1474.27,Bank Timeout is usually transient — high chance of success on immediate retry.,,We'll automatically retry your payment shortly — no action needed.
145.7,Debit Card,Yes Bank,insufficient_funds,31,1,600,1,0,0,1,0.69278955,RETRY_SCHEDULED,98.94,Insufficient Funds recovers best after a 4-day delay (e.g. next salary credit).,Sep 02,We'll retry your payment on Sep 02. You can also pay now via a different method.
804.25,Credit Card,Yes Bank,insufficient_funds,5,1,492,1,0,0,1,0.6917689,RETRY_SCHEDULED,554.36,Insufficient Funds recovers best after a 4-day delay (e.g. next salary credit).,Sep 02,We'll retry your payment on Sep 02. You can also pay now via a different method.
610.27,Netbanking,Kotak,insufficient_funds,2,1,315,1,0,0,1,0.69173217,RETRY_SCHEDULED,420.14,Insufficient Funds recovers best after a 4-day delay (e.g. next salary credit).,Sep 02,We'll retry your payment on Sep 02. You can also pay now via a different method.
245.72,Credit Card,Axis,bank_timeout,10,0,77,0,0,0,1,0.69137317,RETRY_NOW,167.88,Bank Timeout is usually transient — high chance of success on immediate retry.,,We'll automatically retry your payment shortly — no action needed.
329.71,Wallet,SBI,otp_failure,15,1,630,0,0,0,1,0.6907206,RETRY_NOW,225.74,Otp Failure is usually transient — high chance of success on immediate retry.,,We'll automatically retry your payment shortly — no action needed.
786.99,Credit Card,PNB,insufficient_funds,24,2,896,0,0,0,1,0.6903266,RETRY_SCHEDULED,541.28,Insufficient Funds recovers best after a 4-day delay (e.g. next salary credit).,Sep 02,We'll retry your payment on Sep 02. You can also pay now via a different method.
516.32,Netbanking,Yes Bank,bank_timeout,20,1,233,0,0,0,1,0.68764,RETRY_NOW,353.04,Bank Timeout is usually transient — high chance of success on immediate retry.,,We'll automatically retry your payment shortly — no action needed.
218.66,UPI,HDFC,otp_failure,16,1,688,0,0,0,1,0.68729585,RETRY_NOW,148.28,Otp Failure is usually transient — high chance of success on immediate retry.,,We'll automatically retry your payment shortly — no action needed.
147.56,UPI,IDFC,otp_failure,3,1,27,1,0,0,1,0.68680096,RETRY_NOW,99.34,Otp Failure is usually transient — high chance of success on immediate retry.,,We'll automatically retry your payment shortly — no action needed.
767.52,Credit Card,HDFC,bank_timeout,19,3,730,0,0,1,1,0.6867768,RETRY_NOW,525.11,Bank Timeout is usually transient — high chance of success on immediate retry.,,We'll automatically retry your payment shortly — no action needed.
1623.65,Wallet,SBI,bank_timeout,3,0,808,1,0,0,1,0.6867285,RETRY_NOW,1113.01,Bank Timeout is usually transient — high chance of success on immediate retry.,,We'll automatically retry your payment shortly — no action needed.
6037.75,UPI,HDFC,insufficient_funds,26,1,469,0,0,0,0,0.6859521,RETRY_SCHEDULED,4139.61,Insufficient Funds recovers best after a 4-day delay (e.g. next salary credit).,Sep 02,We'll retry your payment on Sep 02. You can also pay now via a different method.
334.88,UPI,IDFC,insufficient_funds,2,1,203,1,0,0,0,0.6849374,RETRY_SCHEDULED,227.37,Insufficient Funds recovers best after a 4-day delay (e.g. next salary credit).,Sep 02,We'll retry your payment on Sep 02. You can also pay now via a different method.
176.39,Wallet,Yes Bank,otp_failure,8,0,734,0,0,0,0,0.68492246,RETRY_NOW,118.81,Otp Failure is usually transient — high chance of success on immediate retry.,,We'll automatically retry your payment shortly — no action needed.
263.58,Netbanking,ICICI,otp_failure,6,2,487,0,0,0,1,0.6846363,RETRY_NOW,178.46,Otp Failure is usually transient — high chance of success on immediate retry.,,We'll automatically retry your payment shortly — no action needed.
214.83,Wallet,PNB,otp_failure,20,1,779,0,0,0,1,0.6844047,RETRY_NOW,145.03,Otp Failure is usually transient — high chance of success on immediate retry.,,We'll automatically retry your payment shortly — no action needed.
266.23,UPI,Axis,otp_failure,8,0,800,0,0,0,1,0.68399966,RETRY_NOW,180.1,Otp Failure is usually transient — high chance of success on immediate retry.,,We'll automatically retry your payment shortly — no action needed.
124.06,Netbanking,IDFC,insufficient_funds,8,0,395,0,0,0,0,0.6838728,RETRY_SCHEDULED,82.84,Insufficient Funds recovers best after a 4-day delay (e.g. next salary credit).,Sep 02,We'll retry your payment on Sep 02. You can also pay now via a different method.
698.19,Wallet,Axis,otp_failure,29,2,684,1,0,0,1,0.6837022,RETRY_NOW,475.35,Otp Failure is usually transient — high chance of success on immediate retry.,,We'll automatically retry your payment shortly — no action needed.
1866.35,UPI,Kotak,otp_failure,23,1,635,0,0,0,1,0.6831313,RETRY_NOW,1272.96,Otp Failure is usually transient — high chance of success on immediate retry.,,We'll automatically retry your payment shortly — no action needed.
292.4,Debit Card,SBI,otp_failure,5,0,314,1,0,0,0,0.6817945,RETRY_NOW,197.36,Otp Failure is usually transient — high chance of success on immediate retry.,,We'll automatically retry your payment shortly — no action needed.
2095.2,Debit Card,Axis,bank_timeout,3,0,344,1,0,0,1,0.68158716,RETRY_NOW,1426.06,Bank Timeout is usually transient — high chance of success on immediate retry.,,We'll automatically retry your payment shortly — no action needed.
479.78,Credit Card,SBI,bank_timeout,1,1,741,1,0,0,1,0.6814159,RETRY_NOW,324.93,Bank Timeout is usually transient — high chance of success on immediate retry.,,We'll automatically retry your payment shortly — no action needed.
202.77,Credit Card,HDFC,otp_failure,22,2,537,0,0,0,1,0.68029374,RETRY_NOW,135.94,Otp Failure is usually transient — high chance of success on immediate retry.,,We'll automatically retry your payment shortly — no action needed.
631.14,Debit Card,Kotak,bank_timeout,9,3,381,0,0,1,1,0.6800075,RETRY_NOW,427.18,Bank Timeout is usually transient — high chance of success on immediate retry.,,We'll automatically retry your payment shortly — no action needed.
4251.33,Credit Card,ICICI,otp_failure,1,2,676,1,0,0,1,0.6798837,RETRY_NOW,2888.41,Otp Failure is usually transient — high chance of success on immediate retry.,,We'll automatically retry your payment shortly — no action needed.
601.69,Wallet,PNB,otp_failure,14,1,800,0,0,0,0,0.6796149,RETRY_NOW,406.92,Otp Failure is usually transient — high chance of success on immediate retry.,,We'll automatically retry your payment shortly — no action needed.
740.78,UPI,Kotak,otp_failure,13,1,586,0,0,0,1,0.67956674,RETRY_NOW,501.41,Otp Failure is usually transient — high chance of success on immediate retry.,,We'll automatically retry your payment shortly — no action needed.
338.19,Wallet,IDFC,insufficient_funds,3,1,530,1,0,0,1,0.67942476,RETRY_SCHEDULED,227.77,Insufficient Funds recovers best after a 4-day delay (e.g. next salary credit).,Sep 02,We'll retry your payment on Sep 02. You can also pay now via a different method.
774.77,Wallet,Kotak,insufficient_funds,4,1,510,1,0,0,0,0.67931163,RETRY_SCHEDULED,524.31,Insufficient Funds recovers best after a 4-day delay (e.g. next salary credit).,Sep 02,We'll retry your payment on Sep 02. You can also pay now via a different method.
599.74,Credit Card,Axis,bank_timeout,18,0,117,0,0,0,0,0.6788806,RETRY_NOW,405.15,Bank Timeout is usually transient — high chance of success on immediate retry.,,We'll automatically retry your payment shortly — no action needed.
1815.09,UPI,ICICI,bank_timeout,6,3,886,0,0,1,1,0.6784399,RETRY_NOW,1229.43,Bank Timeout is usually transient — high chance of success on immediate retry.,,We'll automatically retry your payment shortly — no action needed.
758.65,Wallet,HDFC,otp_failure,16,1,627,0,0,0,1,0.67835015,RETRY_NOW,512.63,Otp Failure is usually transient — high chance of success on immediate retry.,,We'll automatically retry your payment shortly — no action needed.
419.96,Wallet,SBI,insufficient_funds,1,1,741,1,0,0,1,0.67751193,RETRY_SCHEDULED,282.53,Insufficient Funds recovers best after a 4-day delay (e.g. next salary credit).,Sep 02,We'll retry your payment on Sep 02. You can also pay now via a different method.
667.18,Debit Card,Kotak,otp_failure,22,2,739,0,0,0,1,0.67655283,RETRY_NOW,449.38,Otp Failure is usually transient — high chance of success on immediate retry.,,We'll automatically retry your payment shortly — no action needed.
403.88,UPI,Kotak,bank_timeout,1,2,164,1,0,0,1,0.67629427,RETRY_NOW,271.14,Bank Timeout is usually transient — high chance of success on immediate retry.,,We'll automatically retry your payment shortly — no action needed.
388.86,Wallet,ICICI,otp_failure,24,2,366,0,0,0,0,0.6761808,RETRY_NOW,260.94,Otp Failure is usually transient — high chance of success on immediate retry.,,We'll automatically retry your payment shortly — no action needed.
338.2,Debit Card,Yes Bank,bank_timeout,5,0,255,1,0,0,0,0.67578125,RETRY_NOW,226.55,Bank Timeout is usually transient — high chance of success on immediate retry.,,We'll automatically retry your payment shortly — no action needed.
547.89,Wallet,Axis,bank_timeout,8,3,662,0,0,1,1,0.67556286,RETRY_NOW,368.13,Bank Timeout is usually transient — high chance of success on immediate retry.,,We'll automatically retry your payment shortly — no action needed.
950.67,Netbanking,Axis,insufficient_funds,3,0,590,1,0,0,1,0.6753393,RETRY_SCHEDULED,640.02,Insufficient Funds recovers best after a 4-day delay (e.g. next salary credit).,Sep 02,We'll retry your payment on Sep 02. You can also pay now via a different method.
856.08,Credit Card,PNB,otp_failure,20,0,666,0,0,0,0,0.67459387,RETRY_NOW,575.51,Otp Failure is usually transient — high chance of success on immediate retry.,,We'll automatically retry your payment shortly — no action needed.
2026.98,UPI,IDFC,otp_failure,13,0,676,0,0,0,1,0.6742379,RETRY_NOW,1364.67,Otp Failure is usually transient — high chance of success on immediate retry.,,We'll automatically retry your payment shortly — no action needed.
2312.46,Wallet,Kotak,bank_timeout,20,2,844,0,0,0,1,0.6739557,RETRY_NOW,1556.5,Bank Timeout is usually transient — high chance of success on immediate retry.,,We'll automatically retry your payment shortly — no action needed.
757.31,Netbanking,ICICI,otp_failure,25,1,731,0,0,0,1,0.6737961,RETRY_NOW,508.27,Otp Failure is usually transient — high chance of success on immediate retry.,,We'll automatically retry your payment shortly — no action needed.
126.47,Credit Card,Yes Bank,otp_failure,9,1,882,0,0,0,1,0.6734833,RETRY_NOW,83.18,Otp Failure is usually transient — high chance of success on immediate retry.,,We'll automatically retry your payment shortly — no action needed.
988.71,UPI,ICICI,insufficient_funds,1,1,471,1,0,0,1,0.673185,RETRY_SCHEDULED,663.58,Insufficient Funds recovers best after a 4-day delay (e.g. next salary credit).,Sep 02,We'll retry your payment on Sep 02. You can also pay now via a different method.
420.26,Netbanking,SBI,otp_failure,17,2,620,0,0,0,0,0.6731539,RETRY_NOW,280.9,Otp Failure is usually transient — high chance of success on immediate retry.,,We'll automatically retry your payment shortly — no action needed.
468.38,Credit Card,Yes Bank,insufficient_funds,5,2,484,1,0,0,1,0.6725174,RETRY_SCHEDULED,312.99,Insufficient Funds recovers best after a 4-day delay (e.g. next salary credit).,Sep 02,We'll retry your payment on Sep 02. You can also pay now via a different method.
170.68,Wallet,ICICI,bank_timeout,5,3,178,1,0,1,0,0.6723736,RETRY_NOW,112.76,Bank Timeout is usually transient — high chance of success on immediate retry.,,We'll automatically retry your payment shortly — no action needed.
205.89,Netbanking,Kotak,otp_failure,11,2,684,0,0,0,1,0.6721739,RETRY_NOW,136.39,Otp Failure is usually transient — high chance of success on immediate retry.,,We'll automatically retry your payment shortly — no action needed.
162.24,UPI,Kotak,bank_timeout,7,3,572,0,0,1,1,0.6719282,RETRY_NOW,107.01,Bank Timeout is usually transient — high chance of success on immediate retry.,,We'll automatically retry your payment shortly — no action needed.
248.97,Wallet,IDFC,bank_timeout,25,0,734,0,0,0,0,0.671669,RETRY_NOW,165.23,Bank Timeout is usually transient — high chance of success on immediate retry.,,We'll automatically retry your payment shortly — no action needed.
455.44,Wallet,Yes Bank,otp_failure,9,2,570,0,0,0,1,0.67128545,RETRY_NOW,303.73,Otp Failure is usually transient — high chance of success on immediate retry.,,We'll automatically retry your payment shortly — no action needed.
3734.27,Debit Card,Axis,bank_timeout,31,0,259,1,0,0,1,0.6711409,RETRY_NOW,2504.22,Bank Timeout is usually transient — high chance of success on immediate retry.,,We'll automatically retry your payment shortly — no action needed.
115.94,Netbanking,Kotak,otp_failure,24,0,566,0,0,0,1,0.67083454,RETRY_NOW,75.78,Otp Failure is usually transient — high chance of success on immediate retry.,,We'll automatically retry your payment shortly — no action needed.
339.78,UPI,Yes Bank,insufficient_funds,2,0,808,1,0,0,0,0.67082196,RETRY_SCHEDULED,225.93,Insufficient Funds recovers best after a 4-day delay (e.g. next salary credit).,Sep 02,We'll retry your payment on Sep 02. You can also pay now via a different method.
106.26,Debit Card,Yes Bank,bank_timeout,15,2,461,0,0,0,1,0.6707869,RETRY_NOW,69.28,Bank Timeout is usually transient — high chance of success on immediate retry.,,We'll automatically retry your payment shortly — no action needed.
2555.44,Netbanking,ICICI,bank_timeout,1,2,440,1,0,0,1,0.6696699,RETRY_NOW,1709.3,Bank Timeout is usually transient — high chance of success on immediate retry.,,We'll automatically retry your payment shortly — no action needed.
1816.98,Credit Card,SBI,bank_timeout,26,0,412,0,0,0,1,0.6691888,RETRY_NOW,1213.9,Bank Timeout is usually transient — high chance of success on immediate retry.,,We'll automatically retry your payment shortly — no action needed.
213.48,Wallet,ICICI,otp_failure,15,1,523,0,0,0,1,0.6687933,RETRY_NOW,140.77,Otp Failure is usually transient — high chance of success on immediate retry.,,We'll automatically retry your payment shortly — no action needed.
947.7,Wallet,Axis,insufficient_funds,2,0,458,1,0,0,0,0.66845864,RETRY_SCHEDULED,631.5,Insufficient Funds recovers best after a 4-day delay (e.g. next salary credit).,Sep 02,We'll retry your payment on Sep 02. You can also pay now via a different method.
850.13,Credit Card,SBI,otp_failure,8,1,878,0,0,0,1,0.66760033,RETRY_NOW,565.55,Otp Failure is usually transient — high chance of success on immediate retry.,,We'll automatically retry your payment shortly — no action needed.
729.59,Netbanking,IDFC,otp_failure,15,1,288,0,0,0,0,0.6674776,RETRY_NOW,484.98,Otp Failure is usually transient — high chance of success on immediate retry.,,We'll automatically retry your payment shortly — no action needed.
806.34,Netbanking,Kotak,otp_failure,5,2,391,1,0,0,0,0.666898,RETRY_NOW,535.75,Otp Failure is usually transient — high chance of success on immediate retry.,,We'll automatically retry your payment shortly — no action needed.
639.86,UPI,IDFC,bank_timeout,3,1,861,1,0,0,1,0.6664689,RETRY_NOW,424.45,Bank Timeout is usually transient — high chance of success on immediate retry.,,We'll automatically retry your payment shortly — no action needed.
322.16,Debit Card,HDFC,insufficient_funds,3,1,212,1,0,0,0,0.66596127,RETRY_SCHEDULED,212.55,Insufficient Funds recovers best after a 4-day delay (e.g. next salary credit).,Sep 02,We'll retry your payment on Sep 02. You can also pay now via a different method.
494.52,Credit Card,Kotak,otp_failure,27,1,735,0,0,0,1,0.66511905,RETRY_NOW,326.91,Otp Failure is usually transient — high chance of success on immediate retry.,,We'll automatically retry your payment shortly — no action needed.
364.32,Netbanking,PNB,otp_failure,10,2,419,0,0,0,1,0.664475,RETRY_NOW,240.08,Otp Failure is usually transient — high chance of success on immediate retry.,,We'll automatically retry your payment shortly — no action needed.
1510.28,Debit Card,HDFC,insufficient_funds,2,1,277,1,0,0,1,0.66390795,RETRY_SCHEDULED,1000.69,Insufficient Funds recovers best after a 4-day delay (e.g. next salary credit).,Sep 02,We'll retry your payment on Sep 02. You can also pay now via a different method.
4442.97,Wallet,Yes Bank,bank_timeout,18,0,866,0,0,0,1,0.6637265,RETRY_NOW,2946.92,Bank Timeout is usually transient — high chance of success on immediate retry.,,We'll automatically retry your payment shortly — no action needed.
1156.72,Netbanking,Kotak,insufficient_funds,1,0,60,1,0,0,1,0.6630483,RETRY_SCHEDULED,764.96,Insufficient Funds recovers best after a 4-day delay (e.g. next salary credit).,Sep 02,We'll retry your payment on Sep 02. You can also pay now via a different method.
354.56,Wallet,PNB,otp_failure,2,2,570,1,0,0,1,0.6624185,RETRY_NOW,232.87,Otp Failure is usually transient — high chance of success on immediate retry.,,We'll automatically retry your payment shortly — no action needed.
242.51,Wallet,Axis,insufficient_funds,2,1,356,1,0,0,0,0.6623688,RETRY_SCHEDULED,158.63,Insufficient Funds recovers best after a 4-day delay (e.g. next salary credit).,Sep 02,We'll retry your payment on Sep 02. You can also pay now via a different method.
97.07,Credit Card,Axis,insufficient_funds,29,2,216,1,0,0,1,0.6623495,RETRY_SCHEDULED,62.29,Insufficient Funds recovers best after a 4-day delay (e.g. next salary credit).,Sep 02,We'll retry your payment on Sep 02. You can also pay now via a different method.
384.27,UPI,PNB,otp_failure,12,0,800,0,0,0,1,0.66203254,RETRY_NOW,252.4,Otp Failure is usually transient — high chance of success on immediate retry.,,We'll automatically retry your payment shortly — no action needed.
2277.8,UPI,HDFC,otp_failure,20,1,637,0,0,0,0,0.66159713,RETRY_NOW,1504.99,Otp Failure is usually transient — high chance of success on immediate retry.,,We'll automatically retry your payment shortly — no action needed.
1553.4,Debit Card,IDFC,insufficient_funds,4,0,418,1,0,0,1,0.6615828,RETRY_SCHEDULED,1025.7,Insufficient Funds recovers best after a 4-day delay (e.g. next salary credit).,Sep 02,We'll retry your payment on Sep 02. You can also pay now via a different method.
269.15,Credit Card,SBI,bank_timeout,11,4,525,0,0,1,1,0.66089195,RETRY_NOW,175.88,Bank Timeout is usually transient — high chance of success on immediate retry.,,We'll automatically retry your payment shortly — no action needed.
204.44,UPI,Yes Bank,bank_timeout,25,2,63,0,0,0,0,0.66081005,RETRY_NOW,133.1,Bank Timeout is usually transient — high chance of success on immediate retry.,,We'll automatically retry your payment shortly — no action needed.
1246.56,UPI,Axis,otp_failure,30,0,788,1,0,0,0,0.6604103,RETRY_NOW,821.24,Otp Failure is usually transient — high chance of success on immediate retry.,,We'll automatically retry your payment shortly — no action needed.
420.29,UPI,HDFC,otp_failure,9,2,811,0,0,0,1,0.6603975,RETRY_NOW,275.56,Otp Failure is usually transient — high chance of success on immediate retry.,,We'll automatically retry your payment shortly — no action needed.
596.07,UPI,Yes Bank,insufficient_funds,29,2,288,1,0,0,0,0.65999955,RETRY_SCHEDULED,391.41,Insufficient Funds recovers best after a 4-day delay (e.g. next salary credit).,Sep 02,We'll retry your payment on Sep 02. You can also pay now via a different method.
839.81,UPI,Kotak,otp_failure,11,1,286,0,0,0,1,0.65989894,RETRY_NOW,552.19,Otp Failure is usually transient — high chance of success on immediate retry.,,We'll automatically retry your payment shortly — no action needed.
2312.96,Debit Card,PNB,insufficient_funds,6,0,170,0,0,0,0,0.6591661,RETRY_SCHEDULED,1522.62,Insufficient Funds recovers best after a 4-day delay (e.g. next salary credit).,Sep 02,We'll retry your payment on Sep 02. You can also pay now via a different method.
373.52,Debit Card,PNB,otp_failure,27,1,529,0,0,0,1,0.6562826,RETRY_NOW,243.13,Otp Failure is usually transient — high chance of success on immediate retry.,,We'll automatically retry your payment shortly — no action needed.
984.47,UPI,IDFC,network_error,26,0,16,0,0,0,1,0.6562753,RETRY_NOW,644.08,Network Error is usually transient — high chance of success on immediate retry.,,We'll automatically retry your payment shortly — no action needed.
4632.35,Credit Card,Yes Bank,bank_timeout,2,1,719,1,0,0,1,0.6562026,RETRY_NOW,3037.76,Bank Timeout is usually transient — high chance of success on immediate retry.,,We'll automatically retry your payment shortly — no action needed.
171.91,Debit Card,ICICI,bank_timeout,12,0,18,0,0,0,1,0.65609455,RETRY_NOW,110.79,Bank Timeout is usually transient — high chance of success on immediate retry.,,We'll automatically retry your payment shortly — no action needed.
1008.36,Credit Card,HDFC,otp_failure,12,1,698,0,0,0,1,0.6550505,RETRY_NOW,658.53,Otp Failure is usually transient — high chance of success on immediate retry.,,We'll automatically retry your payment shortly — no action needed.
1099.89,Wallet,Axis,insufficient_funds,30,2,61,1,0,0,1,0.6548435,RETRY_SCHEDULED,718.26,Insufficient Funds recovers best after a 4-day delay (e.g. next salary credit).,Sep 02,We'll retry your payment on Sep 02. You can also pay now via a different method.
834.93,Credit Card,Kotak,otp_failure,15,2,663,0,0,0,0,0.654732,RETRY_NOW,544.66,Otp Failure is usually transient — high chance of success on immediate retry.,,We'll automatically retry your payment shortly — no action needed.
82.57,Credit Card,ICICI,insufficient_funds,24,2,368,0,0,0,1,0.653632,RETRY_SCHEDULED,51.97,Insufficient Funds recovers best after a 4-day delay (e.g. next salary credit).,Sep 02,We'll retry your payment on Sep 02. You can also pay now via a different method.
437.0,Debit Card,Axis,insufficient_funds,4,0,756,1,0,0,1,0.6535315,RETRY_SCHEDULED,283.59,Insufficient Funds recovers best after a 4-day delay (e.g. next salary credit).,Sep 02,We'll retry your payment on Sep 02. You can also pay now via a different method.
2509.91,Netbanking,Yes Bank,otp_failure,27,0,286,0,0,0,0,0.65326726,RETRY_NOW,1637.64,Otp Failure is usually transient — high chance of success on immediate retry.,,We'll automatically retry your payment shortly — no action needed.
188.58,Wallet,PNB,otp_failure,10,1,315,0,0,0,1,0.6521523,RETRY_NOW,120.98,Otp Failure is usually transient — high chance of success on immediate retry.,,We'll automatically retry your payment shortly — no action needed.
478.12,Debit Card,Axis,bank_timeout,14,1,306,0,0,0,1,0.6511839,RETRY_NOW,309.34,Bank Timeout is usually transient — high chance of success on immediate retry.,,We'll automatically retry your payment shortly — no action needed.
943.61,Wallet,IDFC,otp_failure,14,1,356,0,0,0,1,0.6509278,RETRY_NOW,612.22,Otp Failure is usually transient — high chance of success on immediate retry.,,We'll automatically retry your payment shortly — no action needed.
337.11,UPI,Axis,otp_failure,5,1,555,1,0,0,0,0.6506148,RETRY_NOW,217.33,Otp Failure is usually transient — high chance of success on immediate retry.,,We'll automatically retry your payment shortly — no action needed.
698.67,Debit Card,PNB,bank_timeout,31,4,560,1,0,1,1,0.65057945,RETRY_NOW,452.54,Bank Timeout is usually transient — high chance of success on immediate retry.,,We'll automatically retry your payment shortly — no action needed.
1179.19,Netbanking,IDFC,otp_failure,30,0,158,1,0,0,0,0.65046674,RETRY_NOW,765.02,Otp Failure is usually transient — high chance of success on immediate retry.,,We'll automatically retry your payment shortly — no action needed.
470.25,Netbanking,Kotak,bank_timeout,19,0,160,0,0,0,0,0.6503514,RETRY_NOW,303.83,Bank Timeout is usually transient — high chance of success on immediate retry.,,We'll automatically retry your payment shortly — no action needed.
279.61,Debit Card,HDFC,bank_timeout,17,3,375,0,0,1,1,0.6495821,RETRY_NOW,179.63,Bank Timeout is usually transient — high chance of success on immediate retry.,,We'll automatically retry your payment shortly — no action needed.
431.84,UPI,Yes Bank,otp_failure,17,1,872,0,0,0,0,0.64946914,RETRY_NOW,278.47,Otp Failure is usually transient — high chance of success on immediate retry.,,We'll automatically retry your payment shortly — no action needed.
1982.22,Wallet,ICICI,bank_timeout,29,2,687,1,0,0,0,0.64935,RETRY_NOW,1285.15,Bank Timeout is usually transient — high chance of success on immediate retry.,,We'll automatically retry your payment shortly — no action needed.
514.2,Netbanking,IDFC,otp_failure,10,0,689,0,0,0,0,0.64917153,RETRY_NOW,331.8,Otp Failure is usually transient — high chance of success on immediate retry.,,We'll automatically retry your payment shortly — no action needed.
916.19,Wallet,Axis,otp_failure,23,2,794,0,0,0,1,0.6490232,RETRY_NOW,592.63,Otp Failure is usually transient — high chance of success on immediate retry.,,We'll automatically retry your payment shortly — no action needed.
999.34,UPI,Kotak,otp_failure,8,0,565,0,0,0,1,0.64835125,RETRY_NOW,645.92,Otp Failure is usually transient — high chance of success on immediate retry.,,We'll automatically retry your payment shortly — no action needed.
1180.72,Netbanking,Kotak,otp_failure,16,2,828,0,0,0,1,0.647535,RETRY_NOW,762.56,Otp Failure is usually transient — high chance of success on immediate retry.,,We'll automatically retry your payment shortly — no action needed.
612.1,Credit Card,PNB,otp_failure,8,0,824,0,0,0,1,0.64614767,RETRY_NOW,393.51,Otp Failure is usually transient — high chance of success on immediate retry.,,We'll automatically retry your payment shortly — no action needed.
498.17,Wallet,ICICI,network_error,7,3,774,0,0,1,0,0.64558035,RETRY_NOW,319.61,Network Error is usually transient — high chance of success on immediate retry.,,We'll automatically retry your payment shortly — no action needed.
873.69,Netbanking,Axis,insufficient_funds,1,1,439,1,0,0,1,0.64548796,RETRY_SCHEDULED,561.96,Insufficient Funds recovers best after a 4-day delay (e.g. next salary credit).,Sep 02,We'll retry your payment on Sep 02. You can also pay now via a different method.
1012.01,UPI,IDFC,bank_timeout,24,4,752,0,0,1,1,0.6453057,RETRY_NOW,651.06,Bank Timeout is usually transient — high chance of success on immediate retry.,,We'll automatically retry your payment shortly — no action needed.
335.61,Wallet,Axis,otp_failure,17,1,749,0,0,0,1,0.6451427,RETRY_NOW,214.52,Otp Failure is usually transient — high chance of success on immediate retry.,,We'll automatically retry your payment shortly — no action needed.
351.47,Wallet,Axis,otp_failure,22,1,891,0,0,0,1,0.64497006,RETRY_NOW,224.69,Otp Failure is usually transient — high chance of success on immediate retry.,,We'll automatically retry your payment shortly — no action needed.
323.48,Credit Card,ICICI,bank_timeout,15,1,26,0,0,0,1,0.6447286,RETRY_NOW,206.56,Bank Timeout is usually transient — high chance of success on immediate retry.,,We'll automatically retry your payment shortly — no action needed.
615.11,UPI,SBI,otp_failure,13,1,516,0,0,0,1,0.64411503,RETRY_NOW,394.2,Otp Failure is usually transient — high chance of success on immediate retry.,,We'll automatically retry your payment shortly — no action needed.
409.92,Wallet,HDFC,otp_failure,12,0,568,0,0,0,1,0.6438648,RETRY_NOW,261.93,Otp Failure is usually transient — high chance of success on immediate retry.,,We'll automatically retry your payment shortly — no action needed.
1041.42,UPI,SBI,insufficient_funds,21,1,171,0,0,0,0,0.6432989,RETRY_SCHEDULED,667.94,Insufficient Funds recovers best after a 4-day delay (e.g. next salary credit).,Sep 02,We'll retry your payment on Sep 02. You can also pay now via a different method.
171.49,Wallet,Kotak,otp_failure,10,0,197,0,0,0,0,0.642073,RETRY_NOW,108.11,Otp Failure is usually transient — high chance of success on immediate retry.,,We'll automatically retry your payment shortly — no action needed.
346.73,Netbanking,HDFC,otp_failure,22,0,494,0,0,0,1,0.64137894,RETRY_NOW,220.39,Otp Failure is usually transient — high chance of success on immediate retry.,,We'll automatically retry your payment shortly — no action needed.
1637.55,UPI,Kotak,insufficient_funds,3,2,145,1,0,0,1,0.6413265,RETRY_SCHEDULED,1048.2,Insufficient Funds recovers best after a 4-day delay (e.g. next salary credit).,Sep 02,We'll retry your payment on Sep 02. You can also pay now via a different method.
1774.78,Wallet,PNB,otp_failure,26,1,881,0,0,0,0,0.6411979,RETRY_NOW,1135.99,Otp Failure is usually transient — high chance of success on immediate retry.,,We'll automatically retry your payment shortly — no action needed.
405.97,UPI,Axis,bank_timeout,1,0,230,1,0,0,1,0.64027905,RETRY_NOW,257.93,Bank Timeout is usually transient — high chance of success on immediate retry.,,We'll automatically retry your payment shortly — no action needed.
751.82,Credit Card,Kotak,insufficient_funds,3,1,231,1,0,0,1,0.63947743,RETRY_SCHEDULED,478.77,Insufficient Funds recovers best after a 4-day delay (e.g. next salary credit).,Sep 02,We'll retry your payment on Sep 02. You can also pay now via a different method.
1432.32,Credit Card,Axis,otp_failure,7,0,555,0,0,0,0,0.63848656,RETRY_NOW,912.52,Otp Failure is usually transient — high chance of success on immediate retry.,,We'll automatically retry your payment shortly — no action needed.
1505.46,Wallet,Axis,otp_failure,3,0,455,1,0,0,1,0.63825446,RETRY_NOW,958.87,Otp Failure is usually transient — high chance of success on immediate retry.,,We'll automatically retry your payment shortly — no action needed.
418.66,Wallet,IDFC,otp_failure,30,3,798,1,0,1,0,0.63743174,RETRY_NOW,264.87,Otp Failure is usually transient — high chance of success on immediate retry.,,We'll automatically retry your payment shortly — no action needed.
346.24,Netbanking,Yes Bank,otp_failure,10,2,583,0,0,0,1,0.63676316,RETRY_NOW,218.47,Otp Failure is usually transient — high chance of success on immediate retry.,,We'll automatically retry your payment shortly — no action needed.
58.65,Netbanking,ICICI,bank_timeout,20,1,648,0,0,0,1,0.6367295,RETRY_NOW,35.34,Bank Timeout is usually transient — high chance of success on immediate retry.,,We'll automatically retry your payment shortly — no action needed.
592.33,UPI,ICICI,otp_failure,5,1,593,1,0,0,1,0.6357542,RETRY_NOW,374.58,Otp Failure is usually transient — high chance of success on immediate retry.,,We'll automatically retry your payment shortly — no action needed.
3176.11,Wallet,Yes Bank,otp_failure,30,1,211,1,0,0,0,0.63545966,RETRY_NOW,2016.29,Otp Failure is usually transient — high chance of success on immediate retry.,,We'll automatically retry your payment shortly — no action needed.
1708.16,Netbanking,Axis,otp_failure,22,5,875,0,0,1,0,0.63497096,RETRY_NOW,1082.63,Otp Failure is usually transient — high chance of success on immediate retry.,,We'll automatically retry your payment shortly — no action needed.
614.74,Wallet,Axis,insufficient_funds,4,0,55,1,0,0,1,0.6348628,RETRY_SCHEDULED,388.28,Insufficient Funds recovers best after a 4-day delay (e.g. next salary credit).,Sep 02,We'll retry your payment on Sep 02. You can also pay now via a different method.
763.28,Wallet,IDFC,insufficient_funds,1,0,328,1,0,0,1,0.6338519,RETRY_SCHEDULED,481.81,Insufficient Funds recovers best after a 4-day delay (e.g. next salary credit).,Sep 02,We'll retry your payment on Sep 02. You can also pay now via a different method.
1656.73,Netbanking,HDFC,insufficient_funds,1,1,36,1,0,0,1,0.63324577,RETRY_SCHEDULED,1047.12,Insufficient Funds recovers best after a 4-day delay (e.g. next salary credit).,Sep 02,We'll retry your payment on Sep 02. You can also pay now via a different method.
1782.64,UPI,Axis,otp_failure,29,1,255,1,0,0,1,0.6326113,RETRY_NOW,1125.72,Otp Failure is usually transient — high chance of success on immediate retry.,,We'll automatically retry your payment shortly — no action needed.
603.96,Netbanking,Yes Bank,otp_failure,30,1,107,1,0,0,0,0.63233966,RETRY_NOW,379.91,Otp Failure is usually transient — high chance of success on immediate retry.,,We'll automatically retry your payment shortly — no action needed.
635.78,Credit Card,PNB,insufficient_funds,21,1,550,0,0,0,1,0.63207674,RETRY_SCHEDULED,399.86,Insufficient Funds recovers best after a 4-day delay (e.g. next salary credit).,Sep 02,We'll retry your payment on Sep 02. You can also pay now via a different method.
838.59,Wallet,ICICI,network_error,26,3,567,0,0,1,1,0.6319733,RETRY_NOW,527.97,Network Error is usually transient — high chance of success on immediate retry.,,We'll automatically retry your payment shortly — no action needed.
1152.41,Credit Card,IDFC,otp_failure,24,0,164,0,0,0,0,0.63088006,RETRY_NOW,725.03,Otp Failure is usually transient — high chance of success on immediate retry.,,We'll automatically retry your payment shortly — no action needed.
249.84,UPI,PNB,otp_failure,23,1,304,0,0,0,0,0.63084143,RETRY_NOW,155.61,Otp Failure is usually transient — high chance of success on immediate retry.,,We'll automatically retry your payment shortly — no action needed.
862.71,Netbanking,Axis,otp_failure,24,0,613,0,0,0,1,0.6300196,RETRY_NOW,541.52,Otp Failure is usually transient — high chance of success on immediate retry.,,We'll automatically retry your payment shortly — no action needed.
583.37,Netbanking,HDFC,otp_failure,25,1,516,0,0,0,1,0.62962896,RETRY_NOW,365.31,Otp Failure is usually transient — high chance of success on immediate retry.,,We'll automatically retry your payment shortly — no action needed.
1113.45,Credit Card,HDFC,otp_failure,9,2,568,0,0,0,1,0.6286297,RETRY_NOW,697.95,Otp Failure is usually transient — high chance of success on immediate retry.,,We'll automatically retry your payment shortly — no action needed.
533.23,Credit Card,HDFC,otp_failure,18,1,825,0,0,0,1,0.6272553,RETRY_NOW,332.47,Otp Failure is usually transient — high chance of success on immediate retry.,,We'll automatically retry your payment shortly — no action needed.
402.43,UPI,ICICI,otp_failure,19,2,804,0,0,0,1,0.6269786,RETRY_NOW,250.31,Otp Failure is usually transient — high chance of success on immediate retry.,,We'll automatically retry your payment shortly — no action needed.
1546.12,Netbanking,IDFC,otp_failure,29,1,379,1,0,0,1,0.62657577,RETRY_NOW,966.76,Otp Failure is usually transient — high chance of success on immediate retry.,,We'll automatically retry your payment shortly — no action needed.
2910.01,Netbanking,SBI,otp_failure,20,0,711,0,0,0,1,0.62582093,RETRY_NOW,1819.15,Otp Failure is usually transient — high chance of success on immediate retry.,,We'll automatically retry your payment shortly — no action needed.
581.92,Debit Card,PNB,otp_failure,4,1,691,1,0,0,1,0.62577444,RETRY_NOW,362.15,Otp Failure is usually transient — high chance of success on immediate retry.,,We'll automatically retry your payment shortly — no action needed.
697.14,Wallet,Yes Bank,otp_failure,20,0,370,0,0,0,1,0.62576634,RETRY_NOW,434.25,Otp Failure is usually transient — high chance of success on immediate retry.,,We'll automatically retry your payment shortly — no action needed.
2888.97,Wallet,Yes Bank,otp_failure,20,1,799,0,0,0,1,0.6256198,RETRY_NOW,1805.4,Otp Failure is usually transient — high chance of success on immediate retry.,,We'll automatically retry your payment shortly — no action needed.
848.56,Debit Card,HDFC,insufficient_funds,2,1,885,1,0,0,0,0.62466836,RETRY_SCHEDULED,528.07,Insufficient Funds recovers best after a 4-day delay (e.g. next salary credit).,Sep 02,We'll retry your payment on Sep 02. You can also pay now via a different method.
42.33,Credit Card,IDFC,insufficient_funds,6,1,359,0,0,0,0,0.6243033,RETRY_SCHEDULED,24.43,Insufficient Funds recovers best after a 4-day delay (e.g. next salary credit).,Sep 02,We'll retry your payment on Sep 02. You can also pay now via a different method.
2719.48,Netbanking,Axis,otp_failure,20,1,226,0,0,0,1,0.62388736,RETRY_NOW,1694.65,Otp Failure is usually transient — high chance of success on immediate retry.,,We'll automatically retry your payment shortly — no action needed.
899.59,Netbanking,PNB,otp_failure,7,2,399,0,0,0,0,0.62345177,RETRY_NOW,558.85,Otp Failure is usually transient — high chance of success on immediate retry.,,We'll automatically retry your payment shortly — no action needed.
2981.06,Netbanking,Kotak,otp_failure,11,0,495,0,0,0,1,0.62218964,RETRY_NOW,1852.78,Otp Failure is usually transient — high chance of success on immediate retry.,,We'll automatically retry your payment shortly — no action needed.
148.0,Wallet,IDFC,otp_failure,14,0,669,0,0,0,1,0.62167215,RETRY_NOW,90.01,Otp Failure is usually transient — high chance of success on immediate retry.,,We'll automatically retry your payment shortly — no action needed.
954.36,UPI,SBI,otp_failure,30,2,605,1,0,0,1,0.62137777,RETRY_NOW,591.02,Otp Failure is usually transient — high chance of success on immediate retry.,,We'll automatically retry your payment shortly — no action needed.
555.75,Debit Card,Kotak,otp_failure,1,1,641,1,0,0,1,0.6212467,RETRY_NOW,343.26,Otp Failure is usually transient — high chance of success on immediate retry.,,We'll automatically retry your payment shortly — no action needed.
931.94,Debit Card,HDFC,network_error,3,2,848,1,0,0,1,0.6211447,RETRY_NOW,576.87,Network Error is usually transient — high chance of success on immediate retry.,,We'll automatically retry your payment shortly — no action needed.
132.91,Netbanking,Axis,otp_failure,18,0,612,0,0,0,0,0.62114364,RETRY_NOW,80.56,Otp Failure is usually transient — high chance of success on immediate retry.,,We'll automatically retry your payment shortly — no action needed.
1004.3,Netbanking,HDFC,network_error,16,3,435,0,0,1,1,0.61924607,RETRY_NOW,619.91,Network Error is usually transient — high chance of success on immediate retry.,,We'll automatically retry your payment shortly — no action needed.
1133.88,Credit Card,Yes Bank,insufficient_funds,2,0,58,1,0,0,1,0.6186456,RETRY_SCHEDULED,699.47,Insufficient Funds recovers best after a 4-day delay (e.g. next salary credit).,Sep 02,We'll retry your payment on Sep 02. You can also pay now via a different method.
1285.65,Credit Card,SBI,otp_failure,17,0,213,0,0,0,1,0.6182343,RETRY_NOW,792.83,Otp Failure is usually transient — high chance of success on immediate retry.,,We'll automatically retry your payment shortly — no action needed.
2124.95,Wallet,PNB,otp_failure,17,0,251,0,0,0,1,0.6176332,RETRY_NOW,1310.44,Otp Failure is usually transient — high chance of success on immediate retry.,,We'll automatically retry your payment shortly — no action needed.
858.83,Debit Card,Kotak,otp_failure,23,0,701,0,0,0,0,0.6168941,RETRY_NOW,527.81,Otp Failure is usually transient — high chance of success on immediate retry.,,We'll automatically retry your payment shortly — no action needed.
407.12,Netbanking,IDFC,otp_failure,11,1,261,0,0,0,0,0.6164033,RETRY_NOW,248.95,Otp Failure is usually transient — high chance of success on immediate retry.,,We'll automatically retry your payment shortly — no action needed.
694.58,Wallet,PNB,insufficient_funds,10,0,57,0,0,0,1,0.61593413,RETRY_SCHEDULED,425.82,Insufficient Funds recovers best after a 4-day delay (e.g. next salary credit).,Sep 02,We'll retry your payment on Sep 02. You can also pay now via a different method.
325.49,Credit Card,Yes Bank,insufficient_funds,21,0,530,0,0,0,0,0.61464745,RETRY_SCHEDULED,198.06,Insufficient Funds recovers best after a 4-day delay (e.g. next salary credit).,Sep 02,We'll retry your payment on Sep 02. You can also pay now via a different method.
617.33,Netbanking,HDFC,insufficient_funds,6,0,815,0,0,0,1,0.61205715,RETRY_SCHEDULED,375.84,Insufficient Funds recovers best after a 4-day delay (e.g. next salary credit).,Sep 02,We'll retry your payment on Sep 02. You can also pay now via a different method.
455.46,Credit Card,HDFC,bank_timeout,12,3,473,0,0,1,1,0.61172265,RETRY_NOW,276.62,Bank Timeout is usually transient — high chance of success on immediate retry.,,We'll automatically retry your payment shortly — no action needed.
206.64,Wallet,SBI,otp_failure,11,1,315,0,0,0,1,0.6111611,RETRY_NOW,124.29,Otp Failure is usually transient — high chance of success on immediate retry.,,We'll automatically retry your payment shortly — no action needed.
328.23,Debit Card,IDFC,otp_failure,23,0,131,0,0,0,0,0.61113197,RETRY_NOW,198.59,Otp Failure is usually transient — high chance of success on immediate retry.,,We'll automatically retry your payment shortly — no action needed.
691.79,Debit Card,Yes Bank,otp_failure,30,1,287,1,0,0,1,0.61079943,RETRY_NOW,420.54,Otp Failure is usually transient — high chance of success on immediate retry.,,We'll automatically retry your payment shortly — no action needed.
1631.94,UPI,ICICI,otp_failure,10,0,875,0,0,0,1,0.61034197,RETRY_NOW,994.04,Otp Failure is usually transient — high chance of success on immediate retry.,,We'll automatically retry your payment shortly — no action needed.
2600.86,Netbanking,ICICI,otp_failure,22,0,106,0,0,0,1,0.6103308,RETRY_NOW,1585.38,Otp Failure is usually transient — high chance of success on immediate retry.,,We'll automatically retry your payment shortly — no action needed.
420.08,Credit Card,HDFC,otp_failure,18,1,200,0,0,0,0,0.6101904,RETRY_NOW,254.33,Otp Failure is usually transient — high chance of success on immediate retry.,,We'll automatically retry your payment shortly — no action needed.
293.38,Debit Card,Kotak,insufficient_funds,30,3,61,1,0,1,0,0.6101445,RETRY_SCHEDULED,177.0,Insufficient Funds recovers best after a 4-day delay (e.g. next salary credit).,Sep 02,We'll retry your payment on Sep 02. You can also pay now via a different method.
2397.01,Debit Card,HDFC,otp_failure,13,2,866,0,0,0,1,0.609914,RETRY_NOW,1459.97,Otp Failure is usually transient — high chance of success on immediate retry.,,We'll automatically retry your payment shortly — no action needed.
1058.91,Wallet,Axis,bank_timeout,8,3,52,0,0,1,1,0.609762,RETRY_NOW,643.68,Bank Timeout is usually transient — high chance of success on immediate retry.,,We'll automatically retry your payment shortly — no action needed.
552.2,Credit Card,ICICI,insufficient_funds,2,3,549,1,0,1,0,0.6085613,RETRY_SCHEDULED,334.05,Insufficient Funds recovers best after a 4-day delay (e.g. next salary credit).,Sep 02,We'll retry your payment on Sep 02. You can also pay now via a different method.
574.0,Debit Card,Axis,otp_failure,11,0,400,0,0,0,0,0.608508,RETRY_NOW,347.28,Otp Failure is usually transient — high chance of success on immediate retry.,,We'll automatically retry your payment shortly — no action needed.
313.28,Debit Card,HDFC,bank_timeout,4,1,218,1,0,0,0,0.6072946,RETRY_NOW,188.25,Bank Timeout is usually transient — high chance of success on immediate retry.,,We'll automatically retry your payment shortly — no action needed.
64.46,Netbanking,Yes Bank,insufficient_funds,5,2,560,1,0,0,1,0.6071687,RETRY_SCHEDULED,37.14,Insufficient Funds recovers best after a 4-day delay (e.g. next salary credit).,Sep 02,We'll retry your payment on Sep 02. You can also pay now via a different method.
895.29,UPI,ICICI,otp_failure,1,2,151,1,0,0,1,0.6068135,RETRY_NOW,541.27,Otp Failure is usually transient — high chance of success on immediate retry.,,We'll automatically retry your payment shortly — no action needed.
3249.58,Debit Card,PNB,otp_failure,9,2,590,0,0,0,0,0.60583097,RETRY_NOW,1966.7,Otp Failure is usually transient — high chance of success on immediate retry.,,We'll automatically retry your payment shortly — no action needed.
896.66,Netbanking,IDFC,otp_failure,10,1,453,0,0,0,1,0.6048801,RETRY_NOW,540.37,Otp Failure is usually transient — high chance of success on immediate retry.,,We'll automatically retry your payment shortly — no action needed.
2153.87,Netbanking,Yes Bank,bank_timeout,5,3,488,1,0,1,0,0.6044503,RETRY_NOW,1299.91,Bank Timeout is usually transient — high chance of success on immediate retry.,,We'll automatically retry your payment shortly — no action needed.
946.55,Wallet,SBI,otp_failure,15,0,424,0,0,0,1,0.60416114,RETRY_NOW,569.87,Otp Failure is usually transient — high chance of success on immediate retry.,,We'll automatically retry your payment shortly — no action needed.
3370.7,Wallet,IDFC,bank_timeout,13,4,388,0,0,1,1,0.6020724,RETRY_NOW,2027.41,Bank Timeout is usually transient — high chance of success on immediate retry.,,We'll automatically retry your payment shortly — no action needed.
271.95,Credit Card,PNB,otp_failure,19,2,161,0,0,0,0,0.6016451,RETRY_NOW,161.62,Otp Failure is usually transient — high chance of success on immediate retry.,,We'll automatically retry your payment shortly — no action needed.
2613.64,Credit Card,ICICI,otp_failure,30,1,94,1,0,0,0,0.6006614,RETRY_NOW,1567.91,Otp Failure is usually transient — high chance of success on immediate retry.,,We'll automatically retry your payment shortly — no action needed.
292.41,Netbanking,IDFC,insufficient_funds,8,0,557,0,0,0,1,0.6003107,RETRY_SCHEDULED,173.54,Insufficient Funds recovers best after a 4-day delay (e.g. next salary credit).,Sep 02,We'll retry your payment on Sep 02. You can also pay now via a different method.
289.98,UPI,ICICI,otp_failure,12,0,292,0,0,0,0,0.5997878,RETRY_NOW,171.93,Otp Failure is usually transient — high chance of success on immediate retry.,,We'll automatically retry your payment shortly — no action needed.
460.52,Wallet,HDFC,insufficient_funds,31,3,602,1,0,1,1,0.5992849,RETRY_SCHEDULED,273.98,Insufficient Funds recovers best after a 4-day delay (e.g. next salary credit).,Sep 02,We'll retry your payment on Sep 02. You can also pay now via a different method.
495.94,Netbanking,Yes Bank,bank_timeout,4,2,136,1,0,0,0,0.5977959,RETRY_NOW,294.47,Bank Timeout is usually transient — high chance of success on immediate retry.,,We'll automatically retry your payment shortly — no action needed.
744.5,Credit Card,Yes Bank,insufficient_funds,23,1,849,0,0,0,0,0.59769315,RETRY_SCHEDULED,442.98,Insufficient Funds recovers best after a 4-day delay (e.g. next salary credit).,Sep 02,We'll retry your payment on Sep 02. You can also pay now via a different method.
913.62,Netbanking,Axis,otp_failure,20,0,579,0,0,0,0,0.59657866,RETRY_NOW,543.05,Otp Failure is usually transient — high chance of success on immediate retry.,,We'll automatically retry your payment shortly — no action needed.
819.19,Wallet,SBI,insufficient_funds,1,3,458,1,0,1,0,0.59527445,RETRY_SCHEDULED,485.64,Insufficient Funds recovers best after a 4-day delay (e.g. next salary credit).,Sep 02,We'll retry your payment on Sep 02. You can also pay now via a different method.
257.59,Netbanking,Axis,otp_failure,18,1,241,0,0,0,1,0.5951687,RETRY_NOW,151.31,Otp Failure is usually transient — high chance of success on immediate retry.,,We'll automatically retry your payment shortly — no action needed.
788.2,Netbanking,IDFC,otp_failure,18,0,277,0,0,0,1,0.5946587,RETRY_NOW,466.71,Otp Failure is usually transient — high chance of success on immediate retry.,,We'll automatically retry your payment shortly — no action needed.
317.94,Netbanking,PNB,insufficient_funds,2,3,715,1,0,1,1,0.59361935,RETRY_SCHEDULED,186.74,Insufficient Funds recovers best after a 4-day delay (e.g. next salary credit).,Sep 02,We'll retry your payment on Sep 02. You can also pay now via a different method.
361.31,Credit Card,ICICI,otp_failure,18,2,259,0,0,0,0,0.5936014,RETRY_NOW,212.47,Otp Failure is usually transient — high chance of success on immediate retry.,,We'll automatically retry your payment shortly — no action needed.
1253.42,UPI,Axis,otp_failure,27,2,201,0,0,0,0,0.5933559,RETRY_NOW,741.72,Otp Failure is usually transient — high chance of success on immediate retry.,,We'll automatically retry your payment shortly — no action needed.
132.42,UPI,IDFC,insufficient_funds,18,1,368,0,0,0,0,0.5932656,RETRY_SCHEDULED,76.56,Insufficient Funds recovers best after a 4-day delay (e.g. next salary credit).,Sep 02,We'll retry your payment on Sep 02. You can also pay now via a different method.
5740.14,UPI,PNB,insufficient_funds,18,0,235,0,0,0,1,0.5924757,RETRY_SCHEDULED,3398.89,Insufficient Funds recovers best after a 4-day delay (e.g. next salary credit).,Sep 02,We'll retry your payment on Sep 02. You can also pay now via a different method.
4700.69,Netbanking,PNB,insufficient_funds,24,0,62,0,0,0,0,0.59183145,RETRY_SCHEDULED,2780.02,Insufficient Funds recovers best after a 4-day delay (e.g. next salary credit).,Sep 02,We'll retry your payment on Sep 02. You can also pay now via a different method.
276.19,Debit Card,Yes Bank,insufficient_funds,23,0,704,0,0,0,1,0.5917519,RETRY_SCHEDULED,161.44,Insufficient Funds recovers best after a 4-day delay (e.g. next salary credit).,Sep 02,We'll retry your payment on Sep 02. You can also pay now via a different method.
236.61,Netbanking,Axis,insufficient_funds,12,1,405,0,0,0,0,0.5912449,RETRY_SCHEDULED,137.89,Insufficient Funds recovers best after a 4-day delay (e.g. next salary credit).,Sep 02,We'll retry your payment on Sep 02. You can also pay now via a different method.
316.7,Netbanking,Yes Bank,otp_failure,5,1,645,1,0,0,0,0.59104717,RETRY_NOW,185.18,Otp Failure is usually transient — high chance of success on immediate retry.,,We'll automatically retry your payment shortly — no action needed.
979.45,Debit Card,HDFC,otp_failure,21,0,328,0,0,0,0,0.589337,RETRY_NOW,575.23,Otp Failure is usually transient — high chance of success on immediate retry.,,We'll automatically retry your payment shortly — no action needed.
1246.79,UPI,Axis,otp_failure,4,1,82,1,0,0,1,0.5881029,RETRY_NOW,731.24,Otp Failure is usually transient — high chance of success on immediate retry.,,We'll automatically retry your payment shortly — no action needed.
601.96,Wallet,Axis,otp_failure,27,1,32,0,0,0,1,0.5880212,RETRY_NOW,351.97,Otp Failure is usually transient — high chance of success on immediate retry.,,We'll automatically retry your payment shortly — no action needed.
291.57,Debit Card,IDFC,bank_timeout,3,3,299,1,0,1,0,0.58797175,RETRY_NOW,169.43,Bank Timeout is usually transient — high chance of success on immediate retry.,,We'll automatically retry your payment shortly — no action needed.
143.19,Wallet,Kotak,insufficient_funds,13,1,395,0,0,0,0,0.5876606,RETRY_SCHEDULED,82.15,Insufficient Funds recovers best after a 4-day delay (e.g. next salary credit).,Sep 02,We'll retry your payment on Sep 02. You can also pay now via a different method.
3519.55,Debit Card,IDFC,insufficient_funds,1,2,850,1,0,0,1,0.5871532,RETRY_SCHEDULED,2064.52,Insufficient Funds recovers best after a 4-day delay (e.g. next salary credit).,Sep 02,We'll retry your payment on Sep 02. You can also pay now via a different method.
1251.89,Credit Card,SBI,otp_failure,6,0,727,0,0,0,0,0.5866231,RETRY_NOW,732.39,Otp Failure is usually transient — high chance of success on immediate retry.,,We'll automatically retry your payment shortly — no action needed.
524.83,Netbanking,PNB,insufficient_funds,16,2,837,0,0,0,0,0.58641076,RETRY_SCHEDULED,305.77,Insufficient Funds recovers best after a 4-day delay (e.g. next salary credit).,Sep 02,We'll retry your payment on Sep 02. You can also pay now via a different method.
30.23,Debit Card,Yes Bank,bank_timeout,23,0,96,0,0,0,1,0.5855842,RETRY_NOW,15.7,Bank Timeout is usually transient — high chance of success on immediate retry.,,We'll automatically retry your payment shortly — no action needed.
348.68,UPI,SBI,otp_failure,18,2,281,0,0,0,1,0.5854267,RETRY_NOW,202.13,Otp Failure is usually transient — high chance of success on immediate retry.,,We'll automatically retry your payment shortly — no action needed.
3427.16,UPI,Yes Bank,otp_failure,28,0,83,1,0,0,1,0.5852646,RETRY_NOW,2003.8,Otp Failure is usually transient — high chance of success on immediate retry.,,We'll automatically retry your payment shortly — no action needed.
487.42,UPI,ICICI,network_error,23,3,284,0,0,1,1,0.5847981,RETRY_NOW,283.04,Network Error is usually transient — high chance of success on immediate retry.,,We'll automatically retry your payment shortly — no action needed.
477.43,Netbanking,Yes Bank,insufficient_funds,5,1,107,1,0,0,1,0.58452916,RETRY_SCHEDULED,277.07,Insufficient Funds recovers best after a 4-day delay (e.g. next salary credit).,Sep 02,We'll retry your payment on Sep 02. You can also pay now via a different method.
120.78,Debit Card,ICICI,insufficient_funds,24,0,477,0,0,0,0,0.5844795,RETRY_SCHEDULED,68.59,Insufficient Funds recovers best after a 4-day delay (e.g. next salary credit).,Sep 02,We'll retry your payment on Sep 02. You can also pay now via a different method.
448.99,UPI,Kotak,bank_timeout,25,1,24,0,0,0,0,0.5839318,RETRY_NOW,260.18,Bank Timeout is usually transient — high chance of success on immediate retry.,,We'll automatically retry your payment shortly — no action needed.
1251.78,Netbanking,Axis,insufficient_funds,8,1,784,0,0,0,1,0.58373976,RETRY_SCHEDULED,728.71,Insufficient Funds recovers best after a 4-day delay (e.g. next salary credit).,Sep 02,We'll retry your payment on Sep 02. You can also pay now via a different method.
209.88,UPI,HDFC,otp_failure,19,0,59,0,0,0,0,0.583651,RETRY_NOW,120.5,Otp Failure is usually transient — high chance of success on immediate retry.,,We'll automatically retry your payment shortly — no action needed.
594.14,UPI,HDFC,otp_failure,17,0,615,0,0,0,1,0.5831791,RETRY_NOW,344.49,Otp Failure is usually transient — high chance of success on immediate retry.,,We'll automatically retry your payment shortly — no action needed.
882.86,UPI,Axis,bank_timeout,23,3,482,0,0,1,1,0.5823794,RETRY_NOW,512.16,Bank Timeout is usually transient — high chance of success on immediate retry.,,We'll automatically retry your payment shortly — no action needed.
3014.07,Credit Card,PNB,insufficient_funds,22,0,813,0,0,0,1,0.5816009,RETRY_SCHEDULED,1750.99,Insufficient Funds recovers best after a 4-day delay (e.g. next salary credit).,Sep 02,We'll retry your payment on Sep 02. You can also pay now via a different method.
896.07,Netbanking,Kotak,otp_failure,1,2,25,1,0,0,0,0.5815312,RETRY_NOW,519.09,Otp Failure is usually transient — high chance of success on immediate retry.,,We'll automatically retry your payment shortly — no action needed.
100.69,Netbanking,Axis,insufficient_funds,28,1,132,1,0,0,1,0.5814901,RETRY_SCHEDULED,56.55,Insufficient Funds recovers best after a 4-day delay (e.g. next salary credit).,Sep 02,We'll retry your payment on Sep 02. You can also pay now via a different method.
762.1,Netbanking,Kotak,otp_failure,25,0,848,0,0,0,1,0.58116794,RETRY_NOW,440.91,Otp Failure is usually transient — high chance of success on immediate retry.,,We'll automatically retry your payment shortly — no action needed.
2166.35,UPI,IDFC,insufficient_funds,9,0,837,0,0,0,0,0.58088684,RETRY_SCHEDULED,1256.4,Insufficient Funds recovers best after a 4-day delay (e.g. next salary credit).,Sep 02,We'll retry your payment on Sep 02. You can also pay now via a different method.
1414.27,Debit Card,Yes Bank,otp_failure,14,1,684,0,0,0,1,0.58067566,RETRY_NOW,819.23,Otp Failure is usually transient — high chance of success on immediate retry.,,We'll automatically retry your payment shortly — no action needed.
661.69,Netbanking,PNB,bank_timeout,4,3,94,1,0,1,1,0.5803988,RETRY_NOW,382.04,Bank Timeout is usually transient — high chance of success on immediate retry.,,We'll automatically retry your payment shortly — no action needed.
596.64,Credit Card,SBI,bank_timeout,24,0,10,0,0,0,1,0.5801715,RETRY_NOW,344.15,Bank Timeout is usually transient — high chance of success on immediate retry.,,We'll automatically retry your payment shortly — no action needed.
2148.73,Wallet,HDFC,otp_failure,14,2,240,0,0,0,0,0.57934517,RETRY_NOW,1242.86,Otp Failure is usually transient — high chance of success on immediate retry.,,We'll automatically retry your payment shortly — no action needed.
757.29,Credit Card,Kotak,insufficient_funds,18,0,663,0,0,0,1,0.5793092,RETRY_SCHEDULED,436.71,Insufficient Funds recovers best after a 4-day delay (e.g. next salary credit).,Sep 02,We'll retry your payment on Sep 02. You can also pay now via a different method.
1074.74,Credit Card,HDFC,otp_failure,9,2,446,0,0,0,1,0.57806164,RETRY_NOW,619.27,Otp Failure is usually transient — high chance of success on immediate retry.,,We'll automatically retry your payment shortly — no action needed.
1736.85,Credit Card,Yes Bank,otp_failure,18,1,279,0,0,0,0,0.5772037,RETRY_NOW,1000.52,Otp Failure is usually transient — high chance of success on immediate retry.,,We'll automatically retry your payment shortly — no action needed.
1160.11,Debit Card,SBI,insufficient_funds,10,1,673,0,0,0,0,0.57637304,RETRY_SCHEDULED,666.66,Insufficient Funds recovers best after a 4-day delay (e.g. next salary credit).,Sep 02,We'll retry your payment on Sep 02. You can also pay now via a different method.
402.0,UPI,IDFC,otp_failure,25,0,644,0,0,0,1,0.57635576,RETRY_NOW,229.7,Otp Failure is usually transient — high chance of success on immediate retry.,,We'll automatically retry your payment shortly — no action needed.
623.42,Debit Card,Yes Bank,insufficient_funds,19,0,555,0,0,0,0,0.57613343,RETRY_SCHEDULED,357.17,Insufficient Funds recovers best after a 4-day delay (e.g. next salary credit).,Sep 02,We'll retry your payment on Sep 02. You can also pay now via a different method.
157.81,Debit Card,SBI,otp_failure,13,2,85,0,0,0,1,0.5755481,RETRY_NOW,88.83,Otp Failure is usually transient — high chance of success on immediate retry.,,We'll automatically retry your payment shortly — no action needed.
1373.56,Debit Card,HDFC,otp_failure,17,2,50,0,0,0,0,0.5746327,RETRY_NOW,787.29,Otp Failure is usually transient — high chance of success on immediate retry.,,We'll automatically retry your payment shortly — no action needed.
2204.07,Debit Card,SBI,otp_failure,25,2,803,0,0,0,0,0.5743313,RETRY_NOW,1263.87,Otp Failure is usually transient — high chance of success on immediate retry.,,We'll automatically retry your payment shortly — no action needed.
4038.44,Credit Card,IDFC,insufficient_funds,13,0,393,0,0,0,0,0.5743158,RETRY_SCHEDULED,2317.34,Insufficient Funds recovers best after a 4-day delay (e.g. next salary credit).,Sep 02,We'll retry your payment on Sep 02. You can also pay now via a different method.
1057.4,Credit Card,Yes Bank,insufficient_funds,8,0,429,0,0,0,1,0.57420075,RETRY_SCHEDULED,605.16,Insufficient Funds recovers best after a 4-day delay (e.g. next salary credit).,Sep 02,We'll retry your payment on Sep 02. You can also pay now via a different method.
2778.8,Debit Card,Axis,otp_failure,26,0,555,0,0,0,0,0.5740538,RETRY_NOW,1593.18,Otp Failure is usually transient — high chance of success on immediate retry.,,We'll automatically retry your payment shortly — no action needed.
1453.64,Netbanking,IDFC,network_error,7,4,112,0,0,1,1,0.5738979,RETRY_NOW,832.24,Network Error is usually transient — high chance of success on immediate retry.,,We'll automatically retry your payment shortly — no action needed.
516.01,Credit Card,Axis,insufficient_funds,4,1,28,1,0,0,1,0.57375675,RETRY_SCHEDULED,294.06,Insufficient Funds recovers best after a 4-day delay (e.g. next salary credit).,Sep 02,We'll retry your payment on Sep 02. You can also pay now via a different method.
849.64,Credit Card,IDFC,insufficient_funds,24,0,25,0,0,0,0,0.5736821,RETRY_SCHEDULED,485.42,Insufficient Funds recovers best after a 4-day delay (e.g. next salary credit).,Sep 02,We'll retry your payment on Sep 02. You can also pay now via a different method.
8652.14,Debit Card,Kotak,bank_timeout,17,0,372,0,0,0,1,0.57345,RETRY_NOW,4959.57,Bank Timeout is usually transient — high chance of success on immediate retry.,,We'll automatically retry your payment shortly — no action needed.
474.46,Wallet,HDFC,insufficient_funds,4,0,88,1,0,0,1,0.57305765,RETRY_SCHEDULED,269.89,Insufficient Funds recovers best after a 4-day delay (e.g. next salary credit).,Sep 02,We'll retry your payment on Sep 02. You can also pay now via a different method.
211.55,UPI,Axis,bank_timeout,26,2,137,0,0,0,1,0.5716039,RETRY_NOW,118.92,Bank Timeout is usually transient — high chance of success on immediate retry.,,We'll automatically retry your payment shortly — no action needed.
1077.3,UPI,Yes Bank,network_error,20,5,446,0,0,1,1,0.5715509,RETRY_NOW,613.73,Network Error is usually transient — high chance of success on immediate retry.,,We'll automatically retry your payment shortly — no action needed.
505.3,Debit Card,Axis,network_error,22,4,28,0,0,1,1,0.57117224,RETRY_NOW,286.61,Network Error is usually transient — high chance of success on immediate retry.,,We'll automatically retry your payment shortly — no action needed.
694.49,Debit Card,Yes Bank,insufficient_funds,6,0,269,0,0,0,0,0.57116354,RETRY_SCHEDULED,394.67,Insufficient Funds recovers best after a 4-day delay (e.g. next salary credit).,Sep 02,We'll retry your payment on Sep 02. You can also pay now via a different method.
768.52,UPI,Axis,otp_failure,20,0,680,0,0,0,0,0.5703571,RETRY_NOW,436.33,Otp Failure is usually transient — high chance of success on immediate retry.,,We'll automatically retry your payment shortly — no action needed.
320.25,Netbanking,HDFC,insufficient_funds,9,1,532,0,0,0,0,0.5692829,RETRY_SCHEDULED,180.31,Insufficient Funds recovers best after a 4-day delay (e.g. next salary credit).,Sep 02,We'll retry your payment on Sep 02. You can also pay now via a different method.
134.9,Wallet,Axis,bank_timeout,19,4,672,0,0,1,1,0.56874174,RETRY_NOW,74.72,Bank Timeout is usually transient — high chance of success on immediate retry.,,We'll automatically retry your payment shortly — no action needed.
641.71,UPI,Yes Bank,insufficient_funds,22,2,385,0,0,0,0,0.56812054,RETRY_SCHEDULED,362.57,Insufficient Funds recovers best after a 4-day delay (e.g. next salary credit).,Sep 02,We'll retry your payment on Sep 02. You can also pay now via a different method.
353.75,Credit Card,Axis,insufficient_funds,8,0,413,0,0,0,1,0.5679658,RETRY_SCHEDULED,198.92,Insufficient Funds recovers best after a 4-day delay (e.g. next salary credit).,Sep 02,We'll retry your payment on Sep 02. You can also pay now via a different method.
552.34,Debit Card,Kotak,otp_failure,18,1,180,0,0,0,0,0.56676507,RETRY_NOW,311.05,Otp Failure is usually transient — high chance of success on immediate retry.,,We'll automatically retry your payment shortly — no action needed.
1130.6,Credit Card,SBI,otp_failure,26,1,26,0,0,0,1,0.56663007,RETRY_NOW,638.63,Otp Failure is usually transient — high chance of success on immediate retry.,,We'll automatically retry your payment shortly — no action needed.
352.55,Credit Card,SBI,otp_failure,17,1,53,0,0,0,1,0.5656488,RETRY_NOW,197.42,Otp Failure is usually transient — high chance of success on immediate retry.,,We'll automatically retry your payment shortly — no action needed.
5446.07,Debit Card,IDFC,otp_failure,2,2,804,1,0,0,1,0.5648196,RETRY_NOW,3074.05,Otp Failure is usually transient — high chance of success on immediate retry.,,We'll automatically retry your payment shortly — no action needed.
1032.49,Credit Card,HDFC,otp_failure,21,1,79,0,0,0,1,0.56462485,RETRY_NOW,580.97,Otp Failure is usually transient — high chance of success on immediate retry.,,We'll automatically retry your payment shortly — no action needed.
4855.27,Debit Card,IDFC,insufficient_funds,10,0,374,0,0,0,0,0.5644174,RETRY_SCHEDULED,2738.4,Insufficient Funds recovers best after a 4-day delay (e.g. next salary credit).,Sep 02,We'll retry your payment on Sep 02. You can also pay now via a different method.
406.89,Netbanking,PNB,insufficient_funds,12,0,174,0,0,0,1,0.56403154,RETRY_SCHEDULED,227.5,Insufficient Funds recovers best after a 4-day delay (e.g. next salary credit).,Sep 02,We'll retry your payment on Sep 02. You can also pay now via a different method.
430.32,Wallet,PNB,insufficient_funds,21,0,674,0,0,0,1,0.5635704,RETRY_SCHEDULED,240.52,Insufficient Funds recovers best after a 4-day delay (e.g. next salary credit).,Sep 02,We'll retry your payment on Sep 02. You can also pay now via a different method.
497.16,Wallet,ICICI,bank_timeout,9,3,131,0,0,1,1,0.56341916,RETRY_NOW,278.11,Bank Timeout is usually transient — high chance of success on immediate retry.,,We'll automatically retry your payment shortly — no action needed.
1106.06,UPI,PNB,insufficient_funds,17,1,676,0,0,0,1,0.5632734,RETRY_SCHEDULED,621.01,Insufficient Funds recovers best after a 4-day delay (e.g. next salary credit).,Sep 02,We'll retry your payment on Sep 02. You can also pay now via a different method.
689.41,Netbanking,ICICI,insufficient_funds,20,1,568,0,0,0,1,0.5625465,RETRY_SCHEDULED,385.83,Insufficient Funds recovers best after a 4-day delay (e.g. next salary credit).,Sep 02,We'll retry your payment on Sep 02. You can also pay now via a different method.
1818.78,UPI,SBI,otp_failure,29,2,158,1,0,0,1,0.56222814,RETRY_NOW,1020.57,Otp Failure is usually transient — high chance of success on immediate retry.,,We'll automatically retry your payment shortly — no action needed.
854.82,UPI,PNB,insufficient_funds,24,1,561,0,0,0,1,0.5601658,RETRY_SCHEDULED,476.84,Insufficient Funds recovers best after a 4-day delay (e.g. next salary credit).,Sep 02,We'll retry your payment on Sep 02. You can also pay now via a different method.
310.16,Wallet,HDFC,otp_failure,7,1,167,0,0,0,1,0.55999494,RETRY_NOW,171.69,Otp Failure is usually transient — high chance of success on immediate retry.,,We'll automatically retry your payment shortly — no action needed.
125.02,Wallet,IDFC,insufficient_funds,10,2,594,0,0,0,1,0.5597611,RETRY_SCHEDULED,67.98,Insufficient Funds recovers best after a 4-day delay (e.g. next salary credit).,Sep 02,We'll retry your payment on Sep 02. You can also pay now via a different method.
3708.76,Netbanking,ICICI,otp_failure,10,0,146,0,0,0,1,0.5594165,RETRY_NOW,2072.74,Otp Failure is usually transient — high chance of success on immediate retry.,,We'll automatically retry your payment shortly — no action needed.
892.66,Netbanking,Yes Bank,insufficient_funds,19,0,675,0,0,0,0,0.5593172,RETRY_SCHEDULED,497.28,Insufficient Funds recovers best after a 4-day delay (e.g. next salary credit).,Sep 02,We'll retry your payment on Sep 02. You can also pay now via a different method.
270.24,UPI,HDFC,insufficient_funds,15,1,552,0,0,0,1,0.5589573,RETRY_SCHEDULED,149.05,Insufficient Funds recovers best after a 4-day delay (e.g. next salary credit).,Sep 02,We'll retry your payment on Sep 02. You can also pay now via a different method.
3291.69,Netbanking,PNB,bank_timeout,5,3,410,1,0,1,0,0.55851144,RETRY_NOW,1836.45,Bank Timeout is usually transient — high chance of success on immediate retry.,,We'll automatically retry your payment shortly — no action needed.
182.84,Wallet,SBI,insufficient_funds,9,1,757,0,0,0,1,0.55847603,RETRY_SCHEDULED,100.11,Insufficient Funds recovers best after a 4-day delay (e.g. next salary credit).,Sep 02,We'll retry your payment on Sep 02. You can also pay now via a different method.
312.27,Credit Card,ICICI,insufficient_funds,6,0,424,0,0,0,0,0.55802155,RETRY_SCHEDULED,172.25,Insufficient Funds recovers best after a 4-day delay (e.g. next salary credit).,Sep 02,We'll retry your payment on Sep 02. You can also pay now via a different method.
943.55,Credit Card,HDFC,insufficient_funds,22,1,56,0,0,0,1,0.5574715,RETRY_SCHEDULED,524.0,Insufficient Funds recovers best after a 4-day delay (e.g. next salary credit).,Sep 02,We'll retry your payment on Sep 02. You can also pay now via a different method.
1317.48,Wallet,ICICI,bank_timeout,21,4,94,0,0,1,0,0.55691767,RETRY_NOW,731.73,Bank Timeout is usually transient — high chance of success on immediate retry.,,We'll automatically retry your payment shortly — no action needed.
354.29,Netbanking,Kotak,insufficient_funds,16,0,880,0,0,0,0,0.5562359,RETRY_SCHEDULED,195.07,Insufficient Funds recovers best after a 4-day delay (e.g. next salary credit).,Sep 02,We'll retry your payment on Sep 02. You can also pay now via a different method.
58.61,Wallet,Yes Bank,insufficient_funds,1,0,713,1,0,0,1,0.555623,RETRY_SCHEDULED,30.57,Insufficient Funds recovers best after a 4-day delay (e.g. next salary credit).,Sep 02,We'll retry your payment on Sep 02. You can also pay now via a different method.
256.38,Credit Card,Yes Bank,otp_failure,7,2,146,0,0,0,0,0.55443585,RETRY_NOW,140.15,Otp Failure is usually transient — high chance of success on immediate retry.,,We'll automatically retry your payment shortly — no action needed.
161.17,Credit Card,Axis,insufficient_funds,15,0,67,0,0,0,0,0.55443287,RETRY_SCHEDULED,87.36,Insufficient Funds recovers best after a 4-day delay (e.g. next salary credit).,Sep 02,We'll retry your payment on Sep 02. You can also pay now via a different method.
869.53,Netbanking,Kotak,insufficient_funds,10,0,678,0,0,0,0,0.5543851,RETRY_SCHEDULED,480.05,Insufficient Funds recovers best after a 4-day delay (e.g. next salary credit).,Sep 02,We'll retry your payment on Sep 02. You can also pay now via a different method.
1264.22,Debit Card,Yes Bank,bank_timeout,6,4,713,0,0,1,0,0.5533757,RETRY_NOW,697.59,Bank Timeout is usually transient — high chance of success on immediate retry.,,We'll automatically retry your payment shortly — no action needed.
2532.56,Netbanking,PNB,insufficient_funds,24,0,554,0,0,0,0,0.55294573,RETRY_SCHEDULED,1398.37,Insufficient Funds recovers best after a 4-day delay (e.g. next salary credit).,Sep 02,We'll retry your payment on Sep 02. You can also pay now via a different method.
936.62,Debit Card,Kotak,bank_timeout,15,2,10,0,0,0,1,0.55286026,RETRY_NOW,515.82,Bank Timeout is usually transient — high chance of success on immediate retry.,,We'll automatically retry your payment shortly — no action needed.
6119.29,UPI,Axis,insufficient_funds,9,1,295,0,0,0,1,0.5527638,RETRY_SCHEDULED,3380.52,Insufficient Funds recovers best after a 4-day delay (e.g. next salary credit).,Sep 02,We'll retry your payment on Sep 02. You can also pay now via a different method.
163.47,Netbanking,Axis,insufficient_funds,9,1,503,0,0,0,0,0.5522996,RETRY_SCHEDULED,88.28,Insufficient Funds recovers best after a 4-day delay (e.g. next salary credit).,Sep 02,We'll retry your payment on Sep 02. You can also pay now via a different method.
605.54,Credit Card,ICICI,otp_failure,26,0,353,0,0,0,0,0.5520751,RETRY_NOW,332.3,Otp Failure is usually transient — high chance of success on immediate retry.,,We'll automatically retry your payment shortly — no action needed.
4320.28,Wallet,HDFC,insufficient_funds,27,0,74,0,0,0,1,0.551694,RETRY_SCHEDULED,2381.47,Insufficient Funds recovers best after a 4-day delay (e.g. next salary credit).,Sep 02,We'll retry your payment on Sep 02. You can also pay now via a different method.
246.99,Debit Card,Kotak,insufficient_funds,9,0,696,0,0,0,0,0.5514772,RETRY_SCHEDULED,134.21,Insufficient Funds recovers best after a 4-day delay (e.g. next salary credit).,Sep 02,We'll retry your payment on Sep 02. You can also pay now via a different method.
1578.45,Credit Card,IDFC,insufficient_funds,19,0,670,0,0,0,0,0.5513555,RETRY_SCHEDULED,868.29,Insufficient Funds recovers best after a 4-day delay (e.g. next salary credit).,Sep 02,We'll retry your payment on Sep 02. You can also pay now via a different method.
31.67,Wallet,Yes Bank,otp_failure,16,2,523,0,0,0,1,0.5509794,RETRY_NOW,15.45,Otp Failure is usually transient — high chance of success on immediate retry.,,We'll automatically retry your payment shortly — no action needed.
1433.47,Credit Card,Kotak,network_error,21,3,179,0,0,1,1,0.5498849,RETRY_NOW,786.24,Network Error is usually transient — high chance of success on immediate retry.,,We'll automatically retry your payment shortly — no action needed.
264.85,Debit Card,IDFC,otp_failure,27,0,147,0,0,0,0,0.5495361,RETRY_NOW,143.54,Otp Failure is usually transient — high chance of success on immediate retry.,,We'll automatically retry your payment shortly — no action needed.
321.34,Credit Card,SBI,insufficient_funds,17,1,873,0,0,0,1,0.54800534,RETRY_SCHEDULED,174.1,Insufficient Funds recovers best after a 4-day delay (e.g. next salary credit).,Sep 02,We'll retry your payment on Sep 02. You can also pay now via a different method.
305.16,Wallet,HDFC,insufficient_funds,12,0,530,0,0,0,0,0.5479587,RETRY_SCHEDULED,165.22,Insufficient Funds recovers best after a 4-day delay (e.g. next salary credit).,Sep 02,We'll retry your payment on Sep 02. You can also pay now via a different method.
221.7,Debit Card,Kotak,insufficient_funds,27,1,872,0,0,0,1,0.54777676,RETRY_SCHEDULED,119.44,Insufficient Funds recovers best after a 4-day delay (e.g. next salary credit).,Sep 02,We'll retry your payment on Sep 02. You can also pay now via a different method.
603.29,Credit Card,HDFC,otp_failure,17,2,308,0,0,0,1,0.54769003,RETRY_NOW,328.42,Otp Failure is usually transient — high chance of success on immediate retry.,,We'll automatically retry your payment shortly — no action needed.
344.98,Wallet,SBI,otp_failure,4,2,278,1,0,0,1,0.5476248,RETRY_NOW,186.92,Otp Failure is usually transient — high chance of success on immediate retry.,,We'll automatically retry your payment shortly — no action needed.
626.62,Debit Card,ICICI,insufficient_funds,18,0,785,0,0,0,1,0.5471237,RETRY_SCHEDULED,340.84,Insufficient Funds recovers best after a 4-day delay (e.g. next salary credit).,Sep 02,We'll retry your payment on Sep 02. You can also pay now via a different method.
559.83,Debit Card,ICICI,insufficient_funds,3,1,887,1,0,0,0,0.54660195,RETRY_SCHEDULED,304.0,Insufficient Funds recovers best after a 4-day delay (e.g. next salary credit).,Sep 02,We'll retry your payment on Sep 02. You can also pay now via a different method.
1427.04,Debit Card,Axis,bank_timeout,5,4,220,1,0,1,1,0.54657567,RETRY_NOW,777.99,Bank Timeout is usually transient — high chance of success on immediate retry.,,We'll automatically retry your payment shortly — no action needed.
277.7,Netbanking,Axis,insufficient_funds,24,2,553,0,0,0,0,0.5464716,RETRY_SCHEDULED,149.76,Insufficient Funds recovers best after a 4-day delay (e.g. next salary credit).,Sep 02,We'll retry your payment on Sep 02. You can also pay now via a different method.
1203.08,Credit Card,HDFC,bank_timeout,30,3,606,1,0,1,1,0.54626685,RETRY_NOW,655.2,Bank Timeout is usually transient — high chance of success on immediate retry.,,We'll automatically retry your payment shortly — no action needed.
477.8,UPI,PNB,insufficient_funds,19,0,812,0,0,0,1,0.5461395,RETRY_SCHEDULED,258.95,Insufficient Funds recovers best after a 4-day delay (e.g. next salary credit).,Sep 02,We'll retry your payment on Sep 02. You can also pay now via a different method.
7374.29,Netbanking,Axis,insufficient_funds,2,3,557,1,0,1,1,0.54602605,RETRY_SCHEDULED,4024.55,Insufficient Funds recovers best after a 4-day delay (e.g. next salary credit).,Sep 02,We'll retry your payment on Sep 02. You can also pay now via a different method.
436.5,Wallet,PNB,network_error,2,3,153,1,0,1,1,0.54556453,RETRY_NOW,236.14,Network Error is usually transient — high chance of success on immediate retry.,,We'll automatically retry your payment shortly — no action needed.
177.75,Credit Card,Kotak,otp_failure,11,1,111,0,0,0,1,0.54546,RETRY_NOW,94.96,Otp Failure is usually transient — high chance of success on immediate retry.,,We'll automatically retry your payment shortly — no action needed.
599.45,Debit Card,PNB,insufficient_funds,18,0,400,0,0,0,1,0.54489833,RETRY_SCHEDULED,324.64,Insufficient Funds recovers best after a 4-day delay (e.g. next salary credit).,Sep 02,We'll retry your payment on Sep 02. You can also pay now via a different method.
1081.64,Netbanking,SBI,insufficient_funds,8,0,821,0,0,0,1,0.5446247,RETRY_SCHEDULED,587.09,Insufficient Funds recovers best after a 4-day delay (e.g. next salary credit).,Sep 02,We'll retry your payment on Sep 02. You can also pay now via a different method.
1469.41,Wallet,Kotak,network_error,25,1,19,0,0,0,0,0.5440121,RETRY_NOW,797.38,Network Error is usually transient — high chance of success on immediate retry.,,We'll automatically retry your payment shortly — no action needed.
300.71,Wallet,IDFC,bank_timeout,18,3,341,0,0,1,1,0.5433571,RETRY_NOW,161.39,Bank Timeout is usually transient — high chance of success on immediate retry.,,We'll automatically retry your payment shortly — no action needed.
6668.59,Debit Card,SBI,otp_failure,30,1,9,1,0,0,1,0.5422261,RETRY_NOW,3613.88,Otp Failure is usually transient — high chance of success on immediate retry.,,We'll automatically retry your payment shortly — no action needed.
391.71,Wallet,ICICI,insufficient_funds,24,1,600,0,0,0,0,0.5414546,RETRY_SCHEDULED,210.09,Insufficient Funds recovers best after a 4-day delay (e.g. next salary credit).,Sep 02,We'll retry your payment on Sep 02. You can also pay now via a different method.
1015.63,Wallet,IDFC,insufficient_funds,18,0,372,0,0,0,0,0.5410814,RETRY_SCHEDULED,547.54,Insufficient Funds recovers best after a 4-day delay (e.g. next salary credit).,Sep 02,We'll retry your payment on Sep 02. You can also pay now via a different method.
3926.45,UPI,ICICI,otp_failure,13,1,133,0,0,0,0,0.5407978,RETRY_NOW,2121.42,Otp Failure is usually transient — high chance of success on immediate retry.,,We'll automatically retry your payment shortly — no action needed.
549.94,Debit Card,PNB,insufficient_funds,16,1,540,0,0,0,1,0.5406324,RETRY_SCHEDULED,295.32,Insufficient Funds recovers best after a 4-day delay (e.g. next salary credit).,Sep 02,We'll retry your payment on Sep 02. You can also pay now via a different method.
140.14,UPI,SBI,otp_failure,30,2,52,1,0,0,0,0.5403014,RETRY_NOW,73.72,Otp Failure is usually transient — high chance of success on immediate retry.,,We'll automatically retry your payment shortly — no action needed.
306.32,Netbanking,IDFC,insufficient_funds,13,2,380,0,0,0,0,0.53981453,RETRY_SCHEDULED,163.36,Insufficient Funds recovers best after a 4-day delay (e.g. next salary credit).,Sep 02,We'll retry your payment on Sep 02. You can also pay now via a different method.
20091.47,UPI,IDFC,otp_failure,19,1,734,0,1,0,1,0.5394911,RETRY_NOW,10837.17,Otp Failure is usually transient — high chance of success on immediate retry.,,We'll automatically retry your payment shortly — no action needed.
922.96,Debit Card,SBI,insufficient_funds,21,1,328,0,0,0,1,0.5383023,RETRY_SCHEDULED,494.83,Insufficient Funds recovers best after a 4-day delay (e.g. next salary credit).,Sep 02,We'll retry your payment on Sep 02. You can also pay now via a different method.
682.75,UPI,HDFC,insufficient_funds,17,0,383,0,0,0,0,0.53827083,RETRY_SCHEDULED,365.5,Insufficient Funds recovers best after a 4-day delay (e.g. next salary credit).,Sep 02,We'll retry your payment on Sep 02. You can also pay now via a different method.
2395.85,Credit Card,IDFC,insufficient_funds,10,1,321,0,0,0,0,0.53749526,RETRY_SCHEDULED,1285.76,Insufficient Funds recovers best after a 4-day delay (e.g. next salary credit).,Sep 02,We'll retry your payment on Sep 02. You can also pay now via a different method.
474.71,Credit Card,HDFC,otp_failure,22,1,111,0,0,0,0,0.53737223,RETRY_NOW,253.1,Otp Failure is usually transient — high chance of success on immediate retry.,,We'll automatically retry your payment shortly — no action needed.
407.27,Credit Card,Yes Bank,insufficient_funds,1,3,4,1,0,1,0,0.5373145,RETRY_SCHEDULED,216.83,Insufficient Funds recovers best after a 4-day delay (e.g. next salary credit).,Sep 02,We'll retry your payment on Sep 02. You can also pay now via a different method.
504.61,UPI,Kotak,invalid_cvv,30,1,754,1,0,0,0,0.53661335,REQUEST_UPDATE,265.78,Invalid Cvv needs the customer to fix their payment method — retrying won't help.,,Your payment didn't go through. Please update your card details to complete this payment.
213.56,Netbanking,Axis,otp_failure,14,0,265,0,0,0,1,0.53637624,RETRY_NOW,112.55,Otp Failure is usually transient — high chance of success on immediate retry.,,We'll automatically retry your payment shortly — no action needed.
455.85,Debit Card,ICICI,bank_timeout,3,3,457,1,0,1,0,0.5363146,RETRY_NOW,242.48,Bank Timeout is usually transient — high chance of success on immediate retry.,,We'll automatically retry your payment shortly — no action needed.
109.1,Credit Card,ICICI,insufficient_funds,10,0,694,0,0,0,0,0.5356729,RETRY_SCHEDULED,56.44,Insufficient Funds recovers best after a 4-day delay (e.g. next salary credit).,Sep 02,We'll retry your payment on Sep 02. You can also pay now via a different method.
938.14,Debit Card,PNB,insufficient_funds,24,2,842,0,0,0,1,0.535058,RETRY_SCHEDULED,499.96,Insufficient Funds recovers best after a 4-day delay (e.g. next salary credit).,Sep 02,We'll retry your payment on Sep 02. You can also pay now via a different method.
1972.06,Wallet,IDFC,otp_failure,17,4,649,0,0,1,0,0.5349728,RETRY_NOW,1053.0,Otp Failure is usually transient — high chance of success on immediate retry.,,We'll automatically retry your payment shortly — no action needed.
3226.44,Wallet,Kotak,insufficient_funds,19,1,201,0,0,0,1,0.5348844,RETRY_SCHEDULED,1723.77,Insufficient Funds recovers best after a 4-day delay (e.g. next salary credit).,Sep 02,We'll retry your payment on Sep 02. You can also pay now via a different method.
184.59,Wallet,Axis,insufficient_funds,23,1,789,0,0,0,0,0.53466934,RETRY_SCHEDULED,96.69,Insufficient Funds recovers best after a 4-day delay (e.g. next salary credit).,Sep 02,We'll retry your payment on Sep 02. You can also pay now via a different method.
420.45,UPI,Yes Bank,otp_failure,12,1,243,0,0,0,1,0.53357905,RETRY_NOW,222.34,Otp Failure is usually transient — high chance of success on immediate retry.,,We'll automatically retry your payment shortly — no action needed.
452.59,Netbanking,PNB,insufficient_funds,20,0,567,0,0,0,0,0.5333537,RETRY_SCHEDULED,239.39,Insufficient Funds recovers best after a 4-day delay (e.g. next salary credit).,Sep 02,We'll retry your payment on Sep 02. You can also pay now via a different method.
1667.92,Netbanking,Axis,insufficient_funds,11,1,799,0,0,0,1,0.5331514,RETRY_SCHEDULED,887.25,Insufficient Funds recovers best after a 4-day delay (e.g. next salary credit).,Sep 02,We'll retry your payment on Sep 02. You can also pay now via a different method.
401.55,Netbanking,HDFC,otp_failure,4,1,887,1,0,0,0,0.53261745,RETRY_NOW,211.87,Otp Failure is usually transient — high chance of success on immediate retry.,,We'll automatically retry your payment shortly — no action needed.
194.96,Debit Card,HDFC,insufficient_funds,10,0,367,0,0,0,1,0.5322033,RETRY_SCHEDULED,101.76,Insufficient Funds recovers best after a 4-day delay (e.g. next salary credit).,Sep 02,We'll retry your payment on Sep 02. You can also pay now via a different method.
260.66,Credit Card,SBI,insufficient_funds,21,3,762,0,0,1,1,0.531921,RETRY_SCHEDULED,136.65,Insufficient Funds recovers best after a 4-day delay (e.g. next salary credit).,Sep 02,We'll retry your payment on Sep 02. You can also pay now via a different method.
316.28,Wallet,HDFC,bank_timeout,5,4,675,1,0,1,1,0.5318731,RETRY_NOW,166.22,Bank Timeout is usually transient — high chance of success on immediate retry.,,We'll automatically retry your payment shortly — no action needed.
305.55,Credit Card,Yes Bank,bank_timeout,12,3,109,0,0,1,0,0.5318146,RETRY_NOW,160.5,Bank Timeout is usually transient — high chance of success on immediate retry.,,We'll automatically retry your payment shortly — no action needed.
332.13,Netbanking,ICICI,insufficient_funds,25,1,800,0,0,0,0,0.53158957,RETRY_SCHEDULED,174.56,Insufficient Funds recovers best after a 4-day delay (e.g. next salary credit).,Sep 02,We'll retry your payment on Sep 02. You can also pay now via a different method.
80.96,UPI,Kotak,insufficient_funds,25,1,492,0,0,0,0,0.5315702,RETRY_SCHEDULED,41.04,Insufficient Funds recovers best after a 4-day delay (e.g. next salary credit).,Sep 02,We'll retry your payment on Sep 02. You can also pay now via a different method.
184.96,Wallet,Axis,otp_failure,24,0,12,0,0,0,1,0.5305115,RETRY_NOW,96.12,Otp Failure is usually transient — high chance of success on immediate retry.,,We'll automatically retry your payment shortly — no action needed.
1530.91,Netbanking,HDFC,insufficient_funds,24,1,516,0,0,0,0,0.52974665,RETRY_SCHEDULED,808.99,Insufficient Funds recovers best after a 4-day delay (e.g. next salary credit).,Sep 02,We'll retry your payment on Sep 02. You can also pay now via a different method.
1237.13,UPI,Axis,insufficient_funds,15,1,151,0,0,0,0,0.52955973,RETRY_SCHEDULED,653.13,Insufficient Funds recovers best after a 4-day delay (e.g. next salary credit).,Sep 02,We'll retry your payment on Sep 02. You can also pay now via a different method.
271.17,Wallet,ICICI,insufficient_funds,17,0,602,0,0,0,1,0.5293273,RETRY_SCHEDULED,141.54,Insufficient Funds recovers best after a 4-day delay (e.g. next salary credit).,Sep 02,We'll retry your payment on Sep 02. You can also pay now via a different method.
883.31,Credit Card,Kotak,insufficient_funds,24,2,491,0,0,0,1,0.5286953,RETRY_SCHEDULED,465.0,Insufficient Funds recovers best after a 4-day delay (e.g. next salary credit).,Sep 02,We'll retry your payment on Sep 02. You can also pay now via a different method.
1299.72,Netbanking,IDFC,insufficient_funds,10,1,227,0,0,0,0,0.5281915,RETRY_SCHEDULED,684.5,Insufficient Funds recovers best after a 4-day delay (e.g. next salary credit).,Sep 02,We'll retry your payment on Sep 02. You can also pay now via a different method.
191.87,Wallet,Kotak,insufficient_funds,12,0,490,0,0,0,0,0.5281539,RETRY_SCHEDULED,99.34,Insufficient Funds recovers best after a 4-day delay (e.g. next salary credit).,Sep 02,We'll retry your payment on Sep 02. You can also pay now via a different method.
195.29,Debit Card,ICICI,insufficient_funds,19,1,477,0,0,0,1,0.52764153,RETRY_SCHEDULED,101.04,Insufficient Funds recovers best after a 4-day delay (e.g. next salary credit).,Sep 02,We'll retry your payment on Sep 02. You can also pay now via a different method.
324.37,Netbanking,SBI,insufficient_funds,20,2,451,0,0,0,1,0.526515,RETRY_SCHEDULED,168.79,Insufficient Funds recovers best after a 4-day delay (e.g. next salary credit).,Sep 02,We'll retry your payment on Sep 02. You can also pay now via a different method.
1403.24,Netbanking,ICICI,insufficient_funds,30,4,475,1,0,1,1,0.52621835,RETRY_SCHEDULED,736.41,Insufficient Funds recovers best after a 4-day delay (e.g. next salary credit).,Sep 02,We'll retry your payment on Sep 02. You can also pay now via a different method.
481.58,Wallet,SBI,insufficient_funds,11,0,652,0,0,0,0,0.526122,RETRY_SCHEDULED,251.37,Insufficient Funds recovers best after a 4-day delay (e.g. next salary credit).,Sep 02,We'll retry your payment on Sep 02. You can also pay now via a different method.
1546.52,UPI,PNB,insufficient_funds,13,1,155,0,0,0,0,0.5259546,RETRY_SCHEDULED,811.4,Insufficient Funds recovers best after a 4-day delay (e.g. next salary credit).,Sep 02,We'll retry your payment on Sep 02. You can also pay now via a different method.
588.23,Debit Card,HDFC,insufficient_funds,26,0,518,0,0,0,1,0.5246009,RETRY_SCHEDULED,306.59,Insufficient Funds recovers best after a 4-day delay (e.g. next salary credit).,Sep 02,We'll retry your payment on Sep 02. You can also pay now via a different method.
243.48,Debit Card,Yes Bank,otp_failure,29,1,699,1,0,0,1,0.52447534,RETRY_NOW,125.7,Otp Failure is usually transient — high chance of success on immediate retry.,,We'll automatically retry your payment shortly — no action needed.
164.44,Debit Card,HDFC,insufficient_funds,16,0,528,0,0,0,1,0.52441484,RETRY_SCHEDULED,84.23,Insufficient Funds recovers best after a 4-day delay (e.g. next salary credit).,Sep 02,We'll retry your payment on Sep 02. You can also pay now via a different method.
2357.95,Netbanking,SBI,otp_failure,27,2,394,0,0,0,1,0.5239674,RETRY_NOW,1233.49,Otp Failure is usually transient — high chance of success on immediate retry.,,We'll automatically retry your payment shortly — no action needed.
690.35,Debit Card,Kotak,insufficient_funds,26,1,456,0,0,0,0,0.5237079,RETRY_SCHEDULED,359.54,Insufficient Funds recovers best after a 4-day delay (e.g. next salary credit).,Sep 02,We'll retry your payment on Sep 02. You can also pay now via a different method.
1028.96,Debit Card,SBI,insufficient_funds,8,0,400,0,0,0,0,0.5234824,RETRY_SCHEDULED,536.64,Insufficient Funds recovers best after a 4-day delay (e.g. next salary credit).,Sep 02,We'll retry your payment on Sep 02. You can also pay now via a different method.
72.59,Credit Card,Axis,otp_failure,14,1,147,0,0,0,0,0.52299255,RETRY_NOW,35.96,Otp Failure is usually transient — high chance of success on immediate retry.,,We'll automatically retry your payment shortly — no action needed.
676.37,Credit Card,HDFC,otp_failure,26,2,139,0,0,0,1,0.522847,RETRY_NOW,351.64,Otp Failure is usually transient — high chance of success on immediate retry.,,We'll automatically retry your payment shortly — no action needed.
614.29,Debit Card,IDFC,insufficient_funds,23,2,418,0,0,0,0,0.5223267,RETRY_SCHEDULED,318.86,Insufficient Funds recovers best after a 4-day delay (e.g. next salary credit).,Sep 02,We'll retry your payment on Sep 02. You can also pay now via a different method.
257.02,UPI,PNB,insufficient_funds,6,2,246,0,0,0,0,0.5220652,RETRY_SCHEDULED,132.18,Insufficient Funds recovers best after a 4-day delay (e.g. next salary credit).,Sep 02,We'll retry your payment on Sep 02. You can also pay now via a different method.
1161.93,UPI,PNB,insufficient_funds,21,1,797,0,0,0,1,0.52188504,RETRY_SCHEDULED,604.39,Insufficient Funds recovers best after a 4-day delay (e.g. next salary credit).,Sep 02,We'll retry your payment on Sep 02. You can also pay now via a different method.
346.64,UPI,PNB,insufficient_funds,25,1,674,0,0,0,1,0.5215807,RETRY_SCHEDULED,178.8,Insufficient Funds recovers best after a 4-day delay (e.g. next salary credit).,Sep 02,We'll retry your payment on Sep 02. You can also pay now via a different method.
770.27,Netbanking,HDFC,insufficient_funds,16,1,674,0,0,0,1,0.52124316,RETRY_SCHEDULED,399.5,Insufficient Funds recovers best after a 4-day delay (e.g. next salary credit).,Sep 02,We'll retry your payment on Sep 02. You can also pay now via a different method.
944.66,Debit Card,Axis,insufficient_funds,10,1,624,0,0,0,1,0.5212219,RETRY_SCHEDULED,490.38,Insufficient Funds recovers best after a 4-day delay (e.g. next salary credit).,Sep 02,We'll retry your payment on Sep 02. You can also pay now via a different method.
240.02,UPI,Kotak,otp_failure,3,2,39,1,0,0,1,0.5208841,RETRY_NOW,123.02,Otp Failure is usually transient — high chance of success on immediate retry.,,We'll automatically retry your payment shortly — no action needed.
792.68,Debit Card,SBI,otp_failure,3,2,108,1,0,0,1,0.5203998,RETRY_NOW,410.51,Otp Failure is usually transient — high chance of success on immediate retry.,,We'll automatically retry your payment shortly — no action needed.
1124.24,Netbanking,SBI,insufficient_funds,24,1,733,0,0,0,0,0.51774937,RETRY_SCHEDULED,580.07,Insufficient Funds recovers best after a 4-day delay (e.g. next salary credit).,Sep 02,We'll retry your payment on Sep 02. You can also pay now via a different method.
404.83,Netbanking,SBI,insufficient_funds,11,1,644,0,0,0,1,0.5174087,RETRY_SCHEDULED,207.46,Insufficient Funds recovers best after a 4-day delay (e.g. next salary credit).,Sep 02,We'll retry your payment on Sep 02. You can also pay now via a different method.
2485.68,UPI,Kotak,insufficient_funds,10,1,364,0,0,0,1,0.5172509,RETRY_SCHEDULED,1283.72,Insufficient Funds recovers best after a 4-day delay (e.g. next salary credit).,Sep 02,We'll retry your payment on Sep 02. You can also pay now via a different method.
647.85,UPI,Yes Bank,otp_failure,15,2,353,0,0,0,1,0.5172305,RETRY_NOW,333.09,Otp Failure is usually transient — high chance of success on immediate retry.,,We'll automatically retry your payment shortly — no action needed.
345.29,Debit Card,IDFC,insufficient_funds,19,0,526,0,0,0,0,0.5170492,RETRY_SCHEDULED,176.53,Insufficient Funds recovers best after a 4-day delay (e.g. next salary credit).,Sep 02,We'll retry your payment on Sep 02. You can also pay now via a different method.
596.89,Credit Card,Kotak,insufficient_funds,16,0,456,0,0,0,0,0.5165738,RETRY_SCHEDULED,306.34,Insufficient Funds recovers best after a 4-day delay (e.g. next salary credit).,Sep 02,We'll retry your payment on Sep 02. You can also pay now via a different method.
3172.75,Netbanking,SBI,insufficient_funds,10,1,446,0,0,0,1,0.5157126,RETRY_SCHEDULED,1634.23,Insufficient Funds recovers best after a 4-day delay (e.g. next salary credit).,Sep 02,We'll retry your payment on Sep 02. You can also pay now via a different method.
576.03,Netbanking,HDFC,insufficient_funds,23,2,559,0,0,0,0,0.51568216,RETRY_SCHEDULED,295.05,Insufficient Funds recovers best after a 4-day delay (e.g. next salary credit).,Sep 02,We'll retry your payment on Sep 02. You can also pay now via a different method.
1112.45,Credit Card,PNB,insufficient_funds,19,2,564,0,0,0,1,0.5152657,RETRY_SCHEDULED,571.21,Insufficient Funds recovers best after a 4-day delay (e.g. next salary credit).,Sep 02,We'll retry your payment on Sep 02. You can also pay now via a different method.
431.26,UPI,SBI,insufficient_funds,20,0,500,0,0,0,1,0.5144157,RETRY_SCHEDULED,219.85,Insufficient Funds recovers best after a 4-day delay (e.g. next salary credit).,Sep 02,We'll retry your payment on Sep 02. You can also pay now via a different method.
1092.86,Wallet,ICICI,bank_timeout,19,3,408,0,0,1,0,0.5143905,RETRY_NOW,560.16,Bank Timeout is usually transient — high chance of success on immediate retry.,,We'll automatically retry your payment shortly — no action needed.
460.64,UPI,Yes Bank,insufficient_funds,17,1,456,0,0,0,0,0.513724,RETRY_SCHEDULED,234.64,Insufficient Funds recovers best after a 4-day delay (e.g. next salary credit).,Sep 02,We'll retry your payment on Sep 02. You can also pay now via a different method.
677.21,Wallet,ICICI,insufficient_funds,18,2,542,0,0,0,0,0.51245916,RETRY_SCHEDULED,345.04,Insufficient Funds recovers best after a 4-day delay (e.g. next salary credit).,Sep 02,We'll retry your payment on Sep 02. You can also pay now via a different method.
398.55,UPI,SBI,otp_failure,29,2,40,1,0,0,1,0.5111524,RETRY_NOW,201.72,Otp Failure is usually transient — high chance of success on immediate retry.,,We'll automatically retry your payment shortly — no action needed.
1730.75,Wallet,IDFC,insufficient_funds,27,1,460,0,0,0,1,0.5111261,RETRY_SCHEDULED,882.63,Insufficient Funds recovers best after a 4-day delay (e.g. next salary credit).,Sep 02,We'll retry your payment on Sep 02. You can also pay now via a different method.
469.57,UPI,ICICI,insufficient_funds,16,0,475,0,0,0,0,0.5109767,RETRY_SCHEDULED,237.94,Insufficient Funds recovers best after a 4-day delay (e.g. next salary credit).,Sep 02,We'll retry your payment on Sep 02. You can also pay now via a different method.
469.54,Wallet,IDFC,insufficient_funds,19,0,602,0,0,0,0,0.5103324,RETRY_SCHEDULED,237.62,Insufficient Funds recovers best after a 4-day delay (e.g. next salary credit).,Sep 02,We'll retry your payment on Sep 02. You can also pay now via a different method.
2019.72,Credit Card,SBI,insufficient_funds,14,1,317,0,0,0,0,0.50888413,RETRY_SCHEDULED,1025.8,Insufficient Funds recovers best after a 4-day delay (e.g. next salary credit).,Sep 02,We'll retry your payment on Sep 02. You can also pay now via a different method.
771.83,Wallet,HDFC,otp_failure,20,1,849,0,0,0,1,0.5087088,RETRY_NOW,390.64,Otp Failure is usually transient — high chance of success on immediate retry.,,We'll automatically retry your payment shortly — no action needed.
1793.86,Credit Card,HDFC,insufficient_funds,25,0,533,0,0,0,1,0.5081606,RETRY_SCHEDULED,909.57,Insufficient Funds recovers best after a 4-day delay (e.g. next salary credit).,Sep 02,We'll retry your payment on Sep 02. You can also pay now via a different method.
165.41,UPI,Axis,insufficient_funds,17,0,26,0,0,0,0,0.5076413,RETRY_SCHEDULED,81.97,Insufficient Funds recovers best after a 4-day delay (e.g. next salary credit).,Sep 02,We'll retry your payment on Sep 02. You can also pay now via a different method.
894.6,Debit Card,ICICI,insufficient_funds,10,0,567,0,0,0,1,0.5071962,RETRY_SCHEDULED,451.74,Insufficient Funds recovers best after a 4-day delay (e.g. next salary credit).,Sep 02,We'll retry your payment on Sep 02. You can also pay now via a different method.
116.05,Netbanking,Axis,insufficient_funds,6,0,236,0,0,0,1,0.50684524,RETRY_SCHEDULED,56.82,Insufficient Funds recovers best after a 4-day delay (e.g. next salary credit).,Sep 02,We'll retry your payment on Sep 02. You can also pay now via a different method.
854.9,UPI,HDFC,insufficient_funds,6,1,651,0,0,0,0,0.50678277,RETRY_SCHEDULED,431.25,Insufficient Funds recovers best after a 4-day delay (e.g. next salary credit).,Sep 02,We'll retry your payment on Sep 02. You can also pay now via a different method.
320.87,Debit Card,PNB,insufficient_funds,10,0,250,0,0,0,0,0.506107,RETRY_SCHEDULED,160.39,Insufficient Funds recovers best after a 4-day delay (e.g. next salary credit).,Sep 02,We'll retry your payment on Sep 02. You can also pay now via a different method.
678.42,Credit Card,ICICI,bank_timeout,4,3,226,1,0,1,0,0.50604063,RETRY_NOW,341.31,Bank Timeout is usually transient — high chance of success on immediate retry.,,We'll automatically retry your payment shortly — no action needed.
475.12,Wallet,HDFC,otp_failure,6,1,82,0,0,0,1,0.5059844,RETRY_NOW,238.4,Otp Failure is usually transient — high chance of success on immediate retry.,,We'll automatically retry your payment shortly — no action needed.
986.67,UPI,ICICI,insufficient_funds,8,1,192,0,0,0,0,0.50477856,RETRY_SCHEDULED,496.05,Insufficient Funds recovers best after a 4-day delay (e.g. next salary credit).,Sep 02,We'll retry your payment on Sep 02. You can also pay now via a different method.
359.14,Netbanking,PNB,insufficient_funds,15,0,219,0,0,0,0,0.5044576,RETRY_SCHEDULED,179.17,Insufficient Funds recovers best after a 4-day delay (e.g. next salary credit).,Sep 02,We'll retry your payment on Sep 02. You can also pay now via a different method.
2408.59,Wallet,SBI,insufficient_funds,17,0,154,0,0,0,0,0.5043262,RETRY_SCHEDULED,1212.72,Insufficient Funds recovers best after a 4-day delay (e.g. next salary credit).,Sep 02,We'll retry your payment on Sep 02. You can also pay now via a different method.
294.56,Debit Card,PNB,insufficient_funds,8,3,780,0,0,1,0,0.5035074,RETRY_SCHEDULED,146.31,Insufficient Funds recovers best after a 4-day delay (e.g. next salary credit).,Sep 02,We'll retry your payment on Sep 02. You can also pay now via a different method.
1478.05,UPI,IDFC,insufficient_funds,16,1,736,0,0,0,0,0.5028392,RETRY_SCHEDULED,741.22,Insufficient Funds recovers best after a 4-day delay (e.g. next salary credit).,Sep 02,We'll retry your payment on Sep 02. You can also pay now via a different method.
1326.46,Netbanking,Yes Bank,insufficient_funds,21,1,845,0,0,0,1,0.5019189,RETRY_SCHEDULED,663.78,Insufficient Funds recovers best after a 4-day delay (e.g. next salary credit).,Sep 02,We'll retry your payment on Sep 02. You can also pay now via a different method.
194.68,Wallet,Kotak,insufficient_funds,16,2,716,0,0,0,0,0.5010778,RETRY_SCHEDULED,95.55,Insufficient Funds recovers best after a 4-day delay (e.g. next salary credit).,Sep 02,We'll retry your payment on Sep 02. You can also pay now via a different method.
818.9,Netbanking,ICICI,insufficient_funds,26,0,240,0,0,0,1,0.5009771,RETRY_SCHEDULED,408.25,Insufficient Funds recovers best after a 4-day delay (e.g. next salary credit).,Sep 02,We'll retry your payment on Sep 02. You can also pay now via a different method.
2209.05,UPI,Kotak,insufficient_funds,8,0,651,0,0,0,1,0.50034535,RETRY_SCHEDULED,1103.29,Insufficient Funds recovers best after a 4-day delay (e.g. next salary credit).,Sep 02,We'll retry your payment on Sep 02. You can also pay now via a different method.
315.55,Debit Card,IDFC,insufficient_funds,26,0,401,0,0,0,0,0.49988994,RETRY_SCHEDULED,155.74,Insufficient Funds recovers best after a 4-day delay (e.g. next salary credit).,Sep 02,We'll retry your payment on Sep 02. You can also pay now via a different method.
961.91,UPI,Axis,insufficient_funds,18,1,358,0,0,0,1,0.49980327,RETRY_SCHEDULED,478.77,Insufficient Funds recovers best after a 4-day delay (e.g. next salary credit).,Sep 02,We'll retry your payment on Sep 02. You can also pay now via a different method.
1737.24,Wallet,PNB,insufficient_funds,20,0,555,0,0,0,0,0.4994696,RETRY_SCHEDULED,865.7,Insufficient Funds recovers best after a 4-day delay (e.g. next salary credit).,Sep 02,We'll retry your payment on Sep 02. You can also pay now via a different method.
980.51,UPI,SBI,insufficient_funds,22,2,869,0,0,0,1,0.4992842,RETRY_SCHEDULED,487.55,Insufficient Funds recovers best after a 4-day delay (e.g. next salary credit).,Sep 02,We'll retry your payment on Sep 02. You can also pay now via a different method.
208.03,Credit Card,ICICI,otp_failure,21,0,18,0,0,0,1,0.49920797,RETRY_NOW,101.85,Otp Failure is usually transient — high chance of success on immediate retry.,,We'll automatically retry your payment shortly — no action needed.
1486.63,UPI,SBI,bank_timeout,21,3,341,0,0,1,0,0.49849984,RETRY_NOW,739.08,Bank Timeout is usually transient — high chance of success on immediate retry.,,We'll automatically retry your payment shortly — no action needed.
411.5,Wallet,SBI,insufficient_funds,3,1,850,1,0,0,0,0.49848452,RETRY_SCHEDULED,203.13,Insufficient Funds recovers best after a 4-day delay (e.g. next salary credit).,Sep 02,We'll retry your payment on Sep 02. You can also pay now via a different method.
221.52,Credit Card,IDFC,insufficient_funds,20,0,291,0,0,0,0,0.49845305,RETRY_SCHEDULED,108.42,Insufficient Funds recovers best after a 4-day delay (e.g. next salary credit).,Sep 02,We'll retry your payment on Sep 02. You can also pay now via a different method.
2459.31,UPI,ICICI,insufficient_funds,6,0,735,0,0,0,1,0.49816254,RETRY_SCHEDULED,1223.14,Insufficient Funds recovers best after a 4-day delay (e.g. next salary credit).,Sep 02,We'll retry your payment on Sep 02. You can also pay now via a different method.
291.13,Debit Card,IDFC,insufficient_funds,7,1,249,0,0,0,0,0.49736035,RETRY_SCHEDULED,142.8,Insufficient Funds recovers best after a 4-day delay (e.g. next salary credit).,Sep 02,We'll retry your payment on Sep 02. You can also pay now via a different method.
250.01,Debit Card,Kotak,insufficient_funds,10,2,864,0,0,0,1,0.49698588,RETRY_SCHEDULED,122.25,Insufficient Funds recovers best after a 4-day delay (e.g. next salary credit).,Sep 02,We'll retry your payment on Sep 02. You can also pay now via a different method.
144.7,Debit Card,ICICI,insufficient_funds,24,0,138,0,0,0,1,0.49688974,RETRY_SCHEDULED,69.9,Insufficient Funds recovers best after a 4-day delay (e.g. next salary credit).,Sep 02,We'll retry your payment on Sep 02. You can also pay now via a different method.
283.8,Debit Card,SBI,insufficient_funds,24,0,44,0,0,0,0,0.4968593,RETRY_SCHEDULED,139.01,Insufficient Funds recovers best after a 4-day delay (e.g. next salary credit).,Sep 02,We'll retry your payment on Sep 02. You can also pay now via a different method.
605.57,Credit Card,ICICI,otp_failure,6,0,116,0,0,0,1,0.496328,RETRY_NOW,298.56,Otp Failure is usually transient — high chance of success on immediate retry.,,We'll automatically retry your payment shortly — no action needed.
995.55,Wallet,Axis,insufficient_funds,13,0,496,0,0,0,0,0.4961532,RETRY_SCHEDULED,491.95,Insufficient Funds recovers best after a 4-day delay (e.g. next salary credit).,Sep 02,We'll retry your payment on Sep 02. You can also pay now via a different method.
2404.36,Debit Card,PNB,otp_failure,26,0,139,0,0,0,1,0.4955592,RETRY_NOW,1189.5,Otp Failure is usually transient — high chance of success on immediate retry.,,We'll automatically retry your payment shortly — no action needed.
2186.79,Wallet,Axis,insufficient_funds,15,0,518,0,0,0,0,0.49359804,RETRY_SCHEDULED,1077.4,Insufficient Funds recovers best after a 4-day delay (e.g. next salary credit).,Sep 02,We'll retry your payment on Sep 02. You can also pay now via a different method.
265.71,UPI,SBI,insufficient_funds,6,1,74,0,0,0,0,0.49344817,RETRY_SCHEDULED,129.11,Insufficient Funds recovers best after a 4-day delay (e.g. next salary credit).,Sep 02,We'll retry your payment on Sep 02. You can also pay now via a different method.
388.6,Debit Card,HDFC,insufficient_funds,23,2,686,0,0,0,1,0.49325487,RETRY_SCHEDULED,189.68,Insufficient Funds recovers best after a 4-day delay (e.g. next salary credit).,Sep 02,We'll retry your payment on Sep 02. You can also pay now via a different method.
454.19,Credit Card,HDFC,insufficient_funds,10,1,1,0,0,0,1,0.49262032,RETRY_SCHEDULED,221.74,Insufficient Funds recovers best after a 4-day delay (e.g. next salary credit).,Sep 02,We'll retry your payment on Sep 02. You can also pay now via a different method.
141.07,Credit Card,ICICI,bank_timeout,13,3,21,0,0,1,1,0.4918454,RETRY_NOW,67.38,Bank Timeout is usually transient — high chance of success on immediate retry.,,We'll automatically retry your payment shortly — no action needed.
2697.71,Netbanking,HDFC,insufficient_funds,11,2,146,0,0,0,0,0.49174803,RETRY_SCHEDULED,1324.59,Insufficient Funds recovers best after a 4-day delay (e.g. next salary credit).,Sep 02,We'll retry your payment on Sep 02. You can also pay now via a different method.
332.68,Wallet,Kotak,insufficient_funds,18,1,648,0,0,0,0,0.49163046,RETRY_SCHEDULED,161.56,Insufficient Funds recovers best after a 4-day delay (e.g. next salary credit).,Sep 02,We'll retry your payment on Sep 02. You can also pay now via a different method.
959.69,UPI,HDFC,insufficient_funds,24,2,295,0,0,0,0,0.49121222,RETRY_SCHEDULED,469.41,Insufficient Funds recovers best after a 4-day delay (e.g. next salary credit).,Sep 02,We'll retry your payment on Sep 02. You can also pay now via a different method.
815.39,UPI,IDFC,bank_timeout,18,3,447,0,0,1,1,0.49026725,RETRY_NOW,397.76,Bank Timeout is usually transient — high chance of success on immediate retry.,,We'll automatically retry your payment shortly — no action needed.
773.74,UPI,ICICI,insufficient_funds,9,1,888,0,0,0,1,0.4900378,RETRY_SCHEDULED,377.16,Insufficient Funds recovers best after a 4-day delay (e.g. next salary credit).,Sep 02,We'll retry your payment on Sep 02. You can also pay now via a different method.
299.95,Wallet,HDFC,insufficient_funds,21,1,299,0,0,0,1,0.48988515,RETRY_SCHEDULED,144.94,Insufficient Funds recovers best after a 4-day delay (e.g. next salary credit).,Sep 02,We'll retry your payment on Sep 02. You can also pay now via a different method.
471.49,Debit Card,PNB,insufficient_funds,13,0,743,0,0,0,0,0.48952967,RETRY_SCHEDULED,228.81,Insufficient Funds recovers best after a 4-day delay (e.g. next salary credit).,Sep 02,We'll retry your payment on Sep 02. You can also pay now via a different method.
1841.47,Wallet,HDFC,insufficient_funds,24,2,496,0,0,0,0,0.48895386,RETRY_SCHEDULED,898.39,Insufficient Funds recovers best after a 4-day delay (e.g. next salary credit).,Sep 02,We'll retry your payment on Sep 02. You can also pay now via a different method.
1483.42,Netbanking,HDFC,insufficient_funds,23,0,84,0,0,0,0,0.48892924,RETRY_SCHEDULED,723.29,Insufficient Funds recovers best after a 4-day delay (e.g. next salary credit).,Sep 02,We'll retry your payment on Sep 02. You can also pay now via a different method.
1984.64,Debit Card,ICICI,insufficient_funds,8,1,315,0,0,0,0,0.48857102,RETRY_SCHEDULED,967.64,Insufficient Funds recovers best after a 4-day delay (e.g. next salary credit).,Sep 02,We'll retry your payment on Sep 02. You can also pay now via a different method.
1747.05,UPI,HDFC,insufficient_funds,15,0,270,0,0,0,0,0.488195,RETRY_SCHEDULED,850.9,Insufficient Funds recovers best after a 4-day delay (e.g. next salary credit).,Sep 02,We'll retry your payment on Sep 02. You can also pay now via a different method.
285.93,Debit Card,IDFC,insufficient_funds,14,2,283,0,0,0,0,0.48770013,RETRY_SCHEDULED,137.45,Insufficient Funds recovers best after a 4-day delay (e.g. next salary credit).,Sep 02,We'll retry your payment on Sep 02. You can also pay now via a different method.
1045.77,Credit Card,IDFC,insufficient_funds,13,0,141,0,0,0,1,0.4874648,RETRY_SCHEDULED,507.78,Insufficient Funds recovers best after a 4-day delay (e.g. next salary credit).,Sep 02,We'll retry your payment on Sep 02. You can also pay now via a different method.
2478.65,Wallet,Kotak,insufficient_funds,15,0,740,0,0,0,0,0.48738346,RETRY_SCHEDULED,1206.05,Insufficient Funds recovers best after a 4-day delay (e.g. next salary credit).,Sep 02,We'll retry your payment on Sep 02. You can also pay now via a different method.
1406.45,Wallet,HDFC,insufficient_funds,14,0,292,0,0,0,1,0.48730507,RETRY_SCHEDULED,683.37,Insufficient Funds recovers best after a 4-day delay (e.g. next salary credit).,Sep 02,We'll retry your payment on Sep 02. You can also pay now via a different method.
5903.3,Credit Card,ICICI,insufficient_funds,14,2,418,0,0,0,0,0.4871578,RETRY_SCHEDULED,2873.84,Insufficient Funds recovers best after a 4-day delay (e.g. next salary credit).,Sep 02,We'll retry your payment on Sep 02. You can also pay now via a different method.
189.85,Netbanking,ICICI,insufficient_funds,7,1,805,0,0,0,1,0.48650065,RETRY_SCHEDULED,90.36,Insufficient Funds recovers best after a 4-day delay (e.g. next salary credit).,Sep 02,We'll retry your payment on Sep 02. You can also pay now via a different method.
866.52,UPI,SBI,insufficient_funds,14,0,349,0,0,0,1,0.48537904,RETRY_SCHEDULED,418.59,Insufficient Funds recovers best after a 4-day delay (e.g. next salary credit).,Sep 02,We'll retry your payment on Sep 02. You can also pay now via a different method.
37.66,Netbanking,Axis,insufficient_funds,1,0,298,1,0,0,0,0.48470914,RETRY_SCHEDULED,16.25,Insufficient Funds recovers best after a 4-day delay (e.g. next salary credit).,Sep 02,We'll retry your payment on Sep 02. You can also pay now via a different method.
2805.43,Debit Card,ICICI,insufficient_funds,24,1,98,0,0,0,0,0.4842843,RETRY_SCHEDULED,1356.63,Insufficient Funds recovers best after a 4-day delay (e.g. next salary credit).,Sep 02,We'll retry your payment on Sep 02. You can also pay now via a different method.
865.19,UPI,HDFC,insufficient_funds,7,0,180,0,0,0,1,0.4840843,RETRY_SCHEDULED,416.82,Insufficient Funds recovers best after a 4-day delay (e.g. next salary credit).,Sep 02,We'll retry your payment on Sep 02. You can also pay now via a different method.
543.34,Credit Card,Axis,insufficient_funds,14,2,700,0,0,0,0,0.48391777,RETRY_SCHEDULED,260.93,Insufficient Funds recovers best after a 4-day delay (e.g. next salary credit).,Sep 02,We'll retry your payment on Sep 02. You can also pay now via a different method.
540.42,Credit Card,ICICI,insufficient_funds,19,2,539,0,0,0,0,0.48391753,RETRY_SCHEDULED,259.52,Insufficient Funds recovers best after a 4-day delay (e.g. next salary credit).,Sep 02,We'll retry your payment on Sep 02. You can also pay now via a different method.
76.29,UPI,HDFC,otp_failure,3,1,211,1,0,0,0,0.48343146,RETRY_NOW,34.88,Otp Failure is usually transient — high chance of success on immediate retry.,,We'll automatically retry your payment shortly — no action needed.
402.08,Wallet,ICICI,insufficient_funds,9,0,738,0,0,0,0,0.48257688,RETRY_SCHEDULED,192.03,Insufficient Funds recovers best after a 4-day delay (e.g. next salary credit).,Sep 02,We'll retry your payment on Sep 02. You can also pay now via a different method.
131.78,Credit Card,ICICI,fraud_block,1,1,567,1,0,0,0,0.482326,SUPPRESS,63.56,Low recovery probability (fraud block or exhausted expected value) — not worth pursuing.,,
1710.89,Wallet,IDFC,insufficient_funds,9,1,735,0,0,0,0,0.481889,RETRY_SCHEDULED,822.46,Insufficient Funds recovers best after a 4-day delay (e.g. next salary credit).,Sep 02,We'll retry your payment on Sep 02. You can also pay now via a different method.
4036.84,Credit Card,HDFC,otp_failure,16,2,95,0,0,0,1,0.48167473,RETRY_NOW,1942.44,Otp Failure is usually transient — high chance of success on immediate retry.,,We'll automatically retry your payment shortly — no action needed.
641.2,UPI,Axis,insufficient_funds,15,2,814,0,0,0,1,0.48133576,RETRY_SCHEDULED,306.63,Insufficient Funds recovers best after a 4-day delay (e.g. next salary credit).,Sep 02,We'll retry your payment on Sep 02. You can also pay now via a different method.
1898.97,Wallet,Kotak,insufficient_funds,13,1,771,0,0,0,1,0.48002118,RETRY_SCHEDULED,909.55,Insufficient Funds recovers best after a 4-day delay (e.g. next salary credit).,Sep 02,We'll retry your payment on Sep 02. You can also pay now via a different method.
363.27,Netbanking,PNB,otp_failure,25,2,2,0,0,0,1,0.4797066,RETRY_NOW,172.26,Otp Failure is usually transient — high chance of success on immediate retry.,,We'll automatically retry your payment shortly — no action needed.
486.63,Debit Card,PNB,insufficient_funds,6,2,296,0,0,0,1,0.47941723,RETRY_SCHEDULED,231.3,Insufficient Funds recovers best after a 4-day delay (e.g. next salary credit).,Sep 02,We'll retry your payment on Sep 02. You can also pay now via a different method.
2735.91,Netbanking,HDFC,insufficient_funds,7,1,554,0,0,0,0,0.4790963,RETRY_SCHEDULED,1308.76,Insufficient Funds recovers best after a 4-day delay (e.g. next salary credit).,Sep 02,We'll retry your payment on Sep 02. You can also pay now via a different method.
572.51,Credit Card,Axis,network_error,4,3,307,1,0,1,1,0.4771172,RETRY_NOW,271.15,Network Error is usually transient — high chance of success on immediate retry.,,We'll automatically retry your payment shortly — no action needed.
957.22,Debit Card,HDFC,insufficient_funds,25,2,302,0,0,0,1,0.4767414,RETRY_SCHEDULED,454.35,Insufficient Funds recovers best after a 4-day delay (e.g. next salary credit).,Sep 02,We'll retry your payment on Sep 02. You can also pay now via a different method.
2971.21,Wallet,IDFC,insufficient_funds,9,1,718,0,0,0,1,0.4762382,RETRY_SCHEDULED,1413.0,Insufficient Funds recovers best after a 4-day delay (e.g. next salary credit).,Sep 02,We'll retry your payment on Sep 02. You can also pay now via a different method.
1482.87,Wallet,SBI,insufficient_funds,17,0,320,0,0,0,1,0.47591978,RETRY_SCHEDULED,703.73,Insufficient Funds recovers best after a 4-day delay (e.g. next salary credit).,Sep 02,We'll retry your payment on Sep 02. You can also pay now via a different method.
88.23,Netbanking,IDFC,insufficient_funds,17,1,38,0,0,0,0,0.4757436,RETRY_SCHEDULED,39.97,Insufficient Funds recovers best after a 4-day delay (e.g. next salary credit).,Sep 02,We'll retry your payment on Sep 02. You can also pay now via a different method.
440.19,Netbanking,SBI,insufficient_funds,19,0,38,0,0,0,0,0.4756593,RETRY_SCHEDULED,207.38,Insufficient Funds recovers best after a 4-day delay (e.g. next salary credit).,Sep 02,We'll retry your payment on Sep 02. You can also pay now via a different method.
3325.39,Debit Card,Axis,insufficient_funds,24,0,33,0,0,0,0,0.4752999,RETRY_SCHEDULED,1578.56,Insufficient Funds recovers best after a 4-day delay (e.g. next salary credit).,Sep 02,We'll retry your payment on Sep 02. You can also pay now via a different method.
527.25,Credit Card,HDFC,otp_failure,4,2,829,1,0,0,1,0.47436225,RETRY_NOW,248.11,Otp Failure is usually transient — high chance of success on immediate retry.,,We'll automatically retry your payment shortly — no action needed.
161.56,Credit Card,HDFC,insufficient_funds,17,0,698,0,0,0,1,0.47432175,RETRY_SCHEDULED,74.63,Insufficient Funds recovers best after a 4-day delay (e.g. next salary credit).,Sep 02,We'll retry your payment on Sep 02. You can also pay now via a different method.
2365.12,UPI,ICICI,insufficient_funds,7,0,570,0,0,0,0,0.47399655,RETRY_SCHEDULED,1119.06,Insufficient Funds recovers best after a 4-day delay (e.g. next salary credit).,Sep 02,We'll retry your payment on Sep 02. You can also pay now via a different method.
175.94,Netbanking,HDFC,insufficient_funds,21,1,181,0,0,0,0,0.47393438,RETRY_SCHEDULED,81.38,Insufficient Funds recovers best after a 4-day delay (e.g. next salary credit).,Sep 02,We'll retry your payment on Sep 02. You can also pay now via a different method.
178.74,Netbanking,Axis,otp_failure,25,1,21,0,0,0,1,0.4734111,RETRY_NOW,82.62,Otp Failure is usually transient — high chance of success on immediate retry.,,We'll automatically retry your payment shortly — no action needed.
246.61,UPI,Yes Bank,insufficient_funds,20,1,682,0,0,0,0,0.4732191,RETRY_SCHEDULED,114.7,Insufficient Funds recovers best after a 4-day delay (e.g. next salary credit).,Sep 02,We'll retry your payment on Sep 02. You can also pay now via a different method.
2379.07,Debit Card,PNB,insufficient_funds,15,2,514,0,0,0,1,0.4729084,RETRY_SCHEDULED,1123.08,Insufficient Funds recovers best after a 4-day delay (e.g. next salary credit).,Sep 02,We'll retry your payment on Sep 02. You can also pay now via a different method.
219.1,UPI,Yes Bank,otp_failure,3,1,235,1,0,0,1,0.47283003,RETRY_NOW,101.6,Otp Failure is usually transient — high chance of success on immediate retry.,,We'll automatically retry your payment shortly — no action needed.
667.96,Netbanking,PNB,invalid_cvv,29,1,631,1,0,0,0,0.4726692,REQUEST_UPDATE,310.72,Invalid Cvv needs the customer to fix their payment method — retrying won't help.,,Your payment didn't go through. Please update your card details to complete this payment.
444.11,Wallet,HDFC,insufficient_funds,25,1,346,0,0,0,1,0.47259519,RETRY_SCHEDULED,207.88,Insufficient Funds recovers best after a 4-day delay (e.g. next salary credit).,Sep 02,We'll retry your payment on Sep 02. You can also pay now via a different method.
286.31,Wallet,PNB,invalid_cvv,17,1,522,0,0,0,0,0.4710973,REQUEST_UPDATE,129.88,Invalid Cvv needs the customer to fix their payment method — retrying won't help.,,Your payment didn't go through. Please update your card details to complete this payment.
775.45,Credit Card,Axis,otp_failure,19,1,851,0,0,0,0,0.47069597,RETRY_NOW,363.0,Otp Failure is usually transient — high chance of success on immediate retry.,,We'll automatically retry your payment shortly — no action needed.
792.64,UPI,Axis,insufficient_funds,25,1,285,0,0,0,1,0.47056457,RETRY_SCHEDULED,370.99,Insufficient Funds recovers best after a 4-day delay (e.g. next salary credit).,Sep 02,We'll retry your payment on Sep 02. You can also pay now via a different method.
1345.96,Netbanking,PNB,insufficient_funds,3,4,301,1,0,1,0,0.47021103,RETRY_SCHEDULED,630.89,Insufficient Funds recovers best after a 4-day delay (e.g. next salary credit).,Sep 02,We'll retry your payment on Sep 02. You can also pay now via a different method.
10032.85,Debit Card,Kotak,bank_timeout,3,1,493,1,0,0,1,0.46916142,RETRY_NOW,4705.03,Bank Timeout is usually transient — high chance of success on immediate retry.,,We'll automatically retry your payment shortly — no action needed.
426.47,Netbanking,Kotak,insufficient_funds,14,0,258,0,0,0,0,0.46904987,RETRY_SCHEDULED,198.04,Insufficient Funds recovers best after a 4-day delay (e.g. next salary credit).,Sep 02,We'll retry your payment on Sep 02. You can also pay now via a different method.
754.46,Debit Card,ICICI,insufficient_funds,18,0,257,0,0,0,1,0.46898797,RETRY_SCHEDULED,351.83,Insufficient Funds recovers best after a 4-day delay (e.g. next salary credit).,Sep 02,We'll retry your payment on Sep 02. You can also pay now via a different method.
866.05,Netbanking,Yes Bank,insufficient_funds,18,1,470,0,0,0,0,0.4685276,RETRY_SCHEDULED,403.77,Insufficient Funds recovers best after a 4-day delay (e.g. next salary credit).,Sep 02,We'll retry your payment on Sep 02. You can also pay now via a different method.
1498.53,UPI,IDFC,insufficient_funds,26,1,241,0,0,0,0,0.46768564,RETRY_SCHEDULED,698.84,Insufficient Funds recovers best after a 4-day delay (e.g. next salary credit).,Sep 02,We'll retry your payment on Sep 02. You can also pay now via a different method.
2475.71,Credit Card,ICICI,insufficient_funds,7,1,136,0,0,0,0,0.46754232,RETRY_SCHEDULED,1155.5,Insufficient Funds recovers best after a 4-day delay (e.g. next salary credit).,Sep 02,We'll retry your payment on Sep 02. You can also pay now via a different method.
87.33,Wallet,PNB,otp_failure,17,3,694,0,0,1,1,0.4674415,RETRY_NOW,38.82,Otp Failure is usually transient — high chance of success on immediate retry.,,We'll automatically retry your payment shortly — no action needed.
878.06,Debit Card,ICICI,insufficient_funds,21,0,335,0,0,0,0,0.46678966,RETRY_SCHEDULED,407.87,Insufficient Funds recovers best after a 4-day delay (e.g. next salary credit).,Sep 02,We'll retry your payment on Sep 02. You can also pay now via a different method.
615.03,Netbanking,Axis,insufficient_funds,8,2,210,0,0,0,1,0.46606827,RETRY_SCHEDULED,284.65,Insufficient Funds recovers best after a 4-day delay (e.g. next salary credit).,Sep 02,We'll retry your payment on Sep 02. You can also pay now via a different method.
2497.53,Wallet,Kotak,insufficient_funds,6,1,44,0,0,0,1,0.4655471,RETRY_SCHEDULED,1160.72,Insufficient Funds recovers best after a 4-day delay (e.g. next salary credit).,Sep 02,We'll retry your payment on Sep 02. You can also pay now via a different method.
834.05,Debit Card,PNB,insufficient_funds,18,2,204,0,0,0,0,0.46484956,RETRY_SCHEDULED,385.71,Insufficient Funds recovers best after a 4-day delay (e.g. next salary credit).,Sep 02,We'll retry your payment on Sep 02. You can also pay now via a different method.
2089.69,Credit Card,IDFC,insufficient_funds,19,0,820,0,0,0,1,0.46409494,RETRY_SCHEDULED,967.81,Insufficient Funds recovers best after a 4-day delay (e.g. next salary credit).,Sep 02,We'll retry your payment on Sep 02. You can also pay now via a different method.
3028.34,Debit Card,SBI,insufficient_funds,18,0,544,0,0,0,0,0.4607424,RETRY_SCHEDULED,1393.28,Insufficient Funds recovers best after a 4-day delay (e.g. next salary credit).,Sep 02,We'll retry your payment on Sep 02. You can also pay now via a different method.
888.77,Debit Card,IDFC,insufficient_funds,19,2,188,0,0,0,0,0.46071395,RETRY_SCHEDULED,407.47,Insufficient Funds recovers best after a 4-day delay (e.g. next salary credit).,Sep 02,We'll retry your payment on Sep 02. You can also pay now via a different method.
1973.09,Debit Card,Axis,insufficient_funds,15,1,334,0,0,0,1,0.4603504,RETRY_SCHEDULED,906.31,Insufficient Funds recovers best after a 4-day delay (e.g. next salary credit).,Sep 02,We'll retry your payment on Sep 02. You can also pay now via a different method.
442.62,Netbanking,Yes Bank,insufficient_funds,18,2,727,0,0,0,1,0.4600262,RETRY_SCHEDULED,201.62,Insufficient Funds recovers best after a 4-day delay (e.g. next salary credit).,Sep 02,We'll retry your payment on Sep 02. You can also pay now via a different method.
2846.13,Netbanking,HDFC,invalid_cvv,28,1,798,1,0,0,0,0.45907292,REQUEST_UPDATE,1301.58,Invalid Cvv needs the customer to fix their payment method — retrying won't help.,,Your payment didn't go through. Please update your card details to complete this payment.
1178.09,Netbanking,HDFC,network_error,28,4,12,1,0,1,1,0.4589417,RETRY_NOW,538.67,Network Error is usually transient — high chance of success on immediate retry.,,We'll automatically retry your payment shortly — no action needed.
896.87,Debit Card,Axis,insufficient_funds,10,1,95,0,0,0,0,0.45875317,RETRY_SCHEDULED,409.44,Insufficient Funds recovers best after a 4-day delay (e.g. next salary credit).,Sep 02,We'll retry your payment on Sep 02. You can also pay now via a different method.
236.78,UPI,Axis,insufficient_funds,20,1,325,0,0,0,0,0.45791885,RETRY_SCHEDULED,106.43,Insufficient Funds recovers best after a 4-day delay (e.g. next salary credit).,Sep 02,We'll retry your payment on Sep 02. You can also pay now via a different method.
4392.37,Credit Card,HDFC,insufficient_funds,16,2,26,0,0,0,0,0.45768818,RETRY_SCHEDULED,2008.34,Insufficient Funds recovers best after a 4-day delay (e.g. next salary credit).,Sep 02,We'll retry your payment on Sep 02. You can also pay now via a different method.
985.97,Netbanking,Yes Bank,otp_failure,6,2,22,0,0,0,1,0.4561993,RETRY_NOW,447.8,Otp Failure is usually transient — high chance of success on immediate retry.,,We'll automatically retry your payment shortly — no action needed.
3866.26,Netbanking,Yes Bank,otp_failure,21,2,384,0,0,0,1,0.4558594,RETRY_NOW,1760.47,Otp Failure is usually transient — high chance of success on immediate retry.,,We'll automatically retry your payment shortly — no action needed.
564.17,Wallet,IDFC,insufficient_funds,10,2,257,0,0,0,0,0.4555544,RETRY_SCHEDULED,255.01,Insufficient Funds recovers best after a 4-day delay (e.g. next salary credit).,Sep 02,We'll retry your payment on Sep 02. You can also pay now via a different method.
804.31,Debit Card,HDFC,insufficient_funds,21,0,326,0,0,0,0,0.4550102,RETRY_SCHEDULED,363.97,Insufficient Funds recovers best after a 4-day delay (e.g. next salary credit).,Sep 02,We'll retry your payment on Sep 02. You can also pay now via a different method.
1549.15,Credit Card,Kotak,insufficient_funds,13,2,761,0,0,0,0,0.45390233,RETRY_SCHEDULED,701.16,Insufficient Funds recovers best after a 4-day delay (e.g. next salary credit).,Sep 02,We'll retry your payment on Sep 02. You can also pay now via a different method.
579.76,Wallet,Kotak,insufficient_funds,25,2,547,0,0,0,1,0.45358637,RETRY_SCHEDULED,260.97,Insufficient Funds recovers best after a 4-day delay (e.g. next salary credit).,Sep 02,We'll retry your payment on Sep 02. You can also pay now via a different method.
330.29,Credit Card,IDFC,insufficient_funds,15,1,151,0,0,0,0,0.4532851,RETRY_SCHEDULED,147.72,Insufficient Funds recovers best after a 4-day delay (e.g. next salary credit).,Sep 02,We'll retry your payment on Sep 02. You can also pay now via a different method.
535.04,UPI,HDFC,insufficient_funds,8,1,136,0,0,0,0,0.45316377,RETRY_SCHEDULED,240.46,Insufficient Funds recovers best after a 4-day delay (e.g. next salary credit).,Sep 02,We'll retry your payment on Sep 02. You can also pay now via a different method.
2150.61,Netbanking,HDFC,insufficient_funds,9,0,406,0,0,0,0,0.4531089,RETRY_SCHEDULED,972.46,Insufficient Funds recovers best after a 4-day delay (e.g. next salary credit).,Sep 02,We'll retry your payment on Sep 02. You can also pay now via a different method.
3350.92,Wallet,Axis,insufficient_funds,19,2,567,0,0,0,1,0.45293313,RETRY_SCHEDULED,1515.74,Insufficient Funds recovers best after a 4-day delay (e.g. next salary credit).,Sep 02,We'll retry your payment on Sep 02. You can also pay now via a different method.
235.63,Wallet,HDFC,insufficient_funds,6,1,213,0,0,0,1,0.45232588,RETRY_SCHEDULED,104.58,Insufficient Funds recovers best after a 4-day delay (e.g. next salary credit).,Sep 02,We'll retry your payment on Sep 02. You can also pay now via a different method.
438.66,Wallet,IDFC,insufficient_funds,14,1,23,0,0,0,1,0.45146108,RETRY_SCHEDULED,196.04,Insufficient Funds recovers best after a 4-day delay (e.g. next salary credit).,Sep 02,We'll retry your payment on Sep 02. You can also pay now via a different method.
252.02,Wallet,HDFC,insufficient_funds,10,2,152,0,0,0,0,0.4513588,RETRY_SCHEDULED,111.75,Insufficient Funds recovers best after a 4-day delay (e.g. next salary credit).,Sep 02,We'll retry your payment on Sep 02. You can also pay now via a different method.
2967.32,Debit Card,IDFC,insufficient_funds,21,0,126,0,0,0,0,0.4505101,RETRY_SCHEDULED,1334.81,Insufficient Funds recovers best after a 4-day delay (e.g. next salary credit).,Sep 02,We'll retry your payment on Sep 02. You can also pay now via a different method.
262.11,Netbanking,PNB,insufficient_funds,16,2,161,0,0,0,1,0.45044953,RETRY_SCHEDULED,116.07,Insufficient Funds recovers best after a 4-day delay (e.g. next salary credit).,Sep 02,We'll retry your payment on Sep 02. You can also pay now via a different method.
880.33,Netbanking,SBI,insufficient_funds,21,1,10,0,0,0,1,0.4502737,RETRY_SCHEDULED,394.39,Insufficient Funds recovers best after a 4-day delay (e.g. next salary credit).,Sep 02,We'll retry your payment on Sep 02. You can also pay now via a different method.
225.89,Debit Card,PNB,otp_failure,3,1,22,1,0,0,0,0.4492477,RETRY_NOW,99.48,Otp Failure is usually transient — high chance of success on immediate retry.,,We'll automatically retry your payment shortly — no action needed.
165.16,Netbanking,Axis,insufficient_funds,7,1,646,0,0,0,1,0.4484273,RETRY_SCHEDULED,72.06,Insufficient Funds recovers best after a 4-day delay (e.g. next salary credit).,Sep 02,We'll retry your payment on Sep 02. You can also pay now via a different method.
3526.38,UPI,ICICI,insufficient_funds,6,2,709,0,0,0,0,0.44836903,RETRY_SCHEDULED,1579.12,Insufficient Funds recovers best after a 4-day delay (e.g. next salary credit).,Sep 02,We'll retry your payment on Sep 02. You can also pay now via a different method.
174.47,UPI,Kotak,insufficient_funds,18,0,84,0,0,0,0,0.44791952,RETRY_SCHEDULED,76.15,Insufficient Funds recovers best after a 4-day delay (e.g. next salary credit).,Sep 02,We'll retry your payment on Sep 02. You can also pay now via a different method.
1018.13,Wallet,PNB,bank_timeout,7,4,23,0,0,1,0,0.4475579,RETRY_NOW,453.67,Bank Timeout is usually transient — high chance of success on immediate retry.,,We'll automatically retry your payment shortly — no action needed.
211.9,Wallet,SBI,insufficient_funds,27,1,518,0,0,0,0,0.44689777,RETRY_SCHEDULED,92.7,Insufficient Funds recovers best after a 4-day delay (e.g. next salary credit).,Sep 02,We'll retry your payment on Sep 02. You can also pay now via a different method.
160.45,Wallet,Axis,insufficient_funds,18,0,378,0,0,0,1,0.4446677,RETRY_SCHEDULED,69.35,Insufficient Funds recovers best after a 4-day delay (e.g. next salary credit).,Sep 02,We'll retry your payment on Sep 02. You can also pay now via a different method.
2604.16,Netbanking,ICICI,insufficient_funds,19,2,419,0,0,0,1,0.44395518,RETRY_SCHEDULED,1154.13,Insufficient Funds recovers best after a 4-day delay (e.g. next salary credit).,Sep 02,We'll retry your payment on Sep 02. You can also pay now via a different method.
161.45,Wallet,ICICI,insufficient_funds,26,1,159,0,0,0,1,0.44331473,RETRY_SCHEDULED,69.57,Insufficient Funds recovers best after a 4-day delay (e.g. next salary credit).,Sep 02,We'll retry your payment on Sep 02. You can also pay now via a different method.
301.11,Netbanking,Yes Bank,insufficient_funds,6,0,54,0,0,0,0,0.44142503,RETRY_SCHEDULED,130.92,Insufficient Funds recovers best after a 4-day delay (e.g. next salary credit).,Sep 02,We'll retry your payment on Sep 02. You can also pay now via a different method.
150.05,Wallet,SBI,otp_failure,23,0,289,0,0,0,0,0.44115922,RETRY_NOW,64.2,Otp Failure is usually transient — high chance of success on immediate retry.,,We'll automatically retry your payment shortly — no action needed.
44.99,Wallet,HDFC,network_error,4,3,83,1,0,1,1,0.44070828,RETRY_NOW,17.83,Network Error is usually transient — high chance of success on immediate retry.,,We'll automatically retry your payment shortly — no action needed.
525.84,Credit Card,IDFC,insufficient_funds,27,1,348,0,0,0,1,0.44047016,RETRY_SCHEDULED,229.62,Insufficient Funds recovers best after a 4-day delay (e.g. next salary credit).,Sep 02,We'll retry your payment on Sep 02. You can also pay now via a different method.
436.98,Wallet,SBI,insufficient_funds,1,3,325,1,0,1,1,0.44035697,RETRY_SCHEDULED,190.43,Insufficient Funds recovers best after a 4-day delay (e.g. next salary credit).,Sep 02,We'll retry your payment on Sep 02. You can also pay now via a different method.
235.76,Credit Card,Yes Bank,insufficient_funds,19,3,810,0,0,1,0,0.4397953,RETRY_SCHEDULED,101.69,Insufficient Funds recovers best after a 4-day delay (e.g. next salary credit).,Sep 02,We'll retry your payment on Sep 02. You can also pay now via a different method.
217.32,Netbanking,PNB,insufficient_funds,20,2,260,0,0,0,0,0.43935102,RETRY_SCHEDULED,93.48,Insufficient Funds recovers best after a 4-day delay (e.g. next salary credit).,Sep 02,We'll retry your payment on Sep 02. You can also pay now via a different method.
1389.11,Debit Card,HDFC,insufficient_funds,20,1,444,0,0,0,0,0.43918893,RETRY_SCHEDULED,608.08,Insufficient Funds recovers best after a 4-day delay (e.g. next salary credit).,Sep 02,We'll retry your payment on Sep 02. You can also pay now via a different method.
998.1,Netbanking,ICICI,insufficient_funds,3,4,96,1,0,1,1,0.43847793,RETRY_SCHEDULED,435.64,Insufficient Funds recovers best after a 4-day delay (e.g. next salary credit).,Sep 02,We'll retry your payment on Sep 02. You can also pay now via a different method.
2103.05,Credit Card,IDFC,insufficient_funds,15,2,489,0,0,0,1,0.43625683,RETRY_SCHEDULED,915.47,Insufficient Funds recovers best after a 4-day delay (e.g. next salary credit).,Sep 02,We'll retry your payment on Sep 02. You can also pay now via a different method.
203.02,Netbanking,IDFC,insufficient_funds,19,1,334,0,0,0,0,0.43583333,RETRY_SCHEDULED,86.48,Insufficient Funds recovers best after a 4-day delay (e.g. next salary credit).,Sep 02,We'll retry your payment on Sep 02. You can also pay now via a different method.
1656.35,Debit Card,HDFC,insufficient_funds,12,2,483,0,0,0,1,0.43526047,RETRY_SCHEDULED,718.94,Insufficient Funds recovers best after a 4-day delay (e.g. next salary credit).,Sep 02,We'll retry your payment on Sep 02. You can also pay now via a different method.
290.47,UPI,Axis,insufficient_funds,19,1,358,0,0,0,1,0.4350962,RETRY_SCHEDULED,124.38,Insufficient Funds recovers best after a 4-day delay (e.g. next salary credit).,Sep 02,We'll retry your payment on Sep 02. You can also pay now via a different method.
587.09,Debit Card,HDFC,insufficient_funds,11,2,59,0,0,0,0,0.43428487,RETRY_SCHEDULED,252.96,Insufficient Funds recovers best after a 4-day delay (e.g. next salary credit).,Sep 02,We'll retry your payment on Sep 02. You can also pay now via a different method.
867.69,Debit Card,Yes Bank,insufficient_funds,25,0,56,0,0,0,1,0.43346056,RETRY_SCHEDULED,374.11,Insufficient Funds recovers best after a 4-day delay (e.g. next salary credit).,Sep 02,We'll retry your payment on Sep 02. You can also pay now via a different method.
264.82,Debit Card,HDFC,insufficient_funds,20,2,344,0,0,0,0,0.43288597,RETRY_SCHEDULED,112.64,Insufficient Funds recovers best after a 4-day delay (e.g. next salary credit).,Sep 02,We'll retry your payment on Sep 02. You can also pay now via a different method.
351.79,UPI,ICICI,insufficient_funds,10,1,54,0,0,0,0,0.4328568,RETRY_SCHEDULED,150.27,Insufficient Funds recovers best after a 4-day delay (e.g. next salary credit).,Sep 02,We'll retry your payment on Sep 02. You can also pay now via a different method.
1216.74,UPI,SBI,insufficient_funds,25,1,685,0,0,0,0,0.43213534,RETRY_SCHEDULED,523.8,Insufficient Funds recovers best after a 4-day delay (e.g. next salary credit).,Sep 02,We'll retry your payment on Sep 02. You can also pay now via a different method.
1056.43,Netbanking,SBI,insufficient_funds,16,0,124,0,0,0,1,0.43088958,RETRY_SCHEDULED,453.2,Insufficient Funds recovers best after a 4-day delay (e.g. next salary credit).,Sep 02,We'll retry your payment on Sep 02. You can also pay now via a different method.
3188.56,Debit Card,Axis,otp_failure,7,3,373,0,0,1,0,0.42900085,RETRY_NOW,1365.89,Otp Failure is usually transient — high chance of success on immediate retry.,,We'll automatically retry your payment shortly — no action needed.
124.97,Credit Card,Yes Bank,invalid_cvv,30,0,428,1,0,0,0,0.42808604,REQUEST_UPDATE,48.5,Invalid Cvv needs the customer to fix their payment method — retrying won't help.,,Your payment didn't go through. Please update your card details to complete this payment.
315.22,Netbanking,Kotak,insufficient_funds,23,2,78,0,0,0,1,0.42782047,RETRY_SCHEDULED,132.86,Insufficient Funds recovers best after a 4-day delay (e.g. next salary credit).,Sep 02,We'll retry your payment on Sep 02. You can also pay now via a different method.
448.99,Wallet,Yes Bank,insufficient_funds,25,2,573,0,0,0,1,0.427786,RETRY_SCHEDULED,190.07,Insufficient Funds recovers best after a 4-day delay (e.g. next salary credit).,Sep 02,We'll retry your payment on Sep 02. You can also pay now via a different method.
643.53,Credit Card,Axis,invalid_cvv,15,1,590,0,0,0,0,0.42716217,REQUEST_UPDATE,269.89,Invalid Cvv needs the customer to fix their payment method — retrying won't help.,,Your payment didn't go through. Please update your card details to complete this payment.
376.91,Debit Card,SBI,insufficient_funds,6,0,360,0,0,0,0,0.4264517,RETRY_SCHEDULED,158.73,Insufficient Funds recovers best after a 4-day delay (e.g. next salary credit).,Sep 02,We'll retry your payment on Sep 02. You can also pay now via a different method.
135.32,Debit Card,Yes Bank,insufficient_funds,16,2,808,0,0,0,0,0.4262484,RETRY_SCHEDULED,55.68,Insufficient Funds recovers best after a 4-day delay (e.g. next salary credit).,Sep 02,We'll retry your payment on Sep 02. You can also pay now via a different method.
1022.66,Debit Card,IDFC,insufficient_funds,17,0,24,0,0,0,0,0.42615435,RETRY_SCHEDULED,433.81,Insufficient Funds recovers best after a 4-day delay (e.g. next salary credit).,Sep 02,We'll retry your payment on Sep 02. You can also pay now via a different method.
55.63,Debit Card,Axis,insufficient_funds,7,1,536,0,0,0,0,0.42513302,RETRY_SCHEDULED,21.65,Insufficient Funds recovers best after a 4-day delay (e.g. next salary credit).,Sep 02,We'll retry your payment on Sep 02. You can also pay now via a different method.
1720.21,UPI,Yes Bank,insufficient_funds,13,1,315,0,0,0,0,0.42436677,RETRY_SCHEDULED,728.0,Insufficient Funds recovers best after a 4-day delay (e.g. next salary credit).,Sep 02,We'll retry your payment on Sep 02. You can also pay now via a different method.
139.98,Netbanking,Yes Bank,insufficient_funds,8,1,258,0,0,0,0,0.42367437,RETRY_SCHEDULED,57.31,Insufficient Funds recovers best after a 4-day delay (e.g. next salary credit).,Sep 02,We'll retry your payment on Sep 02. You can also pay now via a different method.
2175.73,Debit Card,HDFC,insufficient_funds,14,0,100,0,0,0,0,0.42281938,RETRY_SCHEDULED,917.94,Insufficient Funds recovers best after a 4-day delay (e.g. next salary credit).,Sep 02,We'll retry your payment on Sep 02. You can also pay now via a different method.
1336.39,Credit Card,Kotak,insufficient_funds,7,1,253,0,0,0,1,0.42278853,RETRY_SCHEDULED,563.01,Insufficient Funds recovers best after a 4-day delay (e.g. next salary credit).,Sep 02,We'll retry your payment on Sep 02. You can also pay now via a different method.
1117.01,Netbanking,Yes Bank,insufficient_funds,14,1,598,0,0,0,1,0.4225647,RETRY_SCHEDULED,470.01,Insufficient Funds recovers best after a 4-day delay (e.g. next salary credit).,Sep 02,We'll retry your payment on Sep 02. You can also pay now via a different method.
762.28,Debit Card,PNB,insufficient_funds,25,2,545,0,0,0,0,0.4222449,RETRY_SCHEDULED,319.87,Insufficient Funds recovers best after a 4-day delay (e.g. next salary credit).,Sep 02,We'll retry your payment on Sep 02. You can also pay now via a different method.
298.36,UPI,Kotak,insufficient_funds,7,2,240,0,0,0,0,0.4222449,RETRY_SCHEDULED,123.98,Insufficient Funds recovers best after a 4-day delay (e.g. next salary credit).,Sep 02,We'll retry your payment on Sep 02. You can also pay now via a different method.
1079.75,Debit Card,PNB,invalid_cvv,28,1,680,1,0,0,0,0.42144775,REQUEST_UPDATE,450.06,Invalid Cvv needs the customer to fix their payment method — retrying won't help.,,Your payment didn't go through. Please update your card details to complete this payment.
3019.47,Debit Card,ICICI,insufficient_funds,7,2,434,0,0,0,1,0.42122203,RETRY_SCHEDULED,1269.87,Insufficient Funds recovers best after a 4-day delay (e.g. next salary credit).,Sep 02,We'll retry your payment on Sep 02. You can also pay now via a different method.
1917.53,Debit Card,Kotak,otp_failure,13,3,178,0,0,1,0,0.4205182,RETRY_NOW,804.36,Otp Failure is usually transient — high chance of success on immediate retry.,,We'll automatically retry your payment shortly — no action needed.
3705.6,Wallet,Axis,insufficient_funds,8,1,264,0,0,0,1,0.4196927,RETRY_SCHEDULED,1553.21,Insufficient Funds recovers best after a 4-day delay (e.g. next salary credit).,Sep 02,We'll retry your payment on Sep 02. You can also pay now via a different method.
505.61,UPI,Axis,invalid_cvv,27,1,408,0,0,0,1,0.41939756,REQUEST_UPDATE,207.05,Invalid Cvv needs the customer to fix their payment method — retrying won't help.,,Your payment didn't go through. Please update your card details to complete this payment.
567.15,Wallet,SBI,insufficient_funds,20,1,19,0,0,0,0,0.41913855,RETRY_SCHEDULED,235.71,Insufficient Funds recovers best after a 4-day delay (e.g. next salary credit).,Sep 02,We'll retry your payment on Sep 02. You can also pay now via a different method.
318.11,Netbanking,IDFC,invalid_cvv,9,1,403,0,0,0,1,0.4168414,REQUEST_UPDATE,127.6,Invalid Cvv needs the customer to fix their payment method — retrying won't help.,,Your payment didn't go through. Please update your card details to complete this payment.
329.72,UPI,Yes Bank,invalid_cvv,30,0,791,1,0,0,0,0.41569147,REQUEST_UPDATE,132.06,Invalid Cvv needs the customer to fix their payment method — retrying won't help.,,Your payment didn't go through. Please update your card details to complete this payment.
312.32,Wallet,PNB,insufficient_funds,15,2,55,0,0,0,0,0.4139508,RETRY_SCHEDULED,127.29,Insufficient Funds recovers best after a 4-day delay (e.g. next salary credit).,Sep 02,We'll retry your payment on Sep 02. You can also pay now via a different method.
233.82,Debit Card,PNB,insufficient_funds,25,0,101,0,0,0,0,0.41333836,RETRY_SCHEDULED,94.65,Insufficient Funds recovers best after a 4-day delay (e.g. next salary credit).,Sep 02,We'll retry your payment on Sep 02. You can also pay now via a different method.
304.66,Debit Card,Axis,invalid_cvv,24,0,695,0,0,0,0,0.41257778,REQUEST_UPDATE,120.7,Invalid Cvv needs the customer to fix their payment method — retrying won't help.,,Your payment didn't go through. Please update your card details to complete this payment.
1127.72,Netbanking,Kotak,otp_failure,21,3,174,0,0,1,1,0.41076446,RETRY_NOW,461.23,Otp Failure is usually transient — high chance of success on immediate retry.,,We'll automatically retry your payment shortly — no action needed.
639.01,UPI,Axis,insufficient_funds,1,3,96,1,0,1,1,0.409698,RETRY_SCHEDULED,259.8,Insufficient Funds recovers best after a 4-day delay (e.g. next salary credit).,Sep 02,We'll retry your payment on Sep 02. You can also pay now via a different method.
660.06,Wallet,PNB,invalid_cvv,13,1,290,0,0,0,0,0.40790862,REQUEST_UPDATE,264.24,Invalid Cvv needs the customer to fix their payment method — retrying won't help.,,Your payment didn't go through. Please update your card details to complete this payment.
6602.22,Netbanking,Yes Bank,insufficient_funds,20,0,61,0,0,0,1,0.40759042,RETRY_SCHEDULED,2689.0,Insufficient Funds recovers best after a 4-day delay (e.g. next salary credit).,Sep 02,We'll retry your payment on Sep 02. You can also pay now via a different method.
150.03,UPI,Yes Bank,insufficient_funds,21,1,77,0,0,0,0,0.4072127,RETRY_SCHEDULED,59.09,Insufficient Funds recovers best after a 4-day delay (e.g. next salary credit).,Sep 02,We'll retry your payment on Sep 02. You can also pay now via a different method.
964.05,Debit Card,Kotak,invalid_cvv,1,0,547,1,0,0,0,0.40635622,REQUEST_UPDATE,386.75,Invalid Cvv needs the customer to fix their payment method — retrying won't help.,,Your payment didn't go through. Please update your card details to complete this payment.
826.53,Credit Card,PNB,insufficient_funds,12,3,805,0,0,1,0,0.40602586,RETRY_SCHEDULED,333.59,Insufficient Funds recovers best after a 4-day delay (e.g. next salary credit).,Sep 02,We'll retry your payment on Sep 02. You can also pay now via a different method.
1981.79,Debit Card,Yes Bank,insufficient_funds,20,1,366,0,0,0,1,0.4060246,RETRY_SCHEDULED,802.66,Insufficient Funds recovers best after a 4-day delay (e.g. next salary credit).,Sep 02,We'll retry your payment on Sep 02. You can also pay now via a different method.
757.68,Credit Card,HDFC,insufficient_funds,13,0,113,0,0,0,1,0.40573898,RETRY_SCHEDULED,305.42,Insufficient Funds recovers best after a 4-day delay (e.g. next salary credit).,Sep 02,We'll retry your payment on Sep 02. You can also pay now via a different method.
477.01,UPI,SBI,insufficient_funds,12,1,890,0,0,0,0,0.4057302,RETRY_SCHEDULED,191.54,Insufficient Funds recovers best after a 4-day delay (e.g. next salary credit).,Sep 02,We'll retry your payment on Sep 02. You can also pay now via a different method.
1274.96,Credit Card,PNB,invalid_cvv,14,0,548,0,0,0,1,0.40529948,REQUEST_UPDATE,511.74,Invalid Cvv needs the customer to fix their payment method — retrying won't help.,,Your payment didn't go through. Please update your card details to complete this payment.
873.45,Netbanking,IDFC,insufficient_funds,19,2,2,0,0,0,0,0.40342608,RETRY_SCHEDULED,350.37,Insufficient Funds recovers best after a 4-day delay (e.g. next salary credit).,Sep 02,We'll retry your payment on Sep 02. You can also pay now via a different method.
159.02,Credit Card,Kotak,otp_failure,20,3,380,0,0,1,1,0.4033471,RETRY_NOW,62.14,Otp Failure is usually transient — high chance of success on immediate retry.,,We'll automatically retry your payment shortly — no action needed.
589.01,Netbanking,Kotak,insufficient_funds,11,3,758,0,0,1,1,0.40130436,RETRY_SCHEDULED,234.37,Insufficient Funds recovers best after a 4-day delay (e.g. next salary credit).,Sep 02,We'll retry your payment on Sep 02. You can also pay now via a different method.
521.09,UPI,Kotak,insufficient_funds,21,2,451,0,0,0,1,0.39919025,RETRY_SCHEDULED,206.01,Insufficient Funds recovers best after a 4-day delay (e.g. next salary credit).,Sep 02,We'll retry your payment on Sep 02. You can also pay now via a different method.
296.43,Debit Card,IDFC,insufficient_funds,16,3,815,0,0,1,0,0.39729542,RETRY_SCHEDULED,115.77,Insufficient Funds recovers best after a 4-day delay (e.g. next salary credit).,Sep 02,We'll retry your payment on Sep 02. You can also pay now via a different method.
678.03,Wallet,HDFC,invalid_cvv,22,1,260,0,0,0,1,0.39607283,REQUEST_UPDATE,263.55,Invalid Cvv needs the customer to fix their payment method — retrying won't help.,,Your payment didn't go through. Please update your card details to complete this payment.
1646.53,Debit Card,SBI,insufficient_funds,4,1,19,1,0,0,0,0.39578775,RETRY_SCHEDULED,649.68,Insufficient Funds recovers best after a 4-day delay (e.g. next salary credit).,Sep 02,We'll retry your payment on Sep 02. You can also pay now via a different method.
1077.64,UPI,SBI,bank_timeout,22,6,549,0,0,1,1,0.39503413,RETRY_NOW,423.7,Bank Timeout is usually transient — high chance of success on immediate retry.,,We'll automatically retry your payment shortly — no action needed.
132.18,Debit Card,Kotak,otp_failure,10,3,27,0,0,1,1,0.3943343,RETRY_NOW,50.12,Otp Failure is usually transient — high chance of success on immediate retry.,,We'll automatically retry your payment shortly — no action needed.
405.89,Debit Card,SBI,insufficient_funds,13,0,13,0,0,0,0,0.39383575,RETRY_SCHEDULED,157.85,Insufficient Funds recovers best after a 4-day delay (e.g. next salary credit).,Sep 02,We'll retry your payment on Sep 02. You can also pay now via a different method.
1337.86,Wallet,SBI,otp_failure,14,4,517,0,0,1,1,0.39343777,RETRY_NOW,524.36,Otp Failure is usually transient — high chance of success on immediate retry.,,We'll automatically retry your payment shortly — no action needed.
2022.75,Credit Card,Axis,insufficient_funds,17,1,3,0,0,0,0,0.39207336,RETRY_SCHEDULED,791.07,Insufficient Funds recovers best after a 4-day delay (e.g. next salary credit).,Sep 02,We'll retry your payment on Sep 02. You can also pay now via a different method.
676.38,Debit Card,Yes Bank,insufficient_funds,8,1,853,0,0,0,0,0.3914419,RETRY_SCHEDULED,262.76,Insufficient Funds recovers best after a 4-day delay (e.g. next salary credit).,Sep 02,We'll retry your payment on Sep 02. You can also pay now via a different method.
366.89,Credit Card,IDFC,invalid_cvv,5,1,534,1,0,0,0,0.39068717,REQUEST_UPDATE,138.34,Invalid Cvv needs the customer to fix their payment method — retrying won't help.,,Your payment didn't go through. Please update your card details to complete this payment.
337.49,Credit Card,SBI,invalid_cvv,15,2,751,0,0,0,0,0.3899007,REQUEST_UPDATE,126.59,Invalid Cvv needs the customer to fix their payment method — retrying won't help.,,Your payment didn't go through. Please update your card details to complete this payment.
380.65,Debit Card,Kotak,insufficient_funds,25,2,304,0,0,0,0,0.38966584,RETRY_SCHEDULED,146.33,Insufficient Funds recovers best after a 4-day delay (e.g. next salary credit).,Sep 02,We'll retry your payment on Sep 02. You can also pay now via a different method.
1735.88,Wallet,Axis,bank_timeout,14,3,12,0,0,1,0,0.3891558,RETRY_NOW,673.53,Bank Timeout is usually transient — high chance of success on immediate retry.,,We'll automatically retry your payment shortly — no action needed.
1054.24,Credit Card,PNB,invalid_cvv,31,0,232,1,0,0,0,0.38914835,REQUEST_UPDATE,405.26,Invalid Cvv needs the customer to fix their payment method — retrying won't help.,,Your payment didn't go through. Please update your card details to complete this payment.
765.84,UPI,ICICI,invalid_cvv,27,1,510,0,0,0,0,0.38855347,REQUEST_UPDATE,292.57,Invalid Cvv needs the customer to fix their payment method — retrying won't help.,,Your payment didn't go through. Please update your card details to complete this payment.
752.34,Wallet,SBI,insufficient_funds,18,2,112,0,0,0,0,0.38839623,RETRY_SCHEDULED,290.21,Insufficient Funds recovers best after a 4-day delay (e.g. next salary credit).,Sep 02,We'll retry your payment on Sep 02. You can also pay now via a different method.
102.01,Wallet,Axis,insufficient_funds,7,2,570,0,0,0,1,0.38772103,RETRY_SCHEDULED,37.55,Insufficient Funds recovers best after a 4-day delay (e.g. next salary credit).,Sep 02,We'll retry your payment on Sep 02. You can also pay now via a different method.
1404.45,UPI,Kotak,invalid_cvv,4,1,869,1,0,0,1,0.3852407,REQUEST_UPDATE,536.05,Invalid Cvv needs the customer to fix their payment method — retrying won't help.,,Your payment didn't go through. Please update your card details to complete this payment.
99.73,Debit Card,SBI,insufficient_funds,21,1,85,0,0,0,1,0.38471404,RETRY_SCHEDULED,36.37,Insufficient Funds recovers best after a 4-day delay (e.g. next salary credit).,Sep 02,We'll retry your payment on Sep 02. You can also pay now via a different method.
552.31,Netbanking,Yes Bank,insufficient_funds,16,2,181,0,0,0,0,0.38382265,RETRY_SCHEDULED,209.99,Insufficient Funds recovers best after a 4-day delay (e.g. next salary credit).,Sep 02,We'll retry your payment on Sep 02. You can also pay now via a different method.
353.87,Debit Card,PNB,insufficient_funds,27,2,26,0,0,0,1,0.38344318,RETRY_SCHEDULED,133.69,Insufficient Funds recovers best after a 4-day delay (e.g. next salary credit).,Sep 02,We'll retry your payment on Sep 02. You can also pay now via a different method.
7057.81,UPI,Kotak,insufficient_funds,24,2,394,0,0,0,1,0.3834145,RETRY_SCHEDULED,2704.07,Insufficient Funds recovers best after a 4-day delay (e.g. next salary credit).,Sep 02,We'll retry your payment on Sep 02. You can also pay now via a different method.
910.27,Wallet,Axis,otp_failure,4,1,9,1,0,0,1,0.38282043,RETRY_NOW,346.47,Otp Failure is usually transient — high chance of success on immediate retry.,,We'll automatically retry your payment shortly — no action needed.
841.74,Debit Card,IDFC,insufficient_funds,26,2,446,0,0,0,0,0.38202247,RETRY_SCHEDULED,319.56,Insufficient Funds recovers best after a 4-day delay (e.g. next salary credit).,Sep 02,We'll retry your payment on Sep 02. You can also pay now via a different method.
389.71,Debit Card,PNB,invalid_cvv,16,2,687,0,0,0,0,0.38179412,REQUEST_UPDATE,143.79,Invalid Cvv needs the customer to fix their payment method — retrying won't help.,,Your payment didn't go through. Please update your card details to complete this payment.
392.58,Debit Card,IDFC,invalid_cvv,24,0,608,0,0,0,0,0.3816369,REQUEST_UPDATE,144.82,Invalid Cvv needs the customer to fix their payment method — retrying won't help.,,Your payment didn't go through. Please update your card details to complete this payment.
1453.74,Wallet,HDFC,otp_failure,6,3,505,0,0,1,0,0.38150385,RETRY_NOW,552.61,Otp Failure is usually transient — high chance of success on immediate retry.,,We'll automatically retry your payment shortly — no action needed.
763.49,Wallet,IDFC,otp_failure,16,3,612,0,0,1,1,0.37987617,RETRY_NOW,288.03,Otp Failure is usually transient — high chance of success on immediate retry.,,We'll automatically retry your payment shortly — no action needed.
1133.01,Credit Card,Kotak,invalid_cvv,31,0,728,1,0,0,1,0.37952104,REQUEST_UPDATE,425.0,Invalid Cvv needs the customer to fix their payment method — retrying won't help.,,Your payment didn't go through. Please update your card details to complete this payment.
197.43,Debit Card,Yes Bank,insufficient_funds,10,3,777,0,0,1,1,0.37789294,RETRY_SCHEDULED,72.61,Insufficient Funds recovers best after a 4-day delay (e.g. next salary credit).,Sep 02,We'll retry your payment on Sep 02. You can also pay now via a different method.
659.43,UPI,Kotak,invalid_cvv,13,0,165,0,0,0,1,0.3776007,REQUEST_UPDATE,244.0,Invalid Cvv needs the customer to fix their payment method — retrying won't help.,,Your payment didn't go through. Please update your card details to complete this payment.
907.02,Credit Card,HDFC,invalid_cvv,9,0,339,0,0,0,0,0.37665847,REQUEST_UPDATE,336.64,Invalid Cvv needs the customer to fix their payment method — retrying won't help.,,Your payment didn't go through. Please update your card details to complete this payment.
745.93,UPI,Kotak,otp_failure,26,3,414,0,0,1,0,0.37629366,RETRY_NOW,278.69,Otp Failure is usually transient — high chance of success on immediate retry.,,We'll automatically retry your payment shortly — no action needed.
389.02,Credit Card,SBI,insufficient_funds,27,1,324,0,0,0,0,0.3761195,RETRY_SCHEDULED,144.32,Insufficient Funds recovers best after a 4-day delay (e.g. next salary credit).,Sep 02,We'll retry your payment on Sep 02. You can also pay now via a different method.
2853.48,UPI,Axis,insufficient_funds,4,2,23,1,0,0,1,0.37535104,RETRY_SCHEDULED,1069.06,Insufficient Funds recovers best after a 4-day delay (e.g. next salary credit).,Sep 02,We'll retry your payment on Sep 02. You can also pay now via a different method.
601.35,Wallet,Yes Bank,insufficient_funds,9,0,14,0,0,0,1,0.37531283,RETRY_SCHEDULED,223.69,Insufficient Funds recovers best after a 4-day delay (e.g. next salary credit).,Sep 02,We'll retry your payment on Sep 02. You can also pay now via a different method.
112.73,UPI,HDFC,invalid_cvv,28,0,447,1,0,0,0,0.3732182,REQUEST_UPDATE,37.07,Invalid Cvv needs the customer to fix their payment method — retrying won't help.,,Your payment didn't go through. Please update your card details to complete this payment.
368.0,UPI,Axis,invalid_cvv,2,2,883,1,0,0,1,0.37246957,REQUEST_UPDATE,132.07,Invalid Cvv needs the customer to fix their payment method — retrying won't help.,,Your payment didn't go through. Please update your card details to complete this payment.
186.24,Netbanking,ICICI,invalid_cvv,27,1,682,0,0,0,0,0.37054712,REQUEST_UPDATE,64.01,Invalid Cvv needs the customer to fix their payment method — retrying won't help.,,Your payment didn't go through. Please update your card details to complete this payment.
611.07,Credit Card,ICICI,insufficient_funds,27,3,639,0,0,1,0,0.36998484,RETRY_SCHEDULED,224.09,Insufficient Funds recovers best after a 4-day delay (e.g. next salary credit).,Sep 02,We'll retry your payment on Sep 02. You can also pay now via a different method.
646.85,Netbanking,PNB,invalid_cvv,17,0,757,0,0,0,1,0.36938292,REQUEST_UPDATE,233.94,Invalid Cvv needs the customer to fix their payment method — retrying won't help.,,Your payment didn't go through. Please update your card details to complete this payment.
2133.04,Wallet,Axis,insufficient_funds,15,2,144,0,0,0,0,0.36935508,RETRY_SCHEDULED,785.85,Insufficient Funds recovers best after a 4-day delay (e.g. next salary credit).,Sep 02,We'll retry your payment on Sep 02. You can also pay now via a different method.
439.74,Debit Card,IDFC,otp_failure,20,3,185,0,0,1,1,0.36879843,RETRY_NOW,160.18,Otp Failure is usually transient — high chance of success on immediate retry.,,We'll automatically retry your payment shortly — no action needed.
697.36,Wallet,SBI,invalid_cvv,6,2,867,0,0,0,1,0.36822662,REQUEST_UPDATE,251.79,Invalid Cvv needs the customer to fix their payment method — retrying won't help.,,Your payment didn't go through. Please update your card details to complete this payment.
740.38,UPI,Kotak,invalid_cvv,19,1,186,0,0,0,0,0.3667717,REQUEST_UPDATE,266.55,Invalid Cvv needs the customer to fix their payment method — retrying won't help.,,Your payment didn't go through. Please update your card details to complete this payment.
301.18,Netbanking,ICICI,insufficient_funds,21,0,124,0,0,0,0,0.36601055,RETRY_SCHEDULED,108.24,Insufficient Funds recovers best after a 4-day delay (e.g. next salary credit).,Sep 02,We'll retry your payment on Sep 02. You can also pay now via a different method.
845.76,Credit Card,Axis,invalid_cvv,13,2,560,0,0,0,1,0.36554122,REQUEST_UPDATE,304.16,Invalid Cvv needs the customer to fix their payment method — retrying won't help.,,Your payment didn't go through. Please update your card details to complete this payment.
553.44,Debit Card,Yes Bank,insufficient_funds,21,2,437,0,0,0,1,0.36552203,RETRY_SCHEDULED,200.29,Insufficient Funds recovers best after a 4-day delay (e.g. next salary credit).,Sep 02,We'll retry your payment on Sep 02. You can also pay now via a different method.
320.92,Wallet,HDFC,otp_failure,20,4,440,0,0,1,0,0.36449844,RETRY_NOW,114.97,Otp Failure is usually transient — high chance of success on immediate retry.,,We'll automatically retry your payment shortly — no action needed.
1711.41,Credit Card,Axis,invalid_cvv,30,0,695,1,0,0,1,0.36443973,REQUEST_UPDATE,618.71,Invalid Cvv needs the customer to fix their payment method — retrying won't help.,,Your payment didn't go through. Please update your card details to complete this payment.
819.44,Wallet,Axis,invalid_cvv,22,1,450,0,0,0,0,0.36381552,REQUEST_UPDATE,293.12,Invalid Cvv needs the customer to fix their payment method — retrying won't help.,,Your payment didn't go through. Please update your card details to complete this payment.
301.06,Credit Card,Axis,invalid_cvv,11,1,280,0,0,0,0,0.36381298,REQUEST_UPDATE,104.53,Invalid Cvv needs the customer to fix their payment method — retrying won't help.,,Your payment didn't go through. Please update your card details to complete this payment.
1704.94,Wallet,HDFC,invalid_cvv,9,1,662,0,0,0,1,0.3635669,REQUEST_UPDATE,614.86,Invalid Cvv needs the customer to fix their payment method — retrying won't help.,,Your payment didn't go through. Please update your card details to complete this payment.
512.75,Wallet,IDFC,invalid_cvv,16,2,416,0,0,0,0,0.36184236,REQUEST_UPDATE,180.53,Invalid Cvv needs the customer to fix their payment method — retrying won't help.,,Your payment didn't go through. Please update your card details to complete this payment.
224.24,Netbanking,PNB,invalid_cvv,26,0,796,0,0,0,0,0.36126295,REQUEST_UPDATE,76.01,Invalid Cvv needs the customer to fix their payment method — retrying won't help.,,Your payment didn't go through. Please update your card details to complete this payment.
499.16,Debit Card,Kotak,insufficient_funds,1,3,141,1,0,1,1,0.36056802,RETRY_SCHEDULED,177.98,Insufficient Funds recovers best after a 4-day delay (e.g. next salary credit).,Sep 02,We'll retry your payment on Sep 02. You can also pay now via a different method.
1168.15,Debit Card,HDFC,otp_failure,4,3,839,1,0,1,0,0.36055583,RETRY_NOW,419.18,Otp Failure is usually transient — high chance of success on immediate retry.,,We'll automatically retry your payment shortly — no action needed.
1864.3,Debit Card,PNB,insufficient_funds,11,1,890,0,0,0,1,0.36052415,RETRY_SCHEDULED,670.13,Insufficient Funds recovers best after a 4-day delay (e.g. next salary credit).,Sep 02,We'll retry your payment on Sep 02. You can also pay now via a different method.
4310.83,Debit Card,Axis,invalid_cvv,2,1,536,1,0,0,0,0.3582919,REQUEST_UPDATE,1539.54,Invalid Cvv needs the customer to fix their payment method — retrying won't help.,,Your payment didn't go through. Please update your card details to complete this payment.
932.81,Credit Card,PNB,insufficient_funds,12,2,12,0,0,0,1,0.35829136,RETRY_SCHEDULED,332.22,Insufficient Funds recovers best after a 4-day delay (e.g. next salary credit).,Sep 02,We'll retry your payment on Sep 02. You can also pay now via a different method.
152.46,Wallet,Axis,insufficient_funds,11,0,894,0,0,0,0,0.3578636,RETRY_SCHEDULED,52.56,Insufficient Funds recovers best after a 4-day delay (e.g. next salary credit).,Sep 02,We'll retry your payment on Sep 02. You can also pay now via a different method.
783.1,Credit Card,ICICI,otp_failure,17,2,20,0,0,0,0,0.35567877,RETRY_NOW,276.53,Otp Failure is usually transient — high chance of success on immediate retry.,,We'll automatically retry your payment shortly — no action needed.
803.97,Debit Card,ICICI,insufficient_funds,17,3,171,0,0,1,1,0.35567656,RETRY_SCHEDULED,283.95,Insufficient Funds recovers best after a 4-day delay (e.g. next salary credit).,Sep 02,We'll retry your payment on Sep 02. You can also pay now via a different method.
238.83,UPI,ICICI,invalid_cvv,8,0,199,0,0,0,0,0.3550888,REQUEST_UPDATE,79.81,Invalid Cvv needs the customer to fix their payment method — retrying won't help.,,Your payment didn't go through. Please update your card details to complete this payment.
1289.95,UPI,IDFC,insufficient_funds,21,0,16,0,0,0,0,0.35489374,RETRY_SCHEDULED,455.8,Insufficient Funds recovers best after a 4-day delay (e.g. next salary credit).,Sep 02,We'll retry your payment on Sep 02. You can also pay now via a different method.
976.71,Credit Card,ICICI,invalid_cvv,28,0,698,1,0,0,0,0.35454893,REQUEST_UPDATE,341.29,Invalid Cvv needs the customer to fix their payment method — retrying won't help.,,Your payment didn't go through. Please update your card details to complete this payment.
72.05,Debit Card,Kotak,invalid_cvv,20,1,360,0,0,0,0,0.3524419,REQUEST_UPDATE,20.39,Invalid Cvv needs the customer to fix their payment method — retrying won't help.,,Your payment didn't go through. Please update your card details to complete this payment.
574.68,Netbanking,HDFC,invalid_cvv,24,1,587,0,0,0,0,0.35125297,REQUEST_UPDATE,196.86,Invalid Cvv needs the customer to fix their payment method — retrying won't help.,,Your payment didn't go through. Please update your card details to complete this payment.
825.76,Netbanking,ICICI,insufficient_funds,7,3,709,0,0,1,1,0.34911978,RETRY_SCHEDULED,286.29,Insufficient Funds recovers best after a 4-day delay (e.g. next salary credit).,Sep 02,We'll retry your payment on Sep 02. You can also pay now via a different method.
46.02,Wallet,Kotak,insufficient_funds,12,0,354,0,0,0,0,0.34805435,SUPPRESS,14.02,Expected recovery value (₹14) too low to justify chasing.,,
608.06,Wallet,IDFC,expired_card,22,0,675,0,0,0,0,0.3469253,REQUEST_UPDATE,205.95,Expired Card needs the customer to fix their payment method — retrying won't help.,,Your payment didn't go through. Please update your card details to complete this payment.
703.65,Netbanking,SBI,invalid_cvv,13,2,467,0,0,0,0,0.34670702,REQUEST_UPDATE,238.96,Invalid Cvv needs the customer to fix their payment method — retrying won't help.,,Your payment didn't go through. Please update your card details to complete this payment.
347.46,UPI,ICICI,invalid_cvv,7,1,570,0,0,0,1,0.34638137,REQUEST_UPDATE,115.35,Invalid Cvv needs the customer to fix their payment method — retrying won't help.,,Your payment didn't go through. Please update your card details to complete this payment.
325.07,Wallet,SBI,insufficient_funds,8,3,175,0,0,1,0,0.34543645,RETRY_SCHEDULED,110.29,Insufficient Funds recovers best after a 4-day delay (e.g. next salary credit).,Sep 02,We'll retry your payment on Sep 02. You can also pay now via a different method.
433.66,Netbanking,ICICI,insufficient_funds,27,2,108,0,0,0,0,0.34499046,RETRY_SCHEDULED,147.61,Insufficient Funds recovers best after a 4-day delay (e.g. next salary credit).,Sep 02,We'll retry your payment on Sep 02. You can also pay now via a different method.
3464.0,Debit Card,Kotak,insufficient_funds,15,2,134,0,0,0,0,0.3449615,RETRY_SCHEDULED,1192.95,Insufficient Funds recovers best after a 4-day delay (e.g. next salary credit).,Sep 02,We'll retry your payment on Sep 02. You can also pay now via a different method.
5659.29,Credit Card,PNB,expired_card,6,1,35,0,0,0,0,0.34488246,REQUEST_UPDATE,1946.79,Expired Card needs the customer to fix their payment method — retrying won't help.,,Your payment didn't go through. Please update your card details to complete this payment.
164.49,Credit Card,Axis,invalid_cvv,21,0,64,0,0,0,0,0.3441602,REQUEST_UPDATE,51.61,Invalid Cvv needs the customer to fix their payment method — retrying won't help.,,Your payment didn't go through. Please update your card details to complete this payment.
1242.6,Credit Card,IDFC,invalid_cvv,12,2,390,0,0,0,0,0.34288415,REQUEST_UPDATE,421.07,Invalid Cvv needs the customer to fix their payment method — retrying won't help.,,Your payment didn't go through. Please update your card details to complete this payment.
834.91,Debit Card,IDFC,insufficient_funds,10,3,639,0,0,1,0,0.34266427,RETRY_SCHEDULED,284.09,Insufficient Funds recovers best after a 4-day delay (e.g. next salary credit).,Sep 02,We'll retry your payment on Sep 02. You can also pay now via a different method.
464.14,Netbanking,ICICI,insufficient_funds,20,1,893,0,0,0,0,0.34262303,RETRY_SCHEDULED,157.03,Insufficient Funds recovers best after a 4-day delay (e.g. next salary credit).,Sep 02,We'll retry your payment on Sep 02. You can also pay now via a different method.
211.23,Wallet,Axis,insufficient_funds,27,2,175,0,0,0,0,0.34210387,RETRY_SCHEDULED,70.26,Insufficient Funds recovers best after a 4-day delay (e.g. next salary credit).,Sep 02,We'll retry your payment on Sep 02. You can also pay now via a different method.
717.63,Netbanking,ICICI,insufficient_funds,25,3,691,0,0,1,0,0.3413917,RETRY_SCHEDULED,242.99,Insufficient Funds recovers best after a 4-day delay (e.g. next salary credit).,Sep 02,We'll retry your payment on Sep 02. You can also pay now via a different method.
1647.68,UPI,Kotak,bank_timeout,8,0,10,0,0,0,1,0.34100837,RETRY_NOW,559.87,Bank Timeout is usually transient — high chance of success on immediate retry.,,We'll automatically retry your payment shortly — no action needed.
51.18,Netbanking,PNB,insufficient_funds,20,1,55,0,0,0,0,0.34079763,RETRY_SCHEDULED,15.44,Insufficient Funds recovers best after a 4-day delay (e.g. next salary credit).,Sep 02,We'll retry your payment on Sep 02. You can also pay now via a different method.
541.36,Credit Card,IDFC,otp_failure,6,3,156,0,0,1,0,0.33991656,RETRY_NOW,182.02,Otp Failure is usually transient — high chance of success on immediate retry.,,We'll automatically retry your payment shortly — no action needed.
1162.01,Wallet,Axis,invalid_cvv,7,1,528,0,0,0,1,0.3389892,REQUEST_UPDATE,388.91,Invalid Cvv needs the customer to fix their payment method — retrying won't help.,,Your payment didn't go through. Please update your card details to complete this payment.
1479.26,Debit Card,HDFC,invalid_cvv,16,1,594,0,0,0,0,0.3367967,REQUEST_UPDATE,493.21,Invalid Cvv needs the customer to fix their payment method — retrying won't help.,,Your payment didn't go through. Please update your card details to complete this payment.
338.71,Credit Card,Yes Bank,insufficient_funds,15,2,245,0,0,0,1,0.33623162,RETRY_SCHEDULED,111.89,Insufficient Funds recovers best after a 4-day delay (e.g. next salary credit).,Sep 02,We'll retry your payment on Sep 02. You can also pay now via a different method.
1593.18,Debit Card,Axis,insufficient_funds,25,2,51,0,0,0,1,0.3337359,RETRY_SCHEDULED,529.7,Insufficient Funds recovers best after a 4-day delay (e.g. next salary credit).,Sep 02,We'll retry your payment on Sep 02. You can also pay now via a different method.
153.58,Credit Card,ICICI,otp_failure,25,3,260,0,0,1,1,0.33338845,RETRY_NOW,49.2,Otp Failure is usually transient — high chance of success on immediate retry.,,We'll automatically retry your payment shortly — no action needed.
1040.44,UPI,Axis,invalid_cvv,13,1,364,0,0,0,0,0.33202577,REQUEST_UPDATE,340.45,Invalid Cvv needs the customer to fix their payment method — retrying won't help.,,Your payment didn't go through. Please update your card details to complete this payment.
304.7,Credit Card,SBI,otp_failure,26,3,177,0,0,1,0,0.33116782,RETRY_NOW,98.91,Otp Failure is usually transient — high chance of success on immediate retry.,,We'll automatically retry your payment shortly — no action needed.
421.44,Wallet,ICICI,insufficient_funds,24,3,481,0,0,1,0,0.33032832,RETRY_SCHEDULED,137.21,Insufficient Funds recovers best after a 4-day delay (e.g. next salary credit).,Sep 02,We'll retry your payment on Sep 02. You can also pay now via a different method.
1000.63,UPI,ICICI,invalid_cvv,30,0,693,1,0,0,0,0.32975277,REQUEST_UPDATE,324.96,Invalid Cvv needs the customer to fix their payment method — retrying won't help.,,Your payment didn't go through. Please update your card details to complete this payment.
769.33,UPI,ICICI,otp_failure,20,0,20,0,0,0,1,0.32970962,RETRY_NOW,251.66,Otp Failure is usually transient — high chance of success on immediate retry.,,We'll automatically retry your payment shortly — no action needed.
1697.52,Credit Card,HDFC,invalid_cvv,12,1,243,0,0,0,0,0.32894802,REQUEST_UPDATE,553.4,Invalid Cvv needs the customer to fix their payment method — retrying won't help.,,Your payment didn't go through. Please update your card details to complete this payment.
620.66,UPI,Yes Bank,insufficient_funds,26,3,10,0,0,1,0,0.3281853,RETRY_SCHEDULED,201.69,Insufficient Funds recovers best after a 4-day delay (e.g. next salary credit).,Sep 02,We'll retry your payment on Sep 02. You can also pay now via a different method.
86.96,UPI,Yes Bank,insufficient_funds,15,1,189,0,0,0,0,0.32752374,RETRY_SCHEDULED,26.48,Insufficient Funds recovers best after a 4-day delay (e.g. next salary credit).,Sep 02,We'll retry your payment on Sep 02. You can also pay now via a different method.
253.06,Netbanking,ICICI,invalid_cvv,26,0,187,0,0,0,0,0.32660785,REQUEST_UPDATE,77.65,Invalid Cvv needs the customer to fix their payment method — retrying won't help.,,Your payment didn't go through. Please update your card details to complete this payment.
8851.39,Netbanking,ICICI,insufficient_funds,15,0,542,0,0,0,0,0.3256427,RETRY_SCHEDULED,2880.39,Insufficient Funds recovers best after a 4-day delay (e.g. next salary credit).,Sep 02,We'll retry your payment on Sep 02. You can also pay now via a different method.
1053.1,Netbanking,ICICI,insufficient_funds,11,3,66,0,0,1,1,0.32502595,RETRY_SCHEDULED,340.28,Insufficient Funds recovers best after a 4-day delay (e.g. next salary credit).,Sep 02,We'll retry your payment on Sep 02. You can also pay now via a different method.
1086.81,Netbanking,IDFC,invalid_cvv,10,1,694,0,0,0,0,0.3231731,REQUEST_UPDATE,346.23,Invalid Cvv needs the customer to fix their payment method — retrying won't help.,,Your payment didn't go through. Please update your card details to complete this payment.
890.96,Wallet,PNB,invalid_cvv,19,2,465,0,0,0,0,0.32219484,REQUEST_UPDATE,282.06,Invalid Cvv needs the customer to fix their payment method — retrying won't help.,,Your payment didn't go through. Please update your card details to complete this payment.
1063.69,Netbanking,ICICI,otp_failure,14,3,315,0,0,1,0,0.32213026,RETRY_NOW,340.65,Otp Failure is usually transient — high chance of success on immediate retry.,,We'll automatically retry your payment shortly — no action needed.
1557.58,Wallet,Axis,insufficient_funds,18,3,780,0,0,1,0,0.31961176,RETRY_SCHEDULED,495.82,Insufficient Funds recovers best after a 4-day delay (e.g. next salary credit).,Sep 02,We'll retry your payment on Sep 02. You can also pay now via a different method.
5786.27,Debit Card,ICICI,insufficient_funds,16,3,796,0,0,1,1,0.31661522,RETRY_SCHEDULED,1830.02,Insufficient Funds recovers best after a 4-day delay (e.g. next salary credit).,Sep 02,We'll retry your payment on Sep 02. You can also pay now via a different method.
364.54,Debit Card,IDFC,invalid_cvv,2,0,505,1,0,0,0,0.31505454,REQUEST_UPDATE,109.85,Invalid Cvv needs the customer to fix their payment method — retrying won't help.,,Your payment didn't go through. Please update your card details to complete this payment.
341.19,Credit Card,SBI,invalid_cvv,8,1,73,0,0,0,1,0.3137135,REQUEST_UPDATE,102.04,Invalid Cvv needs the customer to fix their payment method — retrying won't help.,,Your payment didn't go through. Please update your card details to complete this payment.
136.4,UPI,IDFC,invalid_cvv,12,2,303,0,0,0,0,0.31291223,REQUEST_UPDATE,37.68,Invalid Cvv needs the customer to fix their payment method — retrying won't help.,,Your payment didn't go through. Please update your card details to complete this payment.
3427.04,Netbanking,SBI,expired_card,10,1,750,0,0,0,0,0.31284285,REQUEST_UPDATE,1067.12,Expired Card needs the customer to fix their payment method — retrying won't help.,,Your payment didn't go through. Please update your card details to complete this payment.
453.94,Credit Card,IDFC,invalid_cvv,12,2,862,0,0,0,0,0.31238645,REQUEST_UPDATE,136.8,Invalid Cvv needs the customer to fix their payment method — retrying won't help.,,Your payment didn't go through. Please update your card details to complete this payment.
615.23,Netbanking,Kotak,insufficient_funds,22,4,568,0,0,1,0,0.31118795,RETRY_SCHEDULED,189.45,Insufficient Funds recovers best after a 4-day delay (e.g. next salary credit).,Sep 02,We'll retry your payment on Sep 02. You can also pay now via a different method.
1814.14,Debit Card,HDFC,invalid_cvv,12,1,478,0,0,0,0,0.31001908,REQUEST_UPDATE,557.42,Invalid Cvv needs the customer to fix their payment method — retrying won't help.,,Your payment didn't go through. Please update your card details to complete this payment.
316.08,Debit Card,SBI,invalid_cvv,19,3,792,0,0,1,0,0.3099323,REQUEST_UPDATE,92.96,Invalid Cvv needs the customer to fix their payment method — retrying won't help.,,Your payment didn't go through. Please update your card details to complete this payment.
1596.9,Wallet,Yes Bank,invalid_cvv,22,1,791,0,0,0,1,0.3098545,REQUEST_UPDATE,489.81,Invalid Cvv needs the customer to fix their payment method — retrying won't help.,,Your payment didn't go through. Please update your card details to complete this payment.
2243.71,Credit Card,Kotak,insufficient_funds,8,3,243,0,0,1,1,0.3083167,RETRY_SCHEDULED,689.77,Insufficient Funds recovers best after a 4-day delay (e.g. next salary credit).,Sep 02,We'll retry your payment on Sep 02. You can also pay now via a different method.
3417.0,Debit Card,HDFC,expired_card,2,1,761,1,0,0,0,0.30824012,REQUEST_UPDATE,1048.26,Expired Card needs the customer to fix their payment method — retrying won't help.,,Your payment didn't go through. Please update your card details to complete this payment.
2666.28,Credit Card,PNB,insufficient_funds,16,4,308,0,0,1,0,0.3077125,RETRY_SCHEDULED,818.45,Insufficient Funds recovers best after a 4-day delay (e.g. next salary credit).,Sep 02,We'll retry your payment on Sep 02. You can also pay now via a different method.
735.76,Credit Card,IDFC,invalid_cvv,11,1,78,0,0,0,0,0.30655664,REQUEST_UPDATE,220.55,Invalid Cvv needs the customer to fix their payment method — retrying won't help.,,Your payment didn't go through. Please update your card details to complete this payment.
532.18,Wallet,Kotak,invalid_cvv,12,1,854,0,0,0,1,0.3058057,REQUEST_UPDATE,157.74,Invalid Cvv needs the customer to fix their payment method — retrying won't help.,,Your payment didn't go through. Please update your card details to complete this payment.
1300.24,Wallet,Yes Bank,otp_failure,21,5,511,0,0,1,0,0.30167508,RETRY_NOW,390.25,Otp Failure is usually transient — high chance of success on immediate retry.,,We'll automatically retry your payment shortly — no action needed.
1024.11,Netbanking,HDFC,invalid_cvv,3,0,211,1,0,0,0,0.29966077,REQUEST_UPDATE,301.89,Invalid Cvv needs the customer to fix their payment method — retrying won't help.,,Your payment didn't go through. Please update your card details to complete this payment.
58.84,Wallet,PNB,insufficient_funds,13,4,400,0,0,1,0,0.29890305,RETRY_SCHEDULED,15.59,Insufficient Funds recovers best after a 4-day delay (e.g. next salary credit).,Sep 02,We'll retry your payment on Sep 02. You can also pay now via a different method.
634.0,Debit Card,Yes Bank,invalid_cvv,19,1,575,0,0,0,0,0.29848096,REQUEST_UPDATE,184.24,Invalid Cvv needs the customer to fix their payment method — retrying won't help.,,Your payment didn't go through. Please update your card details to complete this payment.
101.8,UPI,ICICI,insufficient_funds,6,0,853,0,0,0,0,0.29542533,RETRY_SCHEDULED,28.07,Insufficient Funds recovers best after a 4-day delay (e.g. next salary credit).,Sep 02,We'll retry your payment on Sep 02. You can also pay now via a different method.
117.74,UPI,Yes Bank,invalid_cvv,20,1,750,0,0,0,0,0.28871176,REQUEST_UPDATE,28.99,Invalid Cvv needs the customer to fix their payment method — retrying won't help.,,Your payment didn't go through. Please update your card details to complete this payment.
1559.95,Netbanking,PNB,invalid_cvv,27,0,210,0,0,0,0,0.28754714,REQUEST_UPDATE,443.56,Invalid Cvv needs the customer to fix their payment method — retrying won't help.,,Your payment didn't go through. Please update your card details to complete this payment.
1014.49,UPI,SBI,invalid_cvv,21,2,292,0,0,0,1,0.28650466,REQUEST_UPDATE,285.66,Invalid Cvv needs the customer to fix their payment method — retrying won't help.,,Your payment didn't go through. Please update your card details to complete this payment.
2341.75,Debit Card,ICICI,invalid_cvv,13,2,384,0,0,0,0,0.28597516,REQUEST_UPDATE,664.68,Invalid Cvv needs the customer to fix their payment method — retrying won't help.,,Your payment didn't go through. Please update your card details to complete this payment.
661.12,Credit Card,HDFC,invalid_cvv,1,1,239,1,0,0,0,0.28583044,REQUEST_UPDATE,183.97,Invalid Cvv needs the customer to fix their payment method — retrying won't help.,,Your payment didn't go through. Please update your card details to complete this payment.
3349.07,Credit Card,Yes Bank,expired_card,25,1,529,0,0,0,0,0.2843149,REQUEST_UPDATE,947.19,Expired Card needs the customer to fix their payment method — retrying won't help.,,Your payment didn't go through. Please update your card details to complete this payment.
883.44,Debit Card,Kotak,insufficient_funds,10,1,21,0,0,0,0,0.2842836,RETRY_SCHEDULED,249.15,Insufficient Funds recovers best after a 4-day delay (e.g. next salary credit).,Sep 02,We'll retry your payment on Sep 02. You can also pay now via a different method.
566.51,Debit Card,Yes Bank,insufficient_funds,18,2,12,0,0,0,0,0.28370118,RETRY_SCHEDULED,158.72,Insufficient Funds recovers best after a 4-day delay (e.g. next salary credit).,Sep 02,We'll retry your payment on Sep 02. You can also pay now via a different method.
602.06,Wallet,Yes Bank,invalid_cvv,5,1,245,1,0,0,0,0.28243834,REQUEST_UPDATE,165.04,Invalid Cvv needs the customer to fix their payment method — retrying won't help.,,Your payment didn't go through. Please update your card details to complete this payment.
152.9,Credit Card,Kotak,fraud_block,2,1,891,1,0,0,0,0.2821491,SUPPRESS,43.14,Low recovery probability (fraud block or exhausted expected value) — not worth pursuing.,,
44.6,Netbanking,Yes Bank,otp_failure,16,2,328,0,0,0,1,0.28129685,SUPPRESS,10.55,Expected recovery value (₹11) too low to justify chasing.,,
270.37,UPI,Axis,insufficient_funds,15,5,543,0,0,1,0,0.28125232,RETRY_SCHEDULED,74.04,Insufficient Funds recovers best after a 4-day delay (e.g. next salary credit).,Sep 02,We'll retry your payment on Sep 02. You can also pay now via a different method.
157.91,Wallet,Yes Bank,insufficient_funds,25,1,361,0,0,0,0,0.28064847,RETRY_SCHEDULED,42.32,Insufficient Funds recovers best after a 4-day delay (e.g. next salary credit).,Sep 02,We'll retry your payment on Sep 02. You can also pay now via a different method.
996.49,Debit Card,PNB,invalid_cvv,26,1,852,0,0,0,0,0.28011936,REQUEST_UPDATE,274.14,Invalid Cvv needs the customer to fix their payment method — retrying won't help.,,Your payment didn't go through. Please update your card details to complete this payment.
626.53,Netbanking,Yes Bank,invalid_cvv,20,2,625,0,0,0,1,0.2795533,REQUEST_UPDATE,170.15,Invalid Cvv needs the customer to fix their payment method — retrying won't help.,,Your payment didn't go through. Please update your card details to complete this payment.
3392.5,UPI,SBI,insufficient_funds,26,3,28,0,0,1,0,0.2778263,RETRY_SCHEDULED,940.53,Insufficient Funds recovers best after a 4-day delay (e.g. next salary credit).,Sep 02,We'll retry your payment on Sep 02. You can also pay now via a different method.
806.48,Credit Card,SBI,invalid_cvv,6,3,817,0,0,1,0,0.27691963,REQUEST_UPDATE,218.33,Invalid Cvv needs the customer to fix their payment method — retrying won't help.,,Your payment didn't go through. Please update your card details to complete this payment.
465.73,Credit Card,Axis,invalid_cvv,8,1,842,0,0,0,1,0.27659824,REQUEST_UPDATE,123.82,Invalid Cvv needs the customer to fix their payment method — retrying won't help.,,Your payment didn't go through. Please update your card details to complete this payment.
1142.78,Wallet,Axis,invalid_cvv,25,1,766,0,0,0,0,0.2757267,REQUEST_UPDATE,310.09,Invalid Cvv needs the customer to fix their payment method — retrying won't help.,,Your payment didn't go through. Please update your card details to complete this payment.
1967.69,Wallet,Axis,invalid_cvv,13,1,39,0,0,0,0,0.27524883,REQUEST_UPDATE,536.6,Invalid Cvv needs the customer to fix their payment method — retrying won't help.,,Your payment didn't go through. Please update your card details to complete this payment.
2512.25,Debit Card,Kotak,invalid_cvv,21,1,339,0,0,0,0,0.2739289,REQUEST_UPDATE,683.18,Invalid Cvv needs the customer to fix their payment method — retrying won't help.,,Your payment didn't go through. Please update your card details to complete this payment.
8369.82,UPI,IDFC,insufficient_funds,12,1,212,0,0,0,1,0.27292025,RETRY_SCHEDULED,2282.29,Insufficient Funds recovers best after a 4-day delay (e.g. next salary credit).,Sep 02,We'll retry your payment on Sep 02. You can also pay now via a different method.
607.71,Credit Card,Yes Bank,fraud_block,28,0,879,1,0,0,0,0.272506,SUPPRESS,165.6,Low recovery probability (fraud block or exhausted expected value) — not worth pursuing.,,
1223.09,Netbanking,Yes Bank,invalid_cvv,22,0,348,0,0,0,0,0.2713648,REQUEST_UPDATE,326.9,Invalid Cvv needs the customer to fix their payment method — retrying won't help.,,Your payment didn't go through. Please update your card details to complete this payment.
337.57,Wallet,Yes Bank,invalid_cvv,14,0,188,0,0,0,1,0.27099937,REQUEST_UPDATE,86.48,Invalid Cvv needs the customer to fix their payment method — retrying won't help.,,Your payment didn't go through. Please update your card details to complete this payment.
806.63,Wallet,Yes Bank,invalid_cvv,28,1,125,1,0,0,0,0.2696839,REQUEST_UPDATE,212.54,Invalid Cvv needs the customer to fix their payment method — retrying won't help.,,Your payment didn't go through. Please update your card details to complete this payment.
871.45,UPI,Yes Bank,invalid_cvv,12,0,332,0,0,0,0,0.26890916,REQUEST_UPDATE,229.34,Invalid Cvv needs the customer to fix their payment method — retrying won't help.,,Your payment didn't go through. Please update your card details to complete this payment.
560.86,Debit Card,ICICI,insufficient_funds,10,3,219,0,0,1,0,0.2681514,RETRY_SCHEDULED,148.4,Insufficient Funds recovers best after a 4-day delay (e.g. next salary credit).,Sep 02,We'll retry your payment on Sep 02. You can also pay now via a different method.
697.73,Netbanking,SBI,invalid_cvv,24,2,528,0,0,0,0,0.2681061,REQUEST_UPDATE,182.07,Invalid Cvv needs the customer to fix their payment method — retrying won't help.,,Your payment didn't go through. Please update your card details to complete this payment.
233.93,Netbanking,Axis,insufficient_funds,23,4,53,0,0,1,0,0.26762846,RETRY_SCHEDULED,60.61,Insufficient Funds recovers best after a 4-day delay (e.g. next salary credit).,Sep 02,We'll retry your payment on Sep 02. You can also pay now via a different method.
2449.03,UPI,PNB,insufficient_funds,19,2,14,0,0,0,1,0.26390648,RETRY_SCHEDULED,644.31,Insufficient Funds recovers best after a 4-day delay (e.g. next salary credit).,Sep 02,We'll retry your payment on Sep 02. You can also pay now via a different method.
86.72,Wallet,IDFC,invalid_cvv,11,2,258,0,0,0,0,0.26371458,REQUEST_UPDATE,17.87,Invalid Cvv needs the customer to fix their payment method — retrying won't help.,,Your payment didn't go through. Please update your card details to complete this payment.
4018.4,Netbanking,ICICI,insufficient_funds,19,4,756,0,0,1,1,0.2636076,RETRY_SCHEDULED,1057.28,Insufficient Funds recovers best after a 4-day delay (e.g. next salary credit).,Sep 02,We'll retry your payment on Sep 02. You can also pay now via a different method.
699.96,Netbanking,IDFC,insufficient_funds,20,3,151,0,0,1,0,0.26218373,RETRY_SCHEDULED,181.52,Insufficient Funds recovers best after a 4-day delay (e.g. next salary credit).,Sep 02,We'll retry your payment on Sep 02. You can also pay now via a different method.
613.19,Wallet,ICICI,insufficient_funds,27,3,257,0,0,1,0,0.2617649,RETRY_SCHEDULED,158.51,Insufficient Funds recovers best after a 4-day delay (e.g. next salary credit).,Sep 02,We'll retry your payment on Sep 02. You can also pay now via a different method.
605.21,Debit Card,Yes Bank,invalid_cvv,7,0,218,0,0,0,1,0.26019424,REQUEST_UPDATE,152.47,Invalid Cvv needs the customer to fix their payment method — retrying won't help.,,Your payment didn't go through. Please update your card details to complete this payment.
1711.47,Wallet,Axis,invalid_cvv,21,0,214,0,0,0,0,0.25932842,REQUEST_UPDATE,438.83,Invalid Cvv needs the customer to fix their payment method — retrying won't help.,,Your payment didn't go through. Please update your card details to complete this payment.
85.05,Debit Card,HDFC,invalid_cvv,2,1,179,1,0,0,1,0.2576065,REQUEST_UPDATE,16.91,Invalid Cvv needs the customer to fix their payment method — retrying won't help.,,Your payment didn't go through. Please update your card details to complete this payment.
235.03,Wallet,Kotak,invalid_cvv,8,1,81,0,0,0,0,0.25740442,REQUEST_UPDATE,55.5,Invalid Cvv needs the customer to fix their payment method — retrying won't help.,,Your payment didn't go through. Please update your card details to complete this payment.
1402.52,Credit Card,HDFC,insufficient_funds,6,3,580,0,0,1,1,0.254826,RETRY_SCHEDULED,355.4,Insufficient Funds recovers best after a 4-day delay (e.g. next salary credit).,Sep 02,We'll retry your payment on Sep 02. You can also pay now via a different method.
856.37,Wallet,Yes Bank,insufficient_funds,23,3,250,0,0,1,0,0.2508094,RETRY_SCHEDULED,212.79,Insufficient Funds recovers best after a 4-day delay (e.g. next salary credit).,Sep 02,We'll retry your payment on Sep 02. You can also pay now via a different method.
695.16,Netbanking,SBI,invalid_cvv,8,1,14,0,0,0,0,0.24952137,REQUEST_UPDATE,168.46,Invalid Cvv needs the customer to fix their payment method — retrying won't help.,,Your payment didn't go through. Please update your card details to complete this payment.
1849.16,Netbanking,ICICI,invalid_cvv,28,0,100,1,0,0,0,0.24829859,REQUEST_UPDATE,454.14,Invalid Cvv needs the customer to fix their payment method — retrying won't help.,,Your payment didn't go through. Please update your card details to complete this payment.
3654.4,Credit Card,ICICI,invalid_cvv,27,0,789,0,0,0,0,0.24791017,REQUEST_UPDATE,900.96,Invalid Cvv needs the customer to fix their payment method — retrying won't help.,,Your payment didn't go through. Please update your card details to complete this payment.
319.17,UPI,Axis,invalid_cvv,18,0,216,0,0,0,0,0.24748614,REQUEST_UPDATE,73.99,Invalid Cvv needs the customer to fix their payment method — retrying won't help.,,Your payment didn't go through. Please update your card details to complete this payment.
630.87,Credit Card,SBI,invalid_cvv,15,2,120,0,0,0,1,0.24709243,REQUEST_UPDATE,150.88,Invalid Cvv needs the customer to fix their payment method — retrying won't help.,,Your payment didn't go through. Please update your card details to complete this payment.
4106.25,UPI,Axis,expired_card,6,1,462,0,0,0,0,0.24530438,REQUEST_UPDATE,1002.28,Expired Card needs the customer to fix their payment method — retrying won't help.,,Your payment didn't go through. Please update your card details to complete this payment.
1004.74,Credit Card,HDFC,invalid_cvv,8,1,90,0,0,0,0,0.24420358,REQUEST_UPDATE,240.36,Invalid Cvv needs the customer to fix their payment method — retrying won't help.,,Your payment didn't go through. Please update your card details to complete this payment.
7350.06,Credit Card,Yes Bank,insufficient_funds,7,2,444,0,0,0,0,0.24207635,RETRY_SCHEDULED,1777.28,Insufficient Funds recovers best after a 4-day delay (e.g. next salary credit).,Sep 02,We'll retry your payment on Sep 02. You can also pay now via a different method.
1787.67,Netbanking,HDFC,invalid_cvv,3,1,331,1,0,0,0,0.24138284,REQUEST_UPDATE,426.51,Invalid Cvv needs the customer to fix their payment method — retrying won't help.,,Your payment didn't go through. Please update your card details to complete this payment.
1979.98,UPI,SBI,insufficient_funds,17,4,489,0,0,1,0,0.23935233,RETRY_SCHEDULED,471.91,Insufficient Funds recovers best after a 4-day delay (e.g. next salary credit).,Sep 02,We'll retry your payment on Sep 02. You can also pay now via a different method.
6995.99,Wallet,PNB,invalid_cvv,12,1,274,0,0,0,1,0.23837958,REQUEST_UPDATE,1662.7,Invalid Cvv needs the customer to fix their payment method — retrying won't help.,,Your payment didn't go through. Please update your card details to complete this payment.
624.29,Credit Card,IDFC,expired_card,2,2,552,1,0,0,0,0.23718615,REQUEST_UPDATE,143.07,Expired Card needs the customer to fix their payment method — retrying won't help.,,Your payment didn't go through. Please update your card details to complete this payment.
7208.74,Credit Card,Axis,invalid_cvv,11,1,581,0,0,0,0,0.2364244,REQUEST_UPDATE,1699.32,Invalid Cvv needs the customer to fix their payment method — retrying won't help.,,Your payment didn't go through. Please update your card details to complete this payment.
1280.4,Netbanking,IDFC,expired_card,10,1,68,0,0,0,1,0.23641613,REQUEST_UPDATE,297.71,Expired Card needs the customer to fix their payment method — retrying won't help.,,Your payment didn't go through. Please update your card details to complete this payment.
1406.25,Debit Card,HDFC,insufficient_funds,14,3,714,0,0,1,0,0.23522961,RETRY_SCHEDULED,328.79,Insufficient Funds recovers best after a 4-day delay (e.g. next salary credit).,Sep 02,We'll retry your payment on Sep 02. You can also pay now via a different method.
2016.34,Credit Card,Yes Bank,invalid_cvv,26,0,429,0,0,0,0,0.23036969,REQUEST_UPDATE,459.5,Invalid Cvv needs the customer to fix their payment method — retrying won't help.,,Your payment didn't go through. Please update your card details to complete this payment.
306.06,Credit Card,Axis,expired_card,13,1,593,0,0,0,0,0.228731,REQUEST_UPDATE,65.01,Expired Card needs the customer to fix their payment method — retrying won't help.,,Your payment didn't go through. Please update your card details to complete this payment.
282.27,Credit Card,Axis,invalid_cvv,3,3,385,1,0,1,0,0.22708972,REQUEST_UPDATE,59.1,Invalid Cvv needs the customer to fix their payment method — retrying won't help.,,Your payment didn't go through. Please update your card details to complete this payment.
446.36,Credit Card,HDFC,insufficient_funds,27,3,325,0,0,1,1,0.22692104,RETRY_SCHEDULED,99.29,Insufficient Funds recovers best after a 4-day delay (e.g. next salary credit).,Sep 02,We'll retry your payment on Sep 02. You can also pay now via a different method.
3235.3,Debit Card,IDFC,invalid_cvv,25,1,542,0,0,0,0,0.22632833,REQUEST_UPDATE,727.24,Invalid Cvv needs the customer to fix their payment method — retrying won't help.,,Your payment didn't go through. Please update your card details to complete this payment.
1188.35,Netbanking,Kotak,expired_card,22,0,657,0,0,0,0,0.2255319,REQUEST_UPDATE,263.01,Expired Card needs the customer to fix their payment method — retrying won't help.,,Your payment didn't go through. Please update your card details to complete this payment.
75.54,UPI,PNB,invalid_cvv,24,2,36,0,0,0,0,0.22447324,SUPPRESS,11.96,Expected recovery value (₹12) too low to justify chasing.,,
1471.74,Netbanking,HDFC,insufficient_funds,23,3,275,0,0,1,0,0.22258162,RETRY_SCHEDULED,325.58,Insufficient Funds recovers best after a 4-day delay (e.g. next salary credit).,Sep 02,We'll retry your payment on Sep 02. You can also pay now via a different method.
363.67,Wallet,Kotak,fraud_block,10,1,462,0,0,0,0,0.22221504,SUPPRESS,80.81,Low recovery probability (fraud block or exhausted expected value) — not worth pursuing.,,
245.44,Debit Card,Axis,insufficient_funds,15,3,287,0,0,1,1,0.22154172,RETRY_SCHEDULED,52.38,Insufficient Funds recovers best after a 4-day delay (e.g. next salary credit).,Sep 02,We'll retry your payment on Sep 02. You can also pay now via a different method.
461.0,Netbanking,HDFC,invalid_cvv,21,3,795,0,0,1,0,0.22028069,REQUEST_UPDATE,96.55,Invalid Cvv needs the customer to fix their payment method — retrying won't help.,,Your payment didn't go through. Please update your card details to complete this payment.
537.02,Credit Card,SBI,invalid_cvv,26,1,161,0,0,0,0,0.21907437,REQUEST_UPDATE,112.65,Invalid Cvv needs the customer to fix their payment method — retrying won't help.,,Your payment didn't go through. Please update your card details to complete this payment.
1549.18,Wallet,Axis,invalid_cvv,31,1,116,1,0,0,1,0.21776891,REQUEST_UPDATE,332.36,Invalid Cvv needs the customer to fix their payment method — retrying won't help.,,Your payment didn't go through. Please update your card details to complete this payment.
491.8,Credit Card,IDFC,expired_card,22,1,36,0,0,0,0,0.21565397,REQUEST_UPDATE,101.06,Expired Card needs the customer to fix their payment method — retrying won't help.,,Your payment didn't go through. Please update your card details to complete this payment.
801.52,Netbanking,IDFC,expired_card,23,1,764,0,0,0,0,0.21448365,REQUEST_UPDATE,166.91,Expired Card needs the customer to fix their payment method — retrying won't help.,,Your payment didn't go through. Please update your card details to complete this payment.
525.92,UPI,IDFC,expired_card,8,0,676,0,0,0,0,0.21377139,REQUEST_UPDATE,107.43,Expired Card needs the customer to fix their payment method — retrying won't help.,,Your payment didn't go through. Please update your card details to complete this payment.
1099.36,Credit Card,ICICI,insufficient_funds,9,3,246,0,0,1,1,0.21349935,RETRY_SCHEDULED,232.71,Insufficient Funds recovers best after a 4-day delay (e.g. next salary credit).,Sep 02,We'll retry your payment on Sep 02. You can also pay now via a different method.
1643.77,Netbanking,PNB,invalid_cvv,12,1,98,0,0,0,1,0.21342674,REQUEST_UPDATE,345.82,Invalid Cvv needs the customer to fix their payment method — retrying won't help.,,Your payment didn't go through. Please update your card details to complete this payment.
3952.74,Wallet,Yes Bank,invalid_cvv,26,1,604,0,0,0,1,0.20915492,REQUEST_UPDATE,821.74,Invalid Cvv needs the customer to fix their payment method — retrying won't help.,,Your payment didn't go through. Please update your card details to complete this payment.
290.58,Credit Card,IDFC,expired_card,11,0,730,0,0,0,0,0.20897901,REQUEST_UPDATE,55.73,Expired Card needs the customer to fix their payment method — retrying won't help.,,Your payment didn't go through. Please update your card details to complete this payment.
1322.22,Netbanking,ICICI,insufficient_funds,11,3,489,0,0,1,1,0.20756906,RETRY_SCHEDULED,272.45,Insufficient Funds recovers best after a 4-day delay (e.g. next salary credit).,Sep 02,We'll retry your payment on Sep 02. You can also pay now via a different method.
671.01,Wallet,HDFC,insufficient_funds,13,3,233,0,0,1,0,0.20706758,RETRY_SCHEDULED,136.94,Insufficient Funds recovers best after a 4-day delay (e.g. next salary credit).,Sep 02,We'll retry your payment on Sep 02. You can also pay now via a different method.
2807.67,Netbanking,PNB,fraud_block,31,0,540,1,0,0,0,0.20563564,SUPPRESS,577.36,Low recovery probability (fraud block or exhausted expected value) — not worth pursuing.,,
3334.9,Debit Card,Kotak,invalid_cvv,26,0,648,0,0,0,0,0.20467675,REQUEST_UPDATE,677.58,Invalid Cvv needs the customer to fix their payment method — retrying won't help.,,Your payment didn't go through. Please update your card details to complete this payment.
1362.35,Credit Card,ICICI,expired_card,9,1,664,0,0,0,1,0.19966482,REQUEST_UPDATE,267.01,Expired Card needs the customer to fix their payment method — retrying won't help.,,Your payment didn't go through. Please update your card details to complete this payment.
311.33,UPI,PNB,invalid_cvv,6,3,724,0,0,1,0,0.19837736,REQUEST_UPDATE,56.76,Invalid Cvv needs the customer to fix their payment method — retrying won't help.,,Your payment didn't go through. Please update your card details to complete this payment.
450.47,Netbanking,Yes Bank,insufficient_funds,19,4,102,0,0,1,1,0.19834203,RETRY_SCHEDULED,87.35,Insufficient Funds recovers best after a 4-day delay (e.g. next salary credit).,Sep 02,We'll retry your payment on Sep 02. You can also pay now via a different method.
339.13,UPI,PNB,expired_card,8,1,559,0,0,0,0,0.19809553,REQUEST_UPDATE,62.18,Expired Card needs the customer to fix their payment method — retrying won't help.,,Your payment didn't go through. Please update your card details to complete this payment.
558.8,Netbanking,HDFC,invalid_cvv,17,0,82,0,0,0,1,0.19796479,REQUEST_UPDATE,105.62,Invalid Cvv needs the customer to fix their payment method — retrying won't help.,,Your payment didn't go through. Please update your card details to complete this payment.
172.52,Debit Card,IDFC,invalid_cvv,25,3,485,0,0,1,0,0.19696121,REQUEST_UPDATE,28.98,Invalid Cvv needs the customer to fix their payment method — retrying won't help.,,Your payment didn't go through. Please update your card details to complete this payment.
1294.11,Debit Card,Axis,invalid_cvv,2,3,876,1,0,1,1,0.19534084,REQUEST_UPDATE,247.79,Invalid Cvv needs the customer to fix their payment method — retrying won't help.,,Your payment didn't go through. Please update your card details to complete this payment.
1343.12,Wallet,Yes Bank,insufficient_funds,27,3,143,0,0,1,0,0.19357967,RETRY_SCHEDULED,258.0,Insufficient Funds recovers best after a 4-day delay (e.g. next salary credit).,Sep 02,We'll retry your payment on Sep 02. You can also pay now via a different method.
3308.61,Wallet,Yes Bank,fraud_block,20,1,500,0,0,0,0,0.19252762,SUPPRESS,637.0,Low recovery probability (fraud block or exhausted expected value) — not worth pursuing.,,
406.72,Debit Card,ICICI,expired_card,14,1,682,0,0,0,0,0.19048427,REQUEST_UPDATE,72.47,Expired Card needs the customer to fix their payment method — retrying won't help.,,Your payment didn't go through. Please update your card details to complete this payment.
517.71,Credit Card,ICICI,invalid_cvv,20,0,26,0,0,0,0,0.18938561,REQUEST_UPDATE,93.05,Invalid Cvv needs the customer to fix their payment method — retrying won't help.,,Your payment didn't go through. Please update your card details to complete this payment.
5902.4,Netbanking,ICICI,fraud_block,12,3,421,0,0,1,0,0.18774147,SUPPRESS,1108.13,Low recovery probability (fraud block or exhausted expected value) — not worth pursuing.,,
577.23,UPI,IDFC,invalid_cvv,1,3,623,1,0,1,1,0.1865656,REQUEST_UPDATE,102.69,Invalid Cvv needs the customer to fix their payment method — retrying won't help.,,Your payment didn't go through. Please update your card details to complete this payment.
4822.66,Debit Card,HDFC,invalid_cvv,5,2,122,1,0,0,0,0.18510474,REQUEST_UPDATE,887.7,Invalid Cvv needs the customer to fix their payment method — retrying won't help.,,Your payment didn't go through. Please update your card details to complete this payment.
2480.84,UPI,HDFC,invalid_cvv,22,3,538,0,0,1,0,0.18464977,REQUEST_UPDATE,453.09,Invalid Cvv needs the customer to fix their payment method — retrying won't help.,,Your payment didn't go through. Please update your card details to complete this payment.
121.41,Netbanking,IDFC,invalid_cvv,26,2,28,0,0,0,1,0.1846011,REQUEST_UPDATE,17.41,Invalid Cvv needs the customer to fix their payment method — retrying won't help.,,Your payment didn't go through. Please update your card details to complete this payment.
3434.16,Debit Card,Kotak,expired_card,6,1,216,0,0,0,0,0.18375984,REQUEST_UPDATE,626.06,Expired Card needs the customer to fix their payment method — retrying won't help.,,Your payment didn't go through. Please update your card details to complete this payment.
86.62,Debit Card,Axis,invalid_cvv,4,4,560,1,0,1,0,0.18339619,SUPPRESS,10.89,Expected recovery value (₹11) too low to justify chasing.,,
319.11,UPI,Axis,insufficient_funds,8,3,344,0,0,1,0,0.1817727,RETRY_SCHEDULED,56.01,Insufficient Funds recovers best after a 4-day delay (e.g. next salary credit).,Sep 02,We'll retry your payment on Sep 02. You can also pay now via a different method.
4352.46,Wallet,Axis,invalid_cvv,19,1,848,0,0,0,0,0.18124048,REQUEST_UPDATE,783.84,Invalid Cvv needs the customer to fix their payment method — retrying won't help.,,Your payment didn't go through. Please update your card details to complete this payment.
714.88,Credit Card,SBI,expired_card,13,2,896,0,0,0,1,0.18076384,REQUEST_UPDATE,124.22,Expired Card needs the customer to fix their payment method — retrying won't help.,,Your payment didn't go through. Please update your card details to complete this payment.
100.42,Credit Card,Axis,insufficient_funds,8,3,275,0,0,1,0,0.18068795,RETRY_SCHEDULED,16.14,Insufficient Funds recovers best after a 4-day delay (e.g. next salary credit).,Sep 02,We'll retry your payment on Sep 02. You can also pay now via a different method.
113.27,Wallet,IDFC,invalid_cvv,29,4,692,1,0,1,1,0.17929974,REQUEST_UPDATE,15.31,Invalid Cvv needs the customer to fix their payment method — retrying won't help.,,Your payment didn't go through. Please update your card details to complete this payment.
270.04,Netbanking,HDFC,expired_card,22,2,604,0,0,0,1,0.17657416,REQUEST_UPDATE,42.68,Expired Card needs the customer to fix their payment method — retrying won't help.,,Your payment didn't go through. Please update your card details to complete this payment.
623.86,Credit Card,HDFC,fraud_block,29,1,548,1,0,0,0,0.17507938,SUPPRESS,109.23,Low recovery probability (fraud block or exhausted expected value) — not worth pursuing.,,
2387.87,Netbanking,HDFC,invalid_cvv,9,3,493,0,0,1,0,0.1728503,REQUEST_UPDATE,407.74,Invalid Cvv needs the customer to fix their payment method — retrying won't help.,,Your payment didn't go through. Please update your card details to complete this payment.
5748.85,Credit Card,Kotak,fraud_block,6,1,136,0,0,0,0,0.17260048,SUPPRESS,992.25,Low recovery probability (fraud block or exhausted expected value) — not worth pursuing.,,
1595.67,Debit Card,Axis,insufficient_funds,19,3,895,0,0,1,0,0.1715509,RETRY_SCHEDULED,271.74,Insufficient Funds recovers best after a 4-day delay (e.g. next salary credit).,Sep 02,We'll retry your payment on Sep 02. You can also pay now via a different method.
512.42,Credit Card,Yes Bank,expired_card,9,1,702,0,0,0,0,0.16949497,REQUEST_UPDATE,81.85,Expired Card needs the customer to fix their payment method — retrying won't help.,,Your payment didn't go through. Please update your card details to complete this payment.
249.83,Netbanking,ICICI,expired_card,13,0,495,0,0,0,1,0.16694936,REQUEST_UPDATE,36.71,Expired Card needs the customer to fix their payment method — retrying won't help.,,Your payment didn't go through. Please update your card details to complete this payment.
1561.67,UPI,Axis,expired_card,11,1,712,0,0,0,0,0.16324902,REQUEST_UPDATE,249.94,Expired Card needs the customer to fix their payment method — retrying won't help.,,Your payment didn't go through. Please update your card details to complete this payment.
304.24,Wallet,SBI,expired_card,19,1,668,0,0,0,0,0.16223821,REQUEST_UPDATE,44.36,Expired Card needs the customer to fix their payment method — retrying won't help.,,Your payment didn't go through. Please update your card details to complete this payment.
291.7,Debit Card,PNB,invalid_cvv,15,3,69,0,0,1,1,0.16110313,REQUEST_UPDATE,41.99,Invalid Cvv needs the customer to fix their payment method — retrying won't help.,,Your payment didn't go through. Please update your card details to complete this payment.
1202.17,Debit Card,Kotak,expired_card,12,0,674,0,0,0,0,0.15970697,REQUEST_UPDATE,186.99,Expired Card needs the customer to fix their payment method — retrying won't help.,,Your payment didn't go through. Please update your card details to complete this payment.
126.88,Debit Card,Yes Bank,expired_card,9,0,419,0,0,0,0,0.1590045,REQUEST_UPDATE,15.17,Expired Card needs the customer to fix their payment method — retrying won't help.,,Your payment didn't go through. Please update your card details to complete this payment.
2686.59,Debit Card,Axis,invalid_cvv,3,3,166,1,0,1,0,0.1580974,REQUEST_UPDATE,419.74,Invalid Cvv needs the customer to fix their payment method — retrying won't help.,,Your payment didn't go through. Please update your card details to complete this payment.
86.69,Netbanking,HDFC,invalid_cvv,10,2,185,0,0,0,0,0.15406293,SUPPRESS,8.36,Expected recovery value (₹8) too low to justify chasing.,,
3243.78,Credit Card,HDFC,expired_card,2,0,333,1,0,0,0,0.15312536,REQUEST_UPDATE,491.7,Expired Card needs the customer to fix their payment method — retrying won't help.,,Your payment didn't go through. Please update your card details to complete this payment.
1014.07,Wallet,PNB,expired_card,2,1,514,1,0,0,0,0.1520584,REQUEST_UPDATE,149.2,Expired Card needs the customer to fix their payment method — retrying won't help.,,Your payment didn't go through. Please update your card details to complete this payment.
661.64,Debit Card,PNB,expired_card,12,1,581,0,0,0,0,0.15028624,REQUEST_UPDATE,94.44,Expired Card needs the customer to fix their payment method — retrying won't help.,,Your payment didn't go through. Please update your card details to complete this payment.
1287.5,Credit Card,HDFC,expired_card,19,1,705,0,0,0,0,0.15009727,REQUEST_UPDATE,188.25,Expired Card needs the customer to fix their payment method — retrying won't help.,,Your payment didn't go through. Please update your card details to complete this payment.
283.34,Wallet,Kotak,expired_card,4,2,522,1,0,0,1,0.14935905,REQUEST_UPDATE,37.32,Expired Card needs the customer to fix their payment method — retrying won't help.,,Your payment didn't go through. Please update your card details to complete this payment.
918.43,Credit Card,ICICI,invalid_cvv,8,3,261,0,0,1,0,0.14923768,REQUEST_UPDATE,132.06,Invalid Cvv needs the customer to fix their payment method — retrying won't help.,,Your payment didn't go through. Please update your card details to complete this payment.
2405.16,Netbanking,HDFC,invalid_cvv,11,3,372,0,0,1,0,0.1483325,REQUEST_UPDATE,351.76,Invalid Cvv needs the customer to fix their payment method — retrying won't help.,,Your payment didn't go through. Please update your card details to complete this payment.
496.04,UPI,IDFC,expired_card,31,1,853,1,0,0,0,0.14653896,REQUEST_UPDATE,67.69,Expired Card needs the customer to fix their payment method — retrying won't help.,,Your payment didn't go through. Please update your card details to complete this payment.
1753.31,Credit Card,Kotak,expired_card,23,2,651,0,0,0,0,0.14651863,REQUEST_UPDATE,251.89,Expired Card needs the customer to fix their payment method — retrying won't help.,,Your payment didn't go through. Please update your card details to complete this payment.
14743.61,Wallet,ICICI,fraud_block,21,2,783,0,0,0,0,0.14554425,SUPPRESS,2145.85,Low recovery probability (fraud block or exhausted expected value) — not worth pursuing.,,
1312.89,UPI,Yes Bank,expired_card,16,2,521,0,0,0,0,0.14462505,REQUEST_UPDATE,184.88,Expired Card needs the customer to fix their payment method — retrying won't help.,,Your payment didn't go through. Please update your card details to complete this payment.
263.23,UPI,IDFC,expired_card,8,1,817,0,0,0,0,0.14405836,REQUEST_UPDATE,32.92,Expired Card needs the customer to fix their payment method — retrying won't help.,,Your payment didn't go through. Please update your card details to complete this payment.
328.02,Credit Card,Kotak,expired_card,30,1,661,1,0,0,0,0.14359078,REQUEST_UPDATE,42.1,Expired Card needs the customer to fix their payment method — retrying won't help.,,Your payment didn't go through. Please update your card details to complete this payment.
136.2,Debit Card,HDFC,fraud_block,17,1,470,0,0,0,0,0.14242803,SUPPRESS,19.4,Low recovery probability (fraud block or exhausted expected value) — not worth pursuing.,,
675.52,Netbanking,IDFC,expired_card,14,0,221,0,0,0,0,0.14216548,REQUEST_UPDATE,91.04,Expired Card needs the customer to fix their payment method — retrying won't help.,,Your payment didn't go through. Please update your card details to complete this payment.
151.17,Netbanking,IDFC,expired_card,5,2,455,1,0,0,0,0.13957277,REQUEST_UPDATE,16.1,Expired Card needs the customer to fix their payment method — retrying won't help.,,Your payment didn't go through. Please update your card details to complete this payment.
459.36,Netbanking,Axis,fraud_block,22,1,387,0,0,0,0,0.13892649,SUPPRESS,63.82,Low recovery probability (fraud block or exhausted expected value) — not worth pursuing.,,
997.8,Credit Card,ICICI,fraud_block,13,0,865,0,0,0,0,0.13767265,SUPPRESS,137.37,Low recovery probability (fraud block or exhausted expected value) — not worth pursuing.,,
418.46,Debit Card,ICICI,expired_card,23,1,561,0,0,0,0,0.13738321,REQUEST_UPDATE,52.49,Expired Card needs the customer to fix their payment method — retrying won't help.,,Your payment didn't go through. Please update your card details to complete this payment.
181.7,UPI,ICICI,expired_card,5,0,605,1,0,0,0,0.13643727,REQUEST_UPDATE,19.79,Expired Card needs the customer to fix their payment method — retrying won't help.,,Your payment didn't go through. Please update your card details to complete this payment.
194.6,UPI,HDFC,expired_card,15,0,404,0,0,0,0,0.13642514,REQUEST_UPDATE,21.55,Expired Card needs the customer to fix their payment method — retrying won't help.,,Your payment didn't go through. Please update your card details to complete this payment.
937.57,Wallet,Axis,expired_card,6,1,172,0,0,0,0,0.1362588,REQUEST_UPDATE,122.75,Expired Card needs the customer to fix their payment method — retrying won't help.,,Your payment didn't go through. Please update your card details to complete this payment.
752.13,Debit Card,Kotak,expired_card,17,1,739,0,0,0,1,0.13568293,REQUEST_UPDATE,97.05,Expired Card needs the customer to fix their payment method — retrying won't help.,,Your payment didn't go through. Please update your card details to complete this payment.
230.12,Wallet,ICICI,fraud_block,8,2,793,0,0,0,0,0.13507645,SUPPRESS,31.08,Low recovery probability (fraud block or exhausted expected value) — not worth pursuing.,,
494.28,Netbanking,IDFC,invalid_cvv,17,2,19,0,0,0,0,0.13456002,REQUEST_UPDATE,61.51,Invalid Cvv needs the customer to fix their payment method — retrying won't help.,,Your payment didn't go through. Please update your card details to complete this payment.
1848.72,Netbanking,IDFC,expired_card,17,2,863,0,0,0,0,0.1342934,REQUEST_UPDATE,243.27,Expired Card needs the customer to fix their payment method — retrying won't help.,,Your payment didn't go through. Please update your card details to complete this payment.
2083.89,Credit Card,HDFC,invalid_cvv,28,3,231,1,0,1,0,0.13338201,REQUEST_UPDATE,272.95,Invalid Cvv needs the customer to fix their payment method — retrying won't help.,,Your payment didn't go through. Please update your card details to complete this payment.
1313.04,Credit Card,PNB,expired_card,14,1,390,0,0,0,0,0.13287407,REQUEST_UPDATE,169.47,Expired Card needs the customer to fix their payment method — retrying won't help.,,Your payment didn't go through. Please update your card details to complete this payment.
628.36,Netbanking,Yes Bank,expired_card,29,0,658,1,0,0,0,0.13280778,REQUEST_UPDATE,78.45,Expired Card needs the customer to fix their payment method — retrying won't help.,,Your payment didn't go through. Please update your card details to complete this payment.
917.32,Netbanking,Yes Bank,expired_card,17,0,805,0,0,0,0,0.1303038,REQUEST_UPDATE,114.53,Expired Card needs the customer to fix their payment method — retrying won't help.,,Your payment didn't go through. Please update your card details to complete this payment.
284.69,Debit Card,IDFC,invalid_cvv,6,3,359,0,0,1,0,0.1294638,REQUEST_UPDATE,31.86,Invalid Cvv needs the customer to fix their payment method — retrying won't help.,,Your payment didn't go through. Please update your card details to complete this payment.
249.38,Debit Card,Kotak,fraud_block,13,3,789,0,0,1,0,0.1293569,SUPPRESS,32.26,Low recovery probability (fraud block or exhausted expected value) — not worth pursuing.,,
116.41,Debit Card,HDFC,fraud_block,21,1,474,0,0,0,0,0.1284523,SUPPRESS,14.95,Low recovery probability (fraud block or exhausted expected value) — not worth pursuing.,,
743.26,Netbanking,PNB,expired_card,11,0,506,0,0,0,0,0.12717657,REQUEST_UPDATE,89.53,Expired Card needs the customer to fix their payment method — retrying won't help.,,Your payment didn't go through. Please update your card details to complete this payment.
266.43,Wallet,IDFC,expired_card,25,1,552,0,0,0,1,0.12671667,REQUEST_UPDATE,28.76,Expired Card needs the customer to fix their payment method — retrying won't help.,,Your payment didn't go through. Please update your card details to complete this payment.
200.21,Wallet,PNB,expired_card,20,1,897,0,0,0,1,0.12659279,REQUEST_UPDATE,20.35,Expired Card needs the customer to fix their payment method — retrying won't help.,,Your payment didn't go through. Please update your card details to complete this payment.
390.16,Wallet,Axis,expired_card,18,1,588,0,0,0,0,0.12590358,REQUEST_UPDATE,44.12,Expired Card needs the customer to fix their payment method — retrying won't help.,,Your payment didn't go through. Please update your card details to complete this payment.
5263.86,Credit Card,Kotak,expired_card,14,1,271,0,0,0,0,0.12422361,REQUEST_UPDATE,648.9,Expired Card needs the customer to fix their payment method — retrying won't help.,,Your payment didn't go through. Please update your card details to complete this payment.
43.34,Credit Card,ICICI,invalid_cvv,15,3,119,0,0,1,0,0.12400522,SUPPRESS,0.37,Expected recovery value (₹0) too low to justify chasing.,,
286.45,Netbanking,HDFC,fraud_block,1,3,783,1,0,1,0,0.12187328,SUPPRESS,34.91,Low recovery probability (fraud block or exhausted expected value) — not worth pursuing.,,
171.95,UPI,ICICI,expired_card,22,1,806,0,0,0,0,0.12181398,REQUEST_UPDATE,15.95,Expired Card needs the customer to fix their payment method — retrying won't help.,,Your payment didn't go through. Please update your card details to complete this payment.
2073.38,Credit Card,IDFC,expired_card,12,2,810,0,0,0,1,0.121591255,REQUEST_UPDATE,247.1,Expired Card needs the customer to fix their payment method — retrying won't help.,,Your payment didn't go through. Please update your card details to complete this payment.
669.14,Netbanking,Yes Bank,expired_card,28,0,608,1,0,0,0,0.12141313,REQUEST_UPDATE,76.24,Expired Card needs the customer to fix their payment method — retrying won't help.,,Your payment didn't go through. Please update your card details to complete this payment.
568.26,Wallet,Axis,invalid_cvv,9,2,14,0,0,0,0,0.12048579,REQUEST_UPDATE,63.47,Invalid Cvv needs the customer to fix their payment method — retrying won't help.,,Your payment didn't go through. Please update your card details to complete this payment.
827.38,Debit Card,IDFC,fraud_block,28,0,566,1,0,0,0,0.12047121,SUPPRESS,99.68,Low recovery probability (fraud block or exhausted expected value) — not worth pursuing.,,
509.55,Debit Card,Axis,expired_card,27,2,609,0,0,0,0,0.120328374,REQUEST_UPDATE,56.31,Expired Card needs the customer to fix their payment method — retrying won't help.,,Your payment didn't go through. Please update your card details to complete this payment.
208.34,Wallet,Axis,expired_card,10,2,704,0,0,0,0,0.11911118,REQUEST_UPDATE,19.82,Expired Card needs the customer to fix their payment method — retrying won't help.,,Your payment didn't go through. Please update your card details to complete this payment.
666.56,Debit Card,IDFC,invalid_cvv,19,3,441,0,0,1,0,0.118963696,REQUEST_UPDATE,74.3,Invalid Cvv needs the customer to fix their payment method — retrying won't help.,,Your payment didn't go through. Please update your card details to complete this payment.
1433.81,UPI,HDFC,expired_card,15,1,175,0,0,0,1,0.118711814,REQUEST_UPDATE,165.21,Expired Card needs the customer to fix their payment method — retrying won't help.,,Your payment didn't go through. Please update your card details to complete this payment.
2576.04,Netbanking,Yes Bank,expired_card,20,0,872,0,0,0,0,0.118058264,REQUEST_UPDATE,299.12,Expired Card needs the customer to fix their payment method — retrying won't help.,,Your payment didn't go through. Please update your card details to complete this payment.
1884.64,Wallet,IDFC,expired_card,10,0,763,0,0,0,0,0.117612265,REQUEST_UPDATE,216.66,Expired Card needs the customer to fix their payment method — retrying won't help.,,Your payment didn't go through. Please update your card details to complete this payment.
1018.04,Wallet,Kotak,expired_card,31,1,758,1,0,0,1,0.1172299,REQUEST_UPDATE,114.34,Expired Card needs the customer to fix their payment method — retrying won't help.,,Your payment didn't go through. Please update your card details to complete this payment.
177.31,Netbanking,Axis,fraud_block,23,2,793,0,0,0,0,0.11507853,SUPPRESS,20.4,Low recovery probability (fraud block or exhausted expected value) — not worth pursuing.,,
114.96,Netbanking,ICICI,fraud_block,1,2,738,1,0,0,0,0.114970095,SUPPRESS,13.22,Low recovery probability (fraud block or exhausted expected value) — not worth pursuing.,,
382.95,Wallet,ICICI,expired_card,3,0,716,1,0,0,0,0.11491337,REQUEST_UPDATE,39.01,Expired Card needs the customer to fix their payment method — retrying won't help.,,Your payment didn't go through. Please update your card details to complete this payment.
168.38,Wallet,HDFC,expired_card,26,1,712,0,0,0,0,0.11446354,SUPPRESS,14.27,Expected recovery value (₹14) too low to justify chasing.,,
380.42,Credit Card,SBI,invalid_cvv,17,3,137,0,0,1,0,0.11401576,REQUEST_UPDATE,38.37,Invalid Cvv needs the customer to fix their payment method — retrying won't help.,,Your payment didn't go through. Please update your card details to complete this payment.
1462.81,Wallet,SBI,fraud_block,6,2,428,0,0,0,0,0.11360211,SUPPRESS,166.18,Low recovery probability (fraud block or exhausted expected value) — not worth pursuing.,,
1331.01,UPI,Axis,fraud_block,13,0,388,0,0,0,0,0.113410495,SUPPRESS,150.95,Low recovery probability (fraud block or exhausted expected value) — not worth pursuing.,,
459.42,UPI,PNB,expired_card,12,1,774,0,0,0,0,0.113061205,REQUEST_UPDATE,46.94,Expired Card needs the customer to fix their payment method — retrying won't help.,,Your payment didn't go through. Please update your card details to complete this payment.
1185.37,UPI,ICICI,expired_card,17,0,717,0,0,0,0,0.112704724,REQUEST_UPDATE,128.6,Expired Card needs the customer to fix their payment method — retrying won't help.,,Your payment didn't go through. Please update your card details to complete this payment.
2804.07,Debit Card,Yes Bank,expired_card,5,2,560,1,0,0,0,0.11242257,REQUEST_UPDATE,310.24,Expired Card needs the customer to fix their payment method — retrying won't help.,,Your payment didn't go through. Please update your card details to complete this payment.
1237.89,UPI,HDFC,invalid_cvv,13,3,387,0,0,1,0,0.1110637,REQUEST_UPDATE,132.48,Invalid Cvv needs the customer to fix their payment method — retrying won't help.,,Your payment didn't go through. Please update your card details to complete this payment.
778.19,Wallet,IDFC,expired_card,9,0,433,0,0,0,0,0.110568844,REQUEST_UPDATE,81.04,Expired Card needs the customer to fix their payment method — retrying won't help.,,Your payment didn't go through. Please update your card details to complete this payment.
434.15,Netbanking,Axis,expired_card,31,0,735,1,0,0,0,0.10976698,REQUEST_UPDATE,42.66,Expired Card needs the customer to fix their payment method — retrying won't help.,,Your payment didn't go through. Please update your card details to complete this payment.
256.74,Wallet,Axis,fraud_block,8,0,681,0,0,0,1,0.10863488,SUPPRESS,27.89,Low recovery probability (fraud block or exhausted expected value) — not worth pursuing.,,
2702.05,Netbanking,HDFC,expired_card,12,0,894,0,0,0,0,0.10749659,REQUEST_UPDATE,285.46,Expired Card needs the customer to fix their payment method — retrying won't help.,,Your payment didn't go through. Please update your card details to complete this payment.
1229.78,Netbanking,Yes Bank,expired_card,16,1,211,0,0,0,0,0.10699943,REQUEST_UPDATE,126.59,Expired Card needs the customer to fix their payment method — retrying won't help.,,Your payment didn't go through. Please update your card details to complete this payment.
397.88,Debit Card,Kotak,fraud_block,21,1,554,0,0,0,0,0.10694169,SUPPRESS,42.55,Low recovery probability (fraud block or exhausted expected value) — not worth pursuing.,,
754.03,UPI,IDFC,expired_card,12,0,403,0,0,0,1,0.10683267,REQUEST_UPDATE,75.56,Expired Card needs the customer to fix their payment method — retrying won't help.,,Your payment didn't go through. Please update your card details to complete this payment.
2495.77,Netbanking,Kotak,expired_card,26,0,881,0,0,0,0,0.10673114,REQUEST_UPDATE,261.38,Expired Card needs the customer to fix their payment method — retrying won't help.,,Your payment didn't go through. Please update your card details to complete this payment.
489.52,Debit Card,Yes Bank,fraud_block,18,0,693,0,0,0,0,0.10611493,SUPPRESS,51.95,Low recovery probability (fraud block or exhausted expected value) — not worth pursuing.,,
999.36,Netbanking,Yes Bank,invalid_cvv,2,4,191,1,0,1,0,0.10577389,REQUEST_UPDATE,100.71,Invalid Cvv needs the customer to fix their payment method — retrying won't help.,,Your payment didn't go through. Please update your card details to complete this payment.
64.97,Debit Card,Axis,fraud_block,19,0,586,0,0,0,0,0.10531163,SUPPRESS,6.84,Low recovery probability (fraud block or exhausted expected value) — not worth pursuing.,,
170.94,UPI,PNB,expired_card,12,2,210,0,0,0,0,0.10529847,SUPPRESS,13.0,Expected recovery value (₹13) too low to justify chasing.,,
306.56,Wallet,HDFC,expired_card,13,1,163,0,0,0,0,0.10479783,REQUEST_UPDATE,27.13,Expired Card needs the customer to fix their payment method — retrying won't help.,,Your payment didn't go through. Please update your card details to complete this payment.
930.4,Credit Card,Kotak,expired_card,19,2,576,0,0,0,1,0.10440846,REQUEST_UPDATE,92.14,Expired Card needs the customer to fix their payment method — retrying won't help.,,Your payment didn't go through. Please update your card details to complete this payment.
100.06,Netbanking,PNB,expired_card,16,0,517,0,0,0,1,0.10301883,SUPPRESS,5.31,Expected recovery value (₹5) too low to justify chasing.,,
259.32,UPI,HDFC,expired_card,9,0,399,0,0,0,0,0.10258426,REQUEST_UPDATE,21.6,Expired Card needs the customer to fix their payment method — retrying won't help.,,Your payment didn't go through. Please update your card details to complete this payment.
5039.65,Wallet,Axis,expired_card,10,2,788,0,0,0,0,0.10202937,REQUEST_UPDATE,509.19,Expired Card needs the customer to fix their payment method — retrying won't help.,,Your payment didn't go through. Please update your card details to complete this payment.
1095.24,Netbanking,Kotak,fraud_block,16,1,732,0,0,0,0,0.101469286,SUPPRESS,111.13,Low recovery probability (fraud block or exhausted expected value) — not worth pursuing.,,
1099.71,Debit Card,HDFC,expired_card,4,1,786,1,0,0,0,0.100581795,REQUEST_UPDATE,105.61,Expired Card needs the customer to fix their payment method — retrying won't help.,,Your payment didn't go through. Please update your card details to complete this payment.
227.86,Debit Card,IDFC,expired_card,8,2,154,0,0,0,0,0.10025808,REQUEST_UPDATE,17.84,Expired Card needs the customer to fix their payment method — retrying won't help.,,Your payment didn't go through. Please update your card details to complete this payment.
1999.39,Wallet,IDFC,expired_card,20,2,866,0,0,0,0,0.09920127,REQUEST_UPDATE,193.34,Expired Card needs the customer to fix their payment method — retrying won't help.,,Your payment didn't go through. Please update your card details to complete this payment.
739.1,Debit Card,Axis,fraud_block,24,1,651,0,0,0,0,0.09890234,SUPPRESS,73.1,Low recovery probability (fraud block or exhausted expected value) — not worth pursuing.,,
525.93,UPI,ICICI,expired_card,7,1,503,0,0,0,0,0.098067574,REQUEST_UPDATE,46.58,Expired Card needs the customer to fix their payment method — retrying won't help.,,Your payment didn't go through. Please update your card details to complete this payment.
956.24,UPI,SBI,expired_card,13,1,99,0,0,0,0,0.0978408,REQUEST_UPDATE,88.56,Expired Card needs the customer to fix their payment method — retrying won't help.,,Your payment didn't go through. Please update your card details to complete this payment.
346.6,UPI,HDFC,fraud_block,14,2,395,0,0,0,0,0.097760245,SUPPRESS,33.88,Low recovery probability (fraud block or exhausted expected value) — not worth pursuing.,,
689.98,Debit Card,PNB,expired_card,25,0,703,0,0,0,1,0.09769054,REQUEST_UPDATE,62.4,Expired Card needs the customer to fix their payment method — retrying won't help.,,Your payment didn't go through. Please update your card details to complete this payment.
613.86,Credit Card,IDFC,expired_card,27,0,813,0,0,0,0,0.09706601,REQUEST_UPDATE,54.58,Expired Card needs the customer to fix their payment method — retrying won't help.,,Your payment didn't go through. Please update your card details to complete this payment.
785.92,UPI,Kotak,expired_card,30,1,706,1,0,0,0,0.0964274,REQUEST_UPDATE,70.78,Expired Card needs the customer to fix their payment method — retrying won't help.,,Your payment didn't go through. Please update your card details to complete this payment.
1076.84,Debit Card,HDFC,expired_card,25,1,802,0,0,0,1,0.09614024,REQUEST_UPDATE,98.53,Expired Card needs the customer to fix their payment method — retrying won't help.,,Your payment didn't go through. Please update your card details to complete this payment.
304.63,Wallet,PNB,expired_card,5,0,854,1,0,0,0,0.09526116,REQUEST_UPDATE,24.02,Expired Card needs the customer to fix their payment method — retrying won't help.,,Your payment didn't go through. Please update your card details to complete this payment.
677.9,Credit Card,Axis,fraud_block,16,0,857,0,0,0,0,0.09377203,SUPPRESS,63.57,Low recovery probability (fraud block or exhausted expected value) — not worth pursuing.,,
1325.25,UPI,Yes Bank,invalid_cvv,23,3,473,0,0,1,1,0.09335087,REQUEST_UPDATE,118.71,Invalid Cvv needs the customer to fix their payment method — retrying won't help.,,Your payment didn't go through. Please update your card details to complete this payment.
862.12,Debit Card,HDFC,invalid_cvv,3,5,78,1,0,1,0,0.09334362,REQUEST_UPDATE,75.47,Invalid Cvv needs the customer to fix their payment method — retrying won't help.,,Your payment didn't go through. Please update your card details to complete this payment.
11627.63,UPI,SBI,invalid_cvv,22,0,440,0,0,0,1,0.09275352,REQUEST_UPDATE,1073.5,Invalid Cvv needs the customer to fix their payment method — retrying won't help.,,Your payment didn't go through. Please update your card details to complete this payment.
698.98,Wallet,Yes Bank,fraud_block,24,1,293,0,0,0,0,0.09236947,SUPPRESS,64.56,Low recovery probability (fraud block or exhausted expected value) — not worth pursuing.,,
153.39,Debit Card,PNB,fraud_block,20,2,533,0,0,0,1,0.09188288,SUPPRESS,14.09,Low recovery probability (fraud block or exhausted expected value) — not worth pursuing.,,
1112.15,Debit Card,Kotak,expired_card,19,0,795,0,0,0,0,0.09151398,REQUEST_UPDATE,96.78,Expired Card needs the customer to fix their payment method — retrying won't help.,,Your payment didn't go through. Please update your card details to complete this payment.
484.3,Netbanking,PNB,invalid_cvv,11,3,227,0,0,1,1,0.0914973,REQUEST_UPDATE,39.31,Invalid Cvv needs the customer to fix their payment method — retrying won't help.,,Your payment didn't go through. Please update your card details to complete this payment.
1051.28,Netbanking,Kotak,fraud_block,6,1,297,0,0,0,0,0.09108844,SUPPRESS,95.76,Low recovery probability (fraud block or exhausted expected value) — not worth pursuing.,,
669.35,UPI,Yes Bank,fraud_block,22,0,296,0,0,0,0,0.090807505,SUPPRESS,60.78,Low recovery probability (fraud block or exhausted expected value) — not worth pursuing.,,
1949.83,Debit Card,Axis,expired_card,23,1,181,0,0,0,0,0.09047255,REQUEST_UPDATE,171.41,Expired Card needs the customer to fix their payment method — retrying won't help.,,Your payment didn't go through. Please update your card details to complete this payment.
1533.45,Wallet,Axis,expired_card,16,2,233,0,0,0,0,0.0904565,REQUEST_UPDATE,133.71,Expired Card needs the customer to fix their payment method — retrying won't help.,,Your payment didn't go through. Please update your card details to complete this payment.
768.71,UPI,Axis,expired_card,19,2,643,0,0,0,0,0.0898091,REQUEST_UPDATE,64.04,Expired Card needs the customer to fix their payment method — retrying won't help.,,Your payment didn't go through. Please update your card details to complete this payment.
328.72,Wallet,IDFC,expired_card,7,0,133,0,0,0,0,0.0897523,REQUEST_UPDATE,24.5,Expired Card needs the customer to fix their payment method — retrying won't help.,,Your payment didn't go through. Please update your card details to complete this payment.
1584.75,Debit Card,ICICI,invalid_cvv,27,5,223,0,0,1,1,0.08909937,REQUEST_UPDATE,136.2,Invalid Cvv needs the customer to fix their payment method — retrying won't help.,,Your payment didn't go through. Please update your card details to complete this payment.
1855.36,Debit Card,SBI,expired_card,15,2,72,0,0,0,1,0.08905205,REQUEST_UPDATE,160.22,Expired Card needs the customer to fix their payment method — retrying won't help.,,Your payment didn't go through. Please update your card details to complete this payment.
2031.29,Wallet,ICICI,invalid_cvv,7,4,44,0,0,1,0,0.08895387,REQUEST_UPDATE,175.69,Invalid Cvv needs the customer to fix their payment method — retrying won't help.,,Your payment didn't go through. Please update your card details to complete this payment.
929.05,Netbanking,SBI,expired_card,18,1,579,0,0,0,0,0.08829299,REQUEST_UPDATE,77.03,Expired Card needs the customer to fix their payment method — retrying won't help.,,Your payment didn't go through. Please update your card details to complete this payment.
915.53,Netbanking,HDFC,expired_card,5,1,204,1,0,0,0,0.08792809,REQUEST_UPDATE,75.5,Expired Card needs the customer to fix their payment method — retrying won't help.,,Your payment didn't go through. Please update your card details to complete this payment.
332.58,Credit Card,Axis,expired_card,24,0,762,0,0,0,0,0.08747336,REQUEST_UPDATE,24.09,Expired Card needs the customer to fix their payment method — retrying won't help.,,Your payment didn't go through. Please update your card details to complete this payment.
532.28,Wallet,Axis,expired_card,12,2,880,0,0,0,0,0.08668961,REQUEST_UPDATE,41.14,Expired Card needs the customer to fix their payment method — retrying won't help.,,Your payment didn't go through. Please update your card details to complete this payment.
721.38,UPI,IDFC,fraud_block,27,1,606,0,0,0,0,0.08644635,SUPPRESS,62.36,Low recovery probability (fraud block or exhausted expected value) — not worth pursuing.,,
2341.88,Credit Card,HDFC,expired_card,7,1,840,0,0,0,1,0.084384575,REQUEST_UPDATE,192.62,Expired Card needs the customer to fix their payment method — retrying won't help.,,Your payment didn't go through. Please update your card details to complete this payment.
637.0,Credit Card,SBI,expired_card,1,2,62,1,0,0,0,0.08425147,REQUEST_UPDATE,48.67,Expired Card needs the customer to fix their payment method — retrying won't help.,,Your payment didn't go through. Please update your card details to complete this payment.
1717.34,Credit Card,ICICI,expired_card,9,0,307,0,0,0,0,0.084249154,REQUEST_UPDATE,139.68,Expired Card needs the customer to fix their payment method — retrying won't help.,,Your payment didn't go through. Please update your card details to complete this payment.
980.81,Credit Card,IDFC,expired_card,17,1,83,0,0,0,0,0.08413089,REQUEST_UPDATE,77.52,Expired Card needs the customer to fix their payment method — retrying won't help.,,Your payment didn't go through. Please update your card details to complete this payment.
659.29,Debit Card,PNB,fraud_block,3,2,423,1,0,0,0,0.08405867,SUPPRESS,55.42,Low recovery probability (fraud block or exhausted expected value) — not worth pursuing.,,
390.84,Debit Card,HDFC,expired_card,28,0,584,1,0,0,0,0.08404948,REQUEST_UPDATE,27.85,Expired Card needs the customer to fix their payment method — retrying won't help.,,Your payment didn't go through. Please update your card details to complete this payment.
793.13,Wallet,Kotak,invalid_cvv,3,5,107,1,0,1,0,0.08366393,REQUEST_UPDATE,61.36,Invalid Cvv needs the customer to fix their payment method — retrying won't help.,,Your payment didn't go through. Please update your card details to complete this payment.
1177.59,Debit Card,ICICI,fraud_block,6,0,775,0,0,0,1,0.08348637,SUPPRESS,98.31,Low recovery probability (fraud block or exhausted expected value) — not worth pursuing.,,
853.77,Debit Card,ICICI,fraud_block,21,2,777,0,0,0,0,0.08160927,SUPPRESS,69.68,Low recovery probability (fraud block or exhausted expected value) — not worth pursuing.,,
679.58,Wallet,Yes Bank,expired_card,12,0,382,0,0,0,0,0.081067905,REQUEST_UPDATE,50.09,Expired Card needs the customer to fix their payment method — retrying won't help.,,Your payment didn't go through. Please update your card details to complete this payment.
1027.05,Debit Card,HDFC,expired_card,19,0,880,0,0,0,0,0.08102836,REQUEST_UPDATE,78.22,Expired Card needs the customer to fix their payment method — retrying won't help.,,Your payment didn't go through. Please update your card details to complete this payment.
267.95,UPI,ICICI,expired_card,22,2,52,0,0,0,1,0.08094854,REQUEST_UPDATE,16.69,Expired Card needs the customer to fix their payment method — retrying won't help.,,Your payment didn't go through. Please update your card details to complete this payment.
321.09,Wallet,Yes Bank,expired_card,11,1,108,0,0,0,1,0.08076851,REQUEST_UPDATE,20.93,Expired Card needs the customer to fix their payment method — retrying won't help.,,Your payment didn't go through. Please update your card details to complete this payment.
692.08,Wallet,Axis,fraud_block,14,2,835,0,0,0,0,0.08076347,SUPPRESS,55.89,Low recovery probability (fraud block or exhausted expected value) — not worth pursuing.,,
798.14,Netbanking,PNB,invalid_cvv,17,3,308,0,0,1,0,0.08051569,REQUEST_UPDATE,59.26,Invalid Cvv needs the customer to fix their payment method — retrying won't help.,,Your payment didn't go through. Please update your card details to complete this payment.
1522.63,Credit Card,Yes Bank,expired_card,1,2,473,1,0,0,0,0.0793027,REQUEST_UPDATE,115.75,Expired Card needs the customer to fix their payment method — retrying won't help.,,Your payment didn't go through. Please update your card details to complete this payment.
2519.07,Wallet,Kotak,fraud_block,11,2,227,0,0,0,0,0.079295084,SUPPRESS,199.75,Low recovery probability (fraud block or exhausted expected value) — not worth pursuing.,,
872.17,UPI,ICICI,fraud_block,13,1,368,0,0,0,0,0.07729546,SUPPRESS,67.41,Low recovery probability (fraud block or exhausted expected value) — not worth pursuing.,,
1760.52,Wallet,Kotak,expired_card,9,1,86,0,0,0,0,0.07669751,REQUEST_UPDATE,130.03,Expired Card needs the customer to fix their payment method — retrying won't help.,,Your payment didn't go through. Please update your card details to complete this payment.
1847.33,UPI,Yes Bank,fraud_block,19,3,897,0,0,1,0,0.07651611,SUPPRESS,141.35,Low recovery probability (fraud block or exhausted expected value) — not worth pursuing.,,
1450.82,Credit Card,PNB,expired_card,25,1,846,0,0,0,1,0.07605243,REQUEST_UPDATE,105.34,Expired Card needs the customer to fix their payment method — retrying won't help.,,Your payment didn't go through. Please update your card details to complete this payment.
407.85,Wallet,HDFC,expired_card,26,0,47,0,0,0,0,0.07600769,REQUEST_UPDATE,26.0,Expired Card needs the customer to fix their payment method — retrying won't help.,,Your payment didn't go through. Please update your card details to complete this payment.
784.07,Netbanking,IDFC,expired_card,25,1,97,0,0,0,0,0.07494723,REQUEST_UPDATE,53.76,Expired Card needs the customer to fix their payment method — retrying won't help.,,Your payment didn't go through. Please update your card details to complete this payment.
270.0,Netbanking,SBI,fraud_block,22,1,895,0,0,0,0,0.07493303,SUPPRESS,20.23,Low recovery probability (fraud block or exhausted expected value) — not worth pursuing.,,
3694.59,Wallet,Axis,fraud_block,25,1,625,0,0,0,0,0.07430815,SUPPRESS,274.54,Low recovery probability (fraud block or exhausted expected value) — not worth pursuing.,,
209.99,Debit Card,ICICI,expired_card,19,0,390,0,0,0,1,0.07129444,SUPPRESS,9.97,Expected recovery value (₹10) too low to justify chasing.,,
157.91,UPI,SBI,expired_card,12,2,249,0,0,0,0,0.07114529,SUPPRESS,6.23,Expected recovery value (₹6) too low to justify chasing.,,
339.77,Netbanking,HDFC,expired_card,23,0,113,0,0,0,0,0.071082704,REQUEST_UPDATE,19.15,Expired Card needs the customer to fix their payment method — retrying won't help.,,Your payment didn't go through. Please update your card details to complete this payment.
1796.64,Debit Card,PNB,expired_card,6,0,113,0,0,0,0,0.071020186,REQUEST_UPDATE,122.6,Expired Card needs the customer to fix their payment method — retrying won't help.,,Your payment didn't go through. Please update your card details to complete this payment.
2821.02,Wallet,HDFC,expired_card,3,1,511,1,0,0,0,0.06965683,REQUEST_UPDATE,191.5,Expired Card needs the customer to fix their payment method — retrying won't help.,,Your payment didn't go through. Please update your card details to complete this payment.
272.34,Wallet,ICICI,expired_card,12,1,188,0,0,0,0,0.069441,SUPPRESS,13.91,Expected recovery value (₹14) too low to justify chasing.,,
1026.74,UPI,Axis,fraud_block,25,0,443,0,0,0,0,0.069418326,SUPPRESS,71.27,Low recovery probability (fraud block or exhausted expected value) — not worth pursuing.,,
366.34,Wallet,HDFC,fraud_block,11,1,699,0,0,0,0,0.069270596,SUPPRESS,25.38,Low recovery probability (fraud block or exhausted expected value) — not worth pursuing.,,
842.47,Debit Card,Kotak,expired_card,21,0,391,0,0,0,0,0.06915636,REQUEST_UPDATE,53.26,Expired Card needs the customer to fix their payment method — retrying won't help.,,Your payment didn't go through. Please update your card details to complete this payment.
533.83,Debit Card,Axis,expired_card,28,0,596,1,0,0,0,0.068952166,REQUEST_UPDATE,31.81,Expired Card needs the customer to fix their payment method — retrying won't help.,,Your payment didn't go through. Please update your card details to complete this payment.
1613.28,Wallet,Kotak,expired_card,1,2,253,1,0,0,0,0.06885962,REQUEST_UPDATE,106.09,Expired Card needs the customer to fix their payment method — retrying won't help.,,Your payment didn't go through. Please update your card details to complete this payment.
100.35,UPI,Axis,expired_card,18,1,740,0,0,0,0,0.06784205,SUPPRESS,1.81,Expected recovery value (₹2) too low to justify chasing.,,
88.3,Wallet,PNB,expired_card,13,1,188,0,0,0,1,0.067510635,SUPPRESS,0.96,Expected recovery value (₹1) too low to justify chasing.,,
1431.97,UPI,ICICI,fraud_block,8,0,307,0,0,0,0,0.06598247,SUPPRESS,94.48,Low recovery probability (fraud block or exhausted expected value) — not worth pursuing.,,
2662.16,Debit Card,ICICI,expired_card,23,0,103,0,0,0,0,0.065320835,REQUEST_UPDATE,168.89,Expired Card needs the customer to fix their payment method — retrying won't help.,,Your payment didn't go through. Please update your card details to complete this payment.
559.22,UPI,PNB,expired_card,12,0,346,0,0,0,0,0.06383263,REQUEST_UPDATE,30.7,Expired Card needs the customer to fix their payment method — retrying won't help.,,Your payment didn't go through. Please update your card details to complete this payment.
10390.48,Debit Card,SBI,expired_card,26,1,821,0,0,0,1,0.063496225,REQUEST_UPDATE,654.76,Expired Card needs the customer to fix their payment method — retrying won't help.,,Your payment didn't go through. Please update your card details to complete this payment.
936.62,Credit Card,SBI,expired_card,3,1,321,1,0,0,0,0.06316857,REQUEST_UPDATE,54.16,Expired Card needs the customer to fix their payment method — retrying won't help.,,Your payment didn't go through. Please update your card details to complete this payment.
523.19,UPI,Kotak,expired_card,5,0,419,1,0,0,0,0.06315017,REQUEST_UPDATE,28.04,Expired Card needs the customer to fix their payment method — retrying won't help.,,Your payment didn't go through. Please update your card details to complete this payment.
868.79,Wallet,Axis,expired_card,19,2,390,0,0,0,0,0.06300669,REQUEST_UPDATE,49.74,Expired Card needs the customer to fix their payment method — retrying won't help.,,Your payment didn't go through. Please update your card details to complete this payment.
150.49,Netbanking,ICICI,expired_card,29,2,519,1,0,0,1,0.061613876,SUPPRESS,4.27,Expected recovery value (₹4) too low to justify chasing.,,
1429.82,Credit Card,SBI,expired_card,17,1,336,0,0,0,0,0.06109969,REQUEST_UPDATE,82.36,Expired Card needs the customer to fix their payment method — retrying won't help.,,Your payment didn't go through. Please update your card details to complete this payment.
893.99,Netbanking,PNB,expired_card,20,0,162,0,0,0,0,0.06078352,REQUEST_UPDATE,49.34,Expired Card needs the customer to fix their payment method — retrying won't help.,,Your payment didn't go through. Please update your card details to complete this payment.
204.28,Netbanking,HDFC,expired_card,26,1,225,0,0,0,0,0.06052254,SUPPRESS,7.36,Expected recovery value (₹7) too low to justify chasing.,,
165.9,UPI,PNB,expired_card,25,0,636,0,0,0,0,0.060499437,SUPPRESS,5.04,Expected recovery value (₹5) too low to justify chasing.,,
686.4,Debit Card,HDFC,fraud_block,24,0,894,0,0,0,0,0.06008522,SUPPRESS,41.24,Low recovery probability (fraud block or exhausted expected value) — not worth pursuing.,,
1280.05,UPI,HDFC,fraud_block,5,1,223,1,0,0,1,0.059548557,SUPPRESS,76.23,Low recovery probability (fraud block or exhausted expected value) — not worth pursuing.,,
275.91,Debit Card,Yes Bank,fraud_block,15,1,322,0,0,0,0,0.059329934,SUPPRESS,16.37,Low recovery probability (fraud block or exhausted expected value) — not worth pursuing.,,
113.6,Credit Card,Yes Bank,expired_card,20,0,245,0,0,0,0,0.05923258,SUPPRESS,1.73,Expected recovery value (₹2) too low to justify chasing.,,
592.67,Credit Card,ICICI,expired_card,25,1,413,0,0,0,0,0.058879707,REQUEST_UPDATE,29.9,Expired Card needs the customer to fix their payment method — retrying won't help.,,Your payment didn't go through. Please update your card details to complete this payment.
1449.16,UPI,IDFC,fraud_block,26,1,368,0,0,0,0,0.05839708,SUPPRESS,84.63,Low recovery probability (fraud block or exhausted expected value) — not worth pursuing.,,
605.73,Credit Card,SBI,expired_card,4,0,205,1,0,0,0,0.05816519,REQUEST_UPDATE,30.23,Expired Card needs the customer to fix their payment method — retrying won't help.,,Your payment didn't go through. Please update your card details to complete this payment.
965.78,Debit Card,Yes Bank,expired_card,2,1,168,1,0,0,0,0.058051158,REQUEST_UPDATE,51.06,Expired Card needs the customer to fix their payment method — retrying won't help.,,Your payment didn't go through. Please update your card details to complete this payment.
583.06,UPI,Axis,expired_card,11,2,144,0,0,0,1,0.057970952,REQUEST_UPDATE,28.8,Expired Card needs the customer to fix their payment method — retrying won't help.,,Your payment didn't go through. Please update your card details to complete this payment.
884.1,Wallet,SBI,expired_card,25,0,570,0,0,0,1,0.057683725,REQUEST_UPDATE,46.0,Expired Card needs the customer to fix their payment method — retrying won't help.,,Your payment didn't go through. Please update your card details to complete this payment.
151.27,Wallet,HDFC,expired_card,24,1,170,0,0,0,0,0.057368666,SUPPRESS,3.68,Expected recovery value (₹4) too low to justify chasing.,,
449.77,UPI,Kotak,expired_card,7,0,264,0,0,0,0,0.057098757,REQUEST_UPDATE,20.68,Expired Card needs the customer to fix their payment method — retrying won't help.,,Your payment didn't go through. Please update your card details to complete this payment.
2294.36,UPI,SBI,fraud_block,23,3,789,0,0,1,0,0.057096332,SUPPRESS,131.0,Low recovery probability (fraud block or exhausted expected value) — not worth pursuing.,,
39.47,Debit Card,Axis,fraud_block,10,0,467,0,0,0,0,0.054741863,SUPPRESS,2.16,Low recovery probability (fraud block or exhausted expected value) — not worth pursuing.,,
1801.05,Debit Card,PNB,expired_card,30,1,298,1,0,0,0,0.0539091,REQUEST_UPDATE,92.09,Expired Card needs the customer to fix their payment method — retrying won't help.,,Your payment didn't go through. Please update your card details to complete this payment.
520.18,Netbanking,HDFC,expired_card,28,2,13,1,0,0,0,0.053463407,REQUEST_UPDATE,22.81,Expired Card needs the customer to fix their payment method — retrying won't help.,,Your payment didn't go through. Please update your card details to complete this payment.
528.94,Wallet,SBI,expired_card,4,1,184,1,0,0,0,0.052735716,REQUEST_UPDATE,22.89,Expired Card needs the customer to fix their payment method — retrying won't help.,,Your payment didn't go through. Please update your card details to complete this payment.
856.49,Debit Card,HDFC,expired_card,7,0,117,0,0,0,0,0.052696917,REQUEST_UPDATE,40.13,Expired Card needs the customer to fix their payment method — retrying won't help.,,Your payment didn't go through. Please update your card details to complete this payment.
650.92,Netbanking,Kotak,fraud_block,19,1,347,0,0,0,0,0.052476455,SUPPRESS,34.16,Low recovery probability (fraud block or exhausted expected value) — not worth pursuing.,,
82.0,Netbanking,PNB,expired_card,26,1,394,0,0,0,0,0.05177552,SUPPRESS,-0.75,Expected recovery value (₹-1) too low to justify chasing.,,
2104.48,UPI,Kotak,expired_card,3,0,93,1,0,0,0,0.05055818,REQUEST_UPDATE,101.4,Expired Card needs the customer to fix their payment method — retrying won't help.,,Your payment didn't go through. Please update your card details to complete this payment.
1282.82,Debit Card,Kotak,expired_card,29,1,131,1,0,0,0,0.0502495,REQUEST_UPDATE,59.46,Expired Card needs the customer to fix their payment method — retrying won't help.,,Your payment didn't go through. Please update your card details to complete this payment.
578.09,Credit Card,Kotak,fraud_block,7,0,289,0,0,0,0,0.050026827,SUPPRESS,28.92,Low recovery probability (fraud block or exhausted expected value) — not worth pursuing.,,
934.96,Wallet,PNB,fraud_block,7,0,288,0,0,0,0,0.049589977,SUPPRESS,46.36,Low recovery probability (fraud block or exhausted expected value) — not worth pursuing.,,
769.12,Debit Card,Axis,expired_card,23,0,157,0,0,0,0,0.049296256,REQUEST_UPDATE,32.91,Expired Card needs the customer to fix their payment method — retrying won't help.,,Your payment didn't go through. Please update your card details to complete this payment.
829.9,Netbanking,Yes Bank,expired_card,1,4,657,1,0,1,0,0.048982337,REQUEST_UPDATE,35.65,Expired Card needs the customer to fix their payment method — retrying won't help.,,Your payment didn't go through. Please update your card details to complete this payment.
550.63,Debit Card,SBI,fraud_block,16,1,279,0,0,0,0,0.04856793,SUPPRESS,26.74,Low recovery probability (fraud block or exhausted expected value) — not worth pursuing.,,
121.05,Credit Card,SBI,expired_card,27,1,655,0,0,0,0,0.048176363,SUPPRESS,0.83,Expected recovery value (₹1) too low to justify chasing.,,
2665.02,Netbanking,ICICI,fraud_block,11,2,103,0,0,0,0,0.047366183,SUPPRESS,126.23,Low recovery probability (fraud block or exhausted expected value) — not worth pursuing.,,
1055.85,UPI,Yes Bank,expired_card,28,2,324,1,0,0,0,0.046623487,REQUEST_UPDATE,44.23,Expired Card needs the customer to fix their payment method — retrying won't help.,,Your payment didn't go through. Please update your card details to complete this payment.
517.43,Debit Card,SBI,expired_card,18,0,400,0,0,0,0,0.046583436,REQUEST_UPDATE,19.1,Expired Card needs the customer to fix their payment method — retrying won't help.,,Your payment didn't go through. Please update your card details to complete this payment.
937.24,Credit Card,HDFC,fraud_block,14,0,241,0,0,0,0,0.046199974,SUPPRESS,43.3,Low recovery probability (fraud block or exhausted expected value) — not worth pursuing.,,
1029.07,UPI,HDFC,fraud_block,3,1,270,1,0,0,0,0.045302276,SUPPRESS,46.62,Low recovery probability (fraud block or exhausted expected value) — not worth pursuing.,,
102.49,Netbanking,IDFC,fraud_block,1,1,366,1,0,0,0,0.044044923,SUPPRESS,4.51,Low recovery probability (fraud block or exhausted expected value) — not worth pursuing.,,
83.57,Netbanking,ICICI,expired_card,30,0,321,1,0,0,0,0.043787204,SUPPRESS,-1.34,Expected recovery value (₹-1) too low to justify chasing.,,
431.18,Wallet,Yes Bank,fraud_block,7,0,164,0,0,0,1,0.042854384,SUPPRESS,18.48,Low recovery probability (fraud block or exhausted expected value) — not worth pursuing.,,
896.78,Netbanking,ICICI,fraud_block,3,1,223,1,0,0,0,0.04273839,SUPPRESS,38.33,Low recovery probability (fraud block or exhausted expected value) — not worth pursuing.,,
1099.93,Wallet,ICICI,expired_card,2,3,866,1,0,1,0,0.04245641,REQUEST_UPDATE,41.7,Expired Card needs the customer to fix their payment method — retrying won't help.,,Your payment didn't go through. Please update your card details to complete this payment.
1822.15,Credit Card,ICICI,expired_card,30,0,77,1,0,0,1,0.042306293,REQUEST_UPDATE,72.09,Expired Card needs the customer to fix their payment method — retrying won't help.,,Your payment didn't go through. Please update your card details to complete this payment.
968.04,Debit Card,SBI,expired_card,28,2,228,1,0,0,0,0.040454276,REQUEST_UPDATE,34.16,Expired Card needs the customer to fix their payment method — retrying won't help.,,Your payment didn't go through. Please update your card details to complete this payment.
663.23,Debit Card,Axis,fraud_block,14,0,72,0,0,0,0,0.040414218,SUPPRESS,26.8,Low recovery probability (fraud block or exhausted expected value) — not worth pursuing.,,
211.48,Netbanking,HDFC,expired_card,6,3,843,0,0,1,0,0.040401205,SUPPRESS,3.54,Expected recovery value (₹4) too low to justify chasing.,,
1055.11,UPI,Axis,fraud_block,4,2,187,1,0,0,0,0.04003648,SUPPRESS,42.24,Low recovery probability (fraud block or exhausted expected value) — not worth pursuing.,,
94.12,Credit Card,SBI,expired_card,26,1,73,0,0,0,0,0.03964808,SUPPRESS,-1.27,Expected recovery value (₹-1) too low to justify chasing.,,
2321.78,UPI,Yes Bank,expired_card,16,3,84,0,0,1,0,0.039166216,REQUEST_UPDATE,85.94,Expired Card needs the customer to fix their payment method — retrying won't help.,,Your payment didn't go through. Please update your card details to complete this payment.
132.03,Netbanking,IDFC,fraud_block,14,1,189,0,0,0,0,0.039012793,SUPPRESS,5.15,Low recovery probability (fraud block or exhausted expected value) — not worth pursuing.,,
417.6,Credit Card,HDFC,fraud_block,24,0,18,0,0,0,0,0.038802337,SUPPRESS,16.2,Low recovery probability (fraud block or exhausted expected value) — not worth pursuing.,,
552.79,Debit Card,SBI,fraud_block,12,1,254,0,0,0,0,0.03795282,SUPPRESS,20.98,Low recovery probability (fraud block or exhausted expected value) — not worth pursuing.,,
394.03,Credit Card,SBI,fraud_block,13,0,105,0,0,0,1,0.036416993,SUPPRESS,14.35,Low recovery probability (fraud block or exhausted expected value) — not worth pursuing.,,
850.44,Wallet,SBI,fraud_block,13,1,90,0,0,0,0,0.036064085,SUPPRESS,30.67,Low recovery probability (fraud block or exhausted expected value) — not worth pursuing.,,
400.62,Credit Card,PNB,expired_card,10,3,89,0,0,1,0,0.03548138,SUPPRESS,9.21,Expected recovery value (₹9) too low to justify chasing.,,
337.99,Netbanking,Yes Bank,expired_card,28,0,331,1,0,0,0,0.035388,SUPPRESS,6.96,Expected recovery value (₹7) too low to justify chasing.,,
1231.57,Netbanking,ICICI,fraud_block,27,2,21,0,0,0,0,0.035265736,SUPPRESS,43.43,Low recovery probability (fraud block or exhausted expected value) — not worth pursuing.,,
17.2,Debit Card,PNB,expired_card,28,0,327,1,0,0,0,0.035108693,SUPPRESS,-4.4,Expected recovery value (₹-4) too low to justify chasing.,,
97.15,Netbanking,Yes Bank,fraud_block,8,2,256,0,0,0,0,0.03507111,SUPPRESS,3.41,Low recovery probability (fraud block or exhausted expected value) — not worth pursuing.,,
942.36,Debit Card,SBI,fraud_block,3,1,877,1,0,0,0,0.0346934,SUPPRESS,32.69,Low recovery probability (fraud block or exhausted expected value) — not worth pursuing.,,
2279.7,Netbanking,ICICI,expired_card,5,3,585,1,0,1,0,0.03391283,REQUEST_UPDATE,72.31,Expired Card needs the customer to fix their payment method — retrying won't help.,,Your payment didn't go through. Please update your card details to complete this payment.
732.01,Wallet,Kotak,fraud_block,27,0,160,0,0,0,0,0.031038841,SUPPRESS,22.72,Low recovery probability (fraud block or exhausted expected value) — not worth pursuing.,,
1516.61,Wallet,IDFC,expired_card,26,3,726,0,0,1,0,0.030926924,REQUEST_UPDATE,41.9,Expired Card needs the customer to fix their payment method — retrying won't help.,,Your payment didn't go through. Please update your card details to complete this payment.
355.76,Debit Card,Axis,fraud_block,23,2,191,0,0,0,0,0.0304232,SUPPRESS,10.82,Low recovery probability (fraud block or exhausted expected value) — not worth pursuing.,,
492.47,Credit Card,IDFC,expired_card,31,3,218,1,0,1,0,0.029749049,SUPPRESS,9.65,Expected recovery value (₹10) too low to justify chasing.,,
292.9,Netbanking,ICICI,expired_card,15,3,289,0,0,1,0,0.028679105,SUPPRESS,3.4,Expected recovery value (₹3) too low to justify chasing.,,
5070.51,Debit Card,ICICI,expired_card,21,4,479,0,0,1,0,0.028073272,REQUEST_UPDATE,137.35,Expired Card needs the customer to fix their payment method — retrying won't help.,,Your payment didn't go through. Please update your card details to complete this payment.
2168.04,Netbanking,Yes Bank,expired_card,14,3,235,0,0,1,0,0.026968753,REQUEST_UPDATE,53.47,Expired Card needs the customer to fix their payment method — retrying won't help.,,Your payment didn't go through. Please update your card details to complete this payment.
352.66,Debit Card,IDFC,fraud_block,25,2,156,0,0,0,0,0.02573972,SUPPRESS,9.08,Low recovery probability (fraud block or exhausted expected value) — not worth pursuing.,,
349.53,Netbanking,SBI,expired_card,27,4,730,0,0,1,0,0.024773028,SUPPRESS,3.66,Expected recovery value (₹4) too low to justify chasing.,,
416.66,UPI,HDFC,fraud_block,11,3,330,0,0,1,0,0.021936761,SUPPRESS,9.14,Low recovery probability (fraud block or exhausted expected value) — not worth pursuing.,,
210.57,Credit Card,SBI,expired_card,23,5,392,0,0,1,0,0.021283444,SUPPRESS,-0.52,Expected recovery value (₹-1) too low to justify chasing.,,
216.77,Credit Card,Axis,expired_card,4,3,603,1,0,1,0,0.020228632,SUPPRESS,-0.62,Expected recovery value (₹-1) too low to justify chasing.,,
1378.71,UPI,Yes Bank,expired_card,16,4,499,0,0,1,0,0.018922873,REQUEST_UPDATE,21.09,Expired Card needs the customer to fix their payment method — retrying won't help.,,Your payment didn't go through. Please update your card details to complete this payment.
43.27,UPI,HDFC,expired_card,9,3,662,0,0,1,0,0.018619362,SUPPRESS,-4.19,Expected recovery value (₹-4) too low to justify chasing.,,
1531.65,Netbanking,IDFC,expired_card,24,4,584,0,0,1,0,0.018609265,REQUEST_UPDATE,23.5,Expired Card needs the customer to fix their payment method — retrying won't help.,,Your payment didn't go through. Please update your card details to complete this payment.
1510.04,Debit Card,Kotak,expired_card,28,3,468,1,0,1,0,0.015320685,REQUEST_UPDATE,18.13,Expired Card needs the customer to fix their payment method — retrying won't help.,,Your payment didn't go through. Please update your card details to complete this payment.
512.67,Wallet,HDFC,expired_card,21,4,362,0,0,1,0,0.012269668,SUPPRESS,1.29,Expected recovery value (₹1) too low to justify chasing.,,
